date,item_id,store_id,predicted_demand
2016-04-25,FOODS_1_004,CA_1,0.18612150495543578
2016-04-25,FOODS_1_004,TX_1,0.18612150495543578
2016-04-25,FOODS_1_004,WI_1,0.18612150495543578
2016-04-25,FOODS_1_018,CA_1,8.958303523660303
2016-04-25,FOODS_1_018,TX_1,6.031643017637209
2016-04-25,FOODS_1_018,WI_1,10.721268980878897
2016-04-25,FOODS_1_032,CA_1,2.071590539615379
2016-04-25,FOODS_1_032,TX_1,4.6615808896011535
2016-04-25,FOODS_1_032,WI_1,7.585242125583367
2016-04-25,FOODS_1_043,CA_1,0.18612150495543578
2016-04-25,FOODS_1_043,TX_1,0.8272341010138764
2016-04-25,FOODS_1_043,WI_1,0.18612150495543578
2016-04-25,FOODS_1_046,CA_1,7.79754173342049
2016-04-25,FOODS_1_046,TX_1,1.6208401302337785
2016-04-25,FOODS_1_046,WI_1,5.742605475985272
2016-04-25,FOODS_1_085,CA_1,7.6251880265491145
2016-04-25,FOODS_1_085,TX_1,3.548922477407611
2016-04-25,FOODS_1_085,WI_1,12.515939214388856
2016-04-25,FOODS_1_218,CA_1,6.194220906612071
2016-04-25,FOODS_1_218,TX_1,8.538873388471297
2016-04-25,FOODS_1_218,WI_1,10.035947758496741
2016-04-25,FOODS_2_019,CA_1,14.370381694675576
2016-04-25,FOODS_2_019,TX_1,1.9727927587793639
2016-04-25,FOODS_2_019,WI_1,0.88787065689358
2016-04-25,FOODS_2_181,CA_1,5.09042079694028
2016-04-25,FOODS_2_181,TX_1,17.528236877384273
2016-04-25,FOODS_2_181,WI_1,5.787089926062082
2016-04-25,FOODS_2_197,CA_1,18.65181868371336
2016-04-25,FOODS_2_197,TX_1,2.49022777838257
2016-04-25,FOODS_2_197,WI_1,1.6633509356361915
2016-04-25,FOODS_2_276,CA_1,9.243288487076427
2016-04-25,FOODS_2_276,TX_1,3.1694856000960567
2016-04-25,FOODS_2_276,WI_1,2.539958344232993
2016-04-25,FOODS_2_347,CA_1,8.274853797197558
2016-04-25,FOODS_2_347,TX_1,5.36755023456511
2016-04-25,FOODS_2_347,WI_1,3.949114516810009
2016-04-25,FOODS_2_360,CA_1,7.235408309762376
2016-04-25,FOODS_2_360,TX_1,4.653018026515126
2016-04-25,FOODS_2_360,WI_1,12.911221503990095
2016-04-25,FOODS_3_007,CA_1,4.447257320554833
2016-04-25,FOODS_3_007,TX_1,1.8537658465299014
2016-04-25,FOODS_3_007,WI_1,2.5034382308380203
2016-04-25,FOODS_3_030,CA_1,6.098351458401722
2016-04-25,FOODS_3_030,TX_1,8.442298137841126
2016-04-25,FOODS_3_030,WI_1,5.436564254202342
2016-04-25,FOODS_3_042,CA_1,2.440074709289928
2016-04-25,FOODS_3_042,TX_1,2.2946992882003197
2016-04-25,FOODS_3_042,WI_1,12.29152809224936
2016-04-25,FOODS_3_080,CA_1,15.49867738616801
2016-04-25,FOODS_3_080,TX_1,5.1371505712932155
2016-04-25,FOODS_3_080,WI_1,10.791776441877255
2016-04-25,FOODS_3_090,CA_1,41.78833389019561
2016-04-25,FOODS_3_090,TX_1,39.54730526073532
2016-04-25,FOODS_3_090,WI_1,16.44064665643055
2016-04-25,FOODS_3_099,CA_1,13.32547053825018
2016-04-25,FOODS_3_099,TX_1,8.76358370506829
2016-04-25,FOODS_3_099,WI_1,7.363518667450631
2016-04-25,FOODS_3_120,CA_1,34.48895372864941
2016-04-25,FOODS_3_120,TX_1,14.452042299454963
2016-04-25,FOODS_3_120,WI_1,9.096652416239463
2016-04-25,FOODS_3_202,CA_1,14.28926856053048
2016-04-25,FOODS_3_202,TX_1,22.483925664768407
2016-04-25,FOODS_3_202,WI_1,9.538495117163086
2016-04-25,FOODS_3_226,CA_1,5.106387243347169
2016-04-25,FOODS_3_226,TX_1,13.111168100855743
2016-04-25,FOODS_3_226,WI_1,29.19137773898855
2016-04-25,FOODS_3_228,CA_1,6.27460662492511
2016-04-25,FOODS_3_228,TX_1,3.9145133150396676
2016-04-25,FOODS_3_228,WI_1,2.6661753634680654
2016-04-25,FOODS_3_234,CA_1,5.244444425087472
2016-04-25,FOODS_3_234,TX_1,8.230682326159018
2016-04-25,FOODS_3_234,WI_1,5.750739778404872
2016-04-25,FOODS_3_252,CA_1,30.424436842192236
2016-04-25,FOODS_3_252,TX_1,26.761964245249086
2016-04-25,FOODS_3_252,WI_1,7.9694246238488855
2016-04-25,FOODS_3_281,CA_1,7.348793012209619
2016-04-25,FOODS_3_281,TX_1,2.6613609977071997
2016-04-25,FOODS_3_281,WI_1,6.001977612230929
2016-04-25,FOODS_3_282,CA_1,17.83152692808319
2016-04-25,FOODS_3_282,TX_1,13.78018981633262
2016-04-25,FOODS_3_282,WI_1,10.534636379335618
2016-04-25,FOODS_3_288,CA_1,13.695863600430311
2016-04-25,FOODS_3_288,TX_1,12.992593654670147
2016-04-25,FOODS_3_288,WI_1,8.17037001569095
2016-04-25,FOODS_3_295,CA_1,20.501471307295155
2016-04-25,FOODS_3_295,TX_1,5.896264491312866
2016-04-25,FOODS_3_295,WI_1,8.707063791239374
2016-04-25,FOODS_3_318,CA_1,8.644954863128701
2016-04-25,FOODS_3_318,TX_1,6.803205106722681
2016-04-25,FOODS_3_318,WI_1,11.231993826745747
2016-04-25,FOODS_3_319,CA_1,0.2127412705061783
2016-04-25,FOODS_3_319,TX_1,0.17397799426677862
2016-04-25,FOODS_3_319,WI_1,0.1706207384995173
2016-04-25,FOODS_3_329,CA_1,9.549573680314074
2016-04-25,FOODS_3_329,TX_1,11.001372316113022
2016-04-25,FOODS_3_329,WI_1,8.067365274564544
2016-04-25,FOODS_3_362,CA_1,13.852423365778355
2016-04-25,FOODS_3_362,TX_1,7.607994892769043
2016-04-25,FOODS_3_362,WI_1,7.953876152935123
2016-04-25,FOODS_3_376,CA_1,4.1582056103193175
2016-04-25,FOODS_3_376,TX_1,8.469311534914663
2016-04-25,FOODS_3_376,WI_1,2.5674262362465923
2016-04-25,FOODS_3_377,CA_1,6.407600437168153
2016-04-25,FOODS_3_377,TX_1,11.207198340812038
2016-04-25,FOODS_3_377,WI_1,4.158871308103628
2016-04-25,FOODS_3_389,CA_1,6.1205901797698665
2016-04-25,FOODS_3_389,TX_1,12.664055548406912
2016-04-25,FOODS_3_389,WI_1,2.2265644937048212
2016-04-25,FOODS_3_406,CA_1,11.822585575547905
2016-04-25,FOODS_3_406,TX_1,3.366156179982492
2016-04-25,FOODS_3_406,WI_1,5.155980058272043
2016-04-25,FOODS_3_455,CA_1,7.540604738143718
2016-04-25,FOODS_3_455,TX_1,9.134736750460338
2016-04-25,FOODS_3_455,WI_1,0.9404374729005819
2016-04-25,FOODS_3_458,CA_1,6.119569457841586
2016-04-25,FOODS_3_458,TX_1,5.576705765077145
2016-04-25,FOODS_3_458,WI_1,3.308516876154755
2016-04-25,FOODS_3_462,CA_1,5.1261524743746865
2016-04-25,FOODS_3_462,TX_1,7.919102693835282
2016-04-25,FOODS_3_462,WI_1,2.6499079103396266
2016-04-25,FOODS_3_491,CA_1,8.94189257133857
2016-04-25,FOODS_3_491,TX_1,4.407964652509897
2016-04-25,FOODS_3_491,WI_1,15.2654025878403
2016-04-25,FOODS_3_499,CA_1,12.316529675470344
2016-04-25,FOODS_3_499,TX_1,5.719020213805896
2016-04-25,FOODS_3_499,WI_1,5.228937381997451
2016-04-25,FOODS_3_501,CA_1,14.467728857049302
2016-04-25,FOODS_3_501,TX_1,4.9598689582062
2016-04-25,FOODS_3_501,WI_1,7.315835390621499
2016-04-25,FOODS_3_516,CA_1,7.579700295658276
2016-04-25,FOODS_3_516,TX_1,5.6896929494870365
2016-04-25,FOODS_3_516,WI_1,8.041599835920145
2016-04-25,FOODS_3_541,CA_1,0.18987846752362228
2016-04-25,FOODS_3_541,TX_1,0.19236038619285722
2016-04-25,FOODS_3_541,WI_1,0.16937902718922712
2016-04-25,FOODS_3_547,CA_1,0.3945008255099637
2016-04-25,FOODS_3_547,TX_1,0.9764554108308693
2016-04-25,FOODS_3_547,WI_1,3.8597981322236774
2016-04-25,FOODS_3_555,CA_1,15.453757751121481
2016-04-25,FOODS_3_555,TX_1,25.274678403646806
2016-04-25,FOODS_3_555,WI_1,8.029136909183677
2016-04-25,FOODS_3_586,CA_1,31.734669141011928
2016-04-25,FOODS_3_586,TX_1,49.912606908206236
2016-04-25,FOODS_3_586,WI_1,12.695988479752765
2016-04-25,FOODS_3_587,CA_1,16.91398022528219
2016-04-25,FOODS_3_587,TX_1,21.049543862370356
2016-04-25,FOODS_3_587,WI_1,12.167983702168733
2016-04-25,FOODS_3_607,CA_1,9.755197141469838
2016-04-25,FOODS_3_607,TX_1,15.157681523288243
2016-04-25,FOODS_3_607,WI_1,2.4799202096322905
2016-04-25,FOODS_3_635,CA_1,0.1862923968399758
2016-04-25,FOODS_3_635,TX_1,0.27954701117971315
2016-04-25,FOODS_3_635,WI_1,0.16782492642093153
2016-04-25,FOODS_3_668,CA_1,6.851703153193505
2016-04-25,FOODS_3_668,TX_1,1.9016209703577447
2016-04-25,FOODS_3_668,WI_1,10.017719986129768
2016-04-25,FOODS_3_681,CA_1,15.537704447173075
2016-04-25,FOODS_3_681,TX_1,31.68638147834835
2016-04-25,FOODS_3_681,WI_1,2.5066480937777715
2016-04-25,FOODS_3_694,CA_1,8.837655372900747
2016-04-25,FOODS_3_694,TX_1,15.635635105419004
2016-04-25,FOODS_3_694,WI_1,17.19450435929485
2016-04-25,FOODS_3_702,CA_1,10.116144211390102
2016-04-25,FOODS_3_702,TX_1,5.192735178596572
2016-04-25,FOODS_3_702,WI_1,17.140055504093624
2016-04-25,FOODS_3_711,CA_1,3.3935558209130376
2016-04-25,FOODS_3_711,TX_1,3.6635618694113457
2016-04-25,FOODS_3_711,WI_1,5.046947023443564
2016-04-25,FOODS_3_714,CA_1,13.211665124782913
2016-04-25,FOODS_3_714,TX_1,15.551947146062895
2016-04-25,FOODS_3_714,WI_1,14.248403374370808
2016-04-25,FOODS_3_723,CA_1,10.945550501912829
2016-04-25,FOODS_3_723,TX_1,14.070287366223413
2016-04-25,FOODS_3_723,WI_1,8.590077571890781
2016-04-25,FOODS_3_739,CA_1,12.265227391877975
2016-04-25,FOODS_3_739,TX_1,11.047475545950542
2016-04-25,FOODS_3_739,WI_1,8.173893149438127
2016-04-25,FOODS_3_741,CA_1,13.00645419020666
2016-04-25,FOODS_3_741,TX_1,1.5481204789745215
2016-04-25,FOODS_3_741,WI_1,1.500775058662994
2016-04-25,FOODS_3_744,CA_1,8.195972327513145
2016-04-25,FOODS_3_744,TX_1,1.9462847414215694
2016-04-25,FOODS_3_744,WI_1,4.214182556310956
2016-04-25,FOODS_3_752,CA_1,3.7592703166863863
2016-04-25,FOODS_3_752,TX_1,4.18696498585186
2016-04-25,FOODS_3_752,WI_1,5.294593695512775
2016-04-25,FOODS_3_755,CA_1,12.094746322086205
2016-04-25,FOODS_3_755,TX_1,1.7259397954207558
2016-04-25,FOODS_3_755,WI_1,3.4988308832016632
2016-04-25,FOODS_3_764,CA_1,5.807043311818092
2016-04-25,FOODS_3_764,TX_1,7.193947434128389
2016-04-25,FOODS_3_764,WI_1,6.576336886022585
2016-04-25,FOODS_3_785,CA_1,16.92736928364082
2016-04-25,FOODS_3_785,TX_1,14.971830810914474
2016-04-25,FOODS_3_785,WI_1,24.955275566196857
2016-04-25,FOODS_3_808,CA_1,0.3042229816251124
2016-04-25,FOODS_3_808,TX_1,0.17986759328019147
2016-04-25,FOODS_3_808,WI_1,0.16608471225544608
2016-04-25,FOODS_3_811,CA_1,16.34092628157253
2016-04-25,FOODS_3_811,TX_1,16.72771841400153
2016-04-25,FOODS_3_811,WI_1,2.678330887940214
2016-04-25,HOBBIES_1_268,CA_1,12.701996354127669
2016-04-25,HOBBIES_1_268,TX_1,4.514602819685174
2016-04-25,HOBBIES_1_268,WI_1,4.69205438726697
2016-04-25,HOBBIES_1_348,CA_1,5.693485767581556
2016-04-25,HOBBIES_1_348,TX_1,3.6340513698259587
2016-04-25,HOBBIES_1_348,WI_1,5.216199248935678
2016-04-25,HOBBIES_1_371,CA_1,10.311693050664376
2016-04-25,HOBBIES_1_371,TX_1,0.7287328848733623
2016-04-25,HOBBIES_1_371,WI_1,6.098555492440709
2016-04-25,HOUSEHOLD_1_303,CA_1,5.009357375252396
2016-04-25,HOUSEHOLD_1_303,TX_1,5.763801235678541
2016-04-25,HOUSEHOLD_1_303,WI_1,4.223758729317484
2016-04-25,HOUSEHOLD_1_327,CA_1,5.353440783565836
2016-04-25,HOUSEHOLD_1_327,TX_1,3.1246165172796787
2016-04-25,HOUSEHOLD_1_327,WI_1,3.942187576767842
2016-04-25,HOUSEHOLD_1_334,CA_1,9.160486623282274
2016-04-25,HOUSEHOLD_1_334,TX_1,8.067392692354261
2016-04-25,HOUSEHOLD_1_334,WI_1,5.453817244337844
2016-04-25,HOUSEHOLD_1_459,CA_1,2.7683798409365066
2016-04-25,HOUSEHOLD_1_459,TX_1,6.729355035981505
2016-04-25,HOUSEHOLD_1_459,WI_1,5.594052958018787
2016-04-25,HOUSEHOLD_1_521,CA_1,4.705303945758064
2016-04-25,HOUSEHOLD_1_521,TX_1,10.309056962225581
2016-04-25,HOUSEHOLD_1_521,WI_1,3.5948049299974065
2016-04-26,FOODS_1_004,CA_1,0.08659677598244293
2016-04-26,FOODS_1_004,TX_1,0.08659677598244293
2016-04-26,FOODS_1_004,WI_1,0.08659677598244293
2016-04-26,FOODS_1_018,CA_1,9.03944077151459
2016-04-26,FOODS_1_018,TX_1,5.978114234655298
2016-04-26,FOODS_1_018,WI_1,10.510611467269243
2016-04-26,FOODS_1_032,CA_1,2.0836901161323755
2016-04-26,FOODS_1_032,TX_1,4.74900014277759
2016-04-26,FOODS_1_032,WI_1,7.597894415201791
2016-04-26,FOODS_1_043,CA_1,0.08659677598244293
2016-04-26,FOODS_1_043,TX_1,2.0872619795782903
2016-04-26,FOODS_1_043,WI_1,0.08659677598244293
2016-04-26,FOODS_1_046,CA_1,7.0245224888356566
2016-04-26,FOODS_1_046,TX_1,2.095779396619837
2016-04-26,FOODS_1_046,WI_1,5.126303981834902
2016-04-26,FOODS_1_085,CA_1,8.134127168851833
2016-04-26,FOODS_1_085,TX_1,3.572166568991012
2016-04-26,FOODS_1_085,WI_1,11.667979520640966
2016-04-26,FOODS_1_218,CA_1,5.769395801170876
2016-04-26,FOODS_1_218,TX_1,7.03207498282164
2016-04-26,FOODS_1_218,WI_1,9.087003396306603
2016-04-26,FOODS_2_019,CA_1,13.667741552834295
2016-04-26,FOODS_2_019,TX_1,1.6138097268052187
2016-04-26,FOODS_2_019,WI_1,0.886533809803709
2016-04-26,FOODS_2_181,CA_1,5.04781706090208
2016-04-26,FOODS_2_181,TX_1,14.792309767662324
2016-04-26,FOODS_2_181,WI_1,5.431754555765348
2016-04-26,FOODS_2_197,CA_1,17.13155236222378
2016-04-26,FOODS_2_197,TX_1,2.463538933594167
2016-04-26,FOODS_2_197,WI_1,1.7310853479534924
2016-04-26,FOODS_2_276,CA_1,8.553253367491092
2016-04-26,FOODS_2_276,TX_1,2.6982635402491764
2016-04-26,FOODS_2_276,WI_1,2.5367025883334686
2016-04-26,FOODS_2_347,CA_1,8.935862758650885
2016-04-26,FOODS_2_347,TX_1,5.4264596562216445
2016-04-26,FOODS_2_347,WI_1,3.7619147797089996
2016-04-26,FOODS_2_360,CA_1,7.152791386748814
2016-04-26,FOODS_2_360,TX_1,5.043759372641381
2016-04-26,FOODS_2_360,WI_1,12.203562619568645
2016-04-26,FOODS_3_007,CA_1,6.282068286904422
2016-04-26,FOODS_3_007,TX_1,2.0523846424639545
2016-04-26,FOODS_3_007,WI_1,2.71283901684405
2016-04-26,FOODS_3_030,CA_1,6.145020304192733
2016-04-26,FOODS_3_030,TX_1,7.818424633548589
2016-04-26,FOODS_3_030,WI_1,5.13655038715936
2016-04-26,FOODS_3_042,CA_1,2.588441075899779
2016-04-26,FOODS_3_042,TX_1,2.4760513608776353
2016-04-26,FOODS_3_042,WI_1,12.305757326105182
2016-04-26,FOODS_3_080,CA_1,15.47796401803384
2016-04-26,FOODS_3_080,TX_1,4.993145468871917
2016-04-26,FOODS_3_080,WI_1,10.397834371670093
2016-04-26,FOODS_3_090,CA_1,43.71609561486591
2016-04-26,FOODS_3_090,TX_1,36.76173145269895
2016-04-26,FOODS_3_090,WI_1,16.88433341597775
2016-04-26,FOODS_3_099,CA_1,11.690279859942482
2016-04-26,FOODS_3_099,TX_1,8.055073968592607
2016-04-26,FOODS_3_099,WI_1,7.16476886958602
2016-04-26,FOODS_3_120,CA_1,34.5782870479454
2016-04-26,FOODS_3_120,TX_1,12.866669717456066
2016-04-26,FOODS_3_120,WI_1,8.391125232741535
2016-04-26,FOODS_3_202,CA_1,13.206536140589172
2016-04-26,FOODS_3_202,TX_1,20.409630483199923
2016-04-26,FOODS_3_202,WI_1,9.323479078636366
2016-04-26,FOODS_3_226,CA_1,5.147832642760047
2016-04-26,FOODS_3_226,TX_1,12.912464064945294
2016-04-26,FOODS_3_226,WI_1,27.41003809660738
2016-04-26,FOODS_3_228,CA_1,6.012847852503629
2016-04-26,FOODS_3_228,TX_1,3.868438731977093
2016-04-26,FOODS_3_228,WI_1,2.6907316321134322
2016-04-26,FOODS_3_234,CA_1,4.657208794937098
2016-04-26,FOODS_3_234,TX_1,6.79377959242208
2016-04-26,FOODS_3_234,WI_1,7.221149444081869
2016-04-26,FOODS_3_252,CA_1,30.123116291877885
2016-04-26,FOODS_3_252,TX_1,24.977365657129095
2016-04-26,FOODS_3_252,WI_1,7.240143376164692
2016-04-26,FOODS_3_281,CA_1,7.142363850977128
2016-04-26,FOODS_3_281,TX_1,2.680185435344926
2016-04-26,FOODS_3_281,WI_1,5.242148112066024
2016-04-26,FOODS_3_282,CA_1,15.669093502426955
2016-04-26,FOODS_3_282,TX_1,10.8172446133772
2016-04-26,FOODS_3_282,WI_1,10.03264402327605
2016-04-26,FOODS_3_288,CA_1,13.623701682326622
2016-04-26,FOODS_3_288,TX_1,12.60773742164804
2016-04-26,FOODS_3_288,WI_1,8.479080072567532
2016-04-26,FOODS_3_295,CA_1,22.109224062890462
2016-04-26,FOODS_3_295,TX_1,5.999777153243953
2016-04-26,FOODS_3_295,WI_1,8.038570520999714
2016-04-26,FOODS_3_318,CA_1,8.96208742358962
2016-04-26,FOODS_3_318,TX_1,6.212908038601824
2016-04-26,FOODS_3_318,WI_1,12.81371319058243
2016-04-26,FOODS_3_319,CA_1,0.20269809547414777
2016-04-26,FOODS_3_319,TX_1,0.16699918484602136
2016-04-26,FOODS_3_319,WI_1,0.16631456162726216
2016-04-26,FOODS_3_329,CA_1,9.837144630905163
2016-04-26,FOODS_3_329,TX_1,9.883506439057983
2016-04-26,FOODS_3_329,WI_1,7.244043751109184
2016-04-26,FOODS_3_362,CA_1,12.33350874093447
2016-04-26,FOODS_3_362,TX_1,6.981108397852162
2016-04-26,FOODS_3_362,WI_1,7.866378356707348
2016-04-26,FOODS_3_376,CA_1,3.782487883587332
2016-04-26,FOODS_3_376,TX_1,8.21683854560563
2016-04-26,FOODS_3_376,WI_1,2.569098264759782
2016-04-26,FOODS_3_377,CA_1,7.0725205140439575
2016-04-26,FOODS_3_377,TX_1,10.951591598555945
2016-04-26,FOODS_3_377,WI_1,4.266637435074049
2016-04-26,FOODS_3_389,CA_1,6.141539307727551
2016-04-26,FOODS_3_389,TX_1,11.69604166493681
2016-04-26,FOODS_3_389,WI_1,2.17794805244251
2016-04-26,FOODS_3_406,CA_1,10.458862602673456
2016-04-26,FOODS_3_406,TX_1,3.5648140282539718
2016-04-26,FOODS_3_406,WI_1,4.940410696854773
2016-04-26,FOODS_3_455,CA_1,6.169853985192402
2016-04-26,FOODS_3_455,TX_1,9.211796766576615
2016-04-26,FOODS_3_455,WI_1,0.9753287765561437
2016-04-26,FOODS_3_458,CA_1,5.5841980063493
2016-04-26,FOODS_3_458,TX_1,5.218804455596176
2016-04-26,FOODS_3_458,WI_1,3.422290273692955
2016-04-26,FOODS_3_462,CA_1,4.627282842592575
2016-04-26,FOODS_3_462,TX_1,7.900764604728668
2016-04-26,FOODS_3_462,WI_1,2.643687141173994
2016-04-26,FOODS_3_491,CA_1,8.63406708318195
2016-04-26,FOODS_3_491,TX_1,4.690188762233535
2016-04-26,FOODS_3_491,WI_1,14.751553323331132
2016-04-26,FOODS_3_499,CA_1,11.87873599512162
2016-04-26,FOODS_3_499,TX_1,6.204653409158607
2016-04-26,FOODS_3_499,WI_1,5.376580497006009
2016-04-26,FOODS_3_501,CA_1,13.280098872417348
2016-04-26,FOODS_3_501,TX_1,4.8839769935711175
2016-04-26,FOODS_3_501,WI_1,5.635113501944571
2016-04-26,FOODS_3_516,CA_1,7.656740329950549
2016-04-26,FOODS_3_516,TX_1,5.6538593111097635
2016-04-26,FOODS_3_516,WI_1,7.829741005289577
2016-04-26,FOODS_3_541,CA_1,0.10603288877674277
2016-04-26,FOODS_3_541,TX_1,0.18640696198677018
2016-04-26,FOODS_3_541,WI_1,0.16799652855535296
2016-04-26,FOODS_3_547,CA_1,0.4603846381980254
2016-04-26,FOODS_3_547,TX_1,2.0467013341434654
2016-04-26,FOODS_3_547,WI_1,3.4647720889221505
2016-04-26,FOODS_3_555,CA_1,15.080001164336297
2016-04-26,FOODS_3_555,TX_1,22.264359254825326
2016-04-26,FOODS_3_555,WI_1,7.831690139427698
2016-04-26,FOODS_3_586,CA_1,31.78720580803045
2016-04-26,FOODS_3_586,TX_1,43.401894490407216
2016-04-26,FOODS_3_586,WI_1,11.714484193996322
2016-04-26,FOODS_3_587,CA_1,15.142460777150614
2016-04-26,FOODS_3_587,TX_1,17.922674791194687
2016-04-26,FOODS_3_587,WI_1,11.79261515949857
2016-04-26,FOODS_3_607,CA_1,8.730403575320558
2016-04-26,FOODS_3_607,TX_1,11.790267565839956
2016-04-26,FOODS_3_607,WI_1,2.5290917644265876
2016-04-26,FOODS_3_635,CA_1,0.18161664332512104
2016-04-26,FOODS_3_635,TX_1,0.27359358697362607
2016-04-26,FOODS_3_635,WI_1,0.16083004988449826
2016-04-26,FOODS_3_668,CA_1,6.83108676186445
2016-04-26,FOODS_3_668,TX_1,2.055499827865761
2016-04-26,FOODS_3_668,WI_1,10.410188869629124
2016-04-26,FOODS_3_681,CA_1,15.635157119754886
2016-04-26,FOODS_3_681,TX_1,31.38577220732477
2016-04-26,FOODS_3_681,WI_1,2.5389541131951074
2016-04-26,FOODS_3_694,CA_1,8.491768950235077
2016-04-26,FOODS_3_694,TX_1,15.222864591737592
2016-04-26,FOODS_3_694,WI_1,15.053211733802033
2016-04-26,FOODS_3_702,CA_1,9.994394438666033
2016-04-26,FOODS_3_702,TX_1,4.778873760308431
2016-04-26,FOODS_3_702,WI_1,15.925537747877568
2016-04-26,FOODS_3_711,CA_1,2.569696476369109
2016-04-26,FOODS_3_711,TX_1,3.7264146739549115
2016-04-26,FOODS_3_711,WI_1,4.849976354589415
2016-04-26,FOODS_3_714,CA_1,12.147785636788823
2016-04-26,FOODS_3_714,TX_1,15.346277980143878
2016-04-26,FOODS_3_714,WI_1,13.60839819665646
2016-04-26,FOODS_3_723,CA_1,11.21269151954934
2016-04-26,FOODS_3_723,TX_1,13.55830332126121
2016-04-26,FOODS_3_723,WI_1,8.712622592100383
2016-04-26,FOODS_3_739,CA_1,11.129519634756507
2016-04-26,FOODS_3_739,TX_1,11.151272730755723
2016-04-26,FOODS_3_739,WI_1,8.097766560296826
2016-04-26,FOODS_3_741,CA_1,13.29309479049788
2016-04-26,FOODS_3_741,TX_1,1.600123142196793
2016-04-26,FOODS_3_741,WI_1,1.5615877633014856
2016-04-26,FOODS_3_744,CA_1,7.736786618299169
2016-04-26,FOODS_3_744,TX_1,2.1798745150690704
2016-04-26,FOODS_3_744,WI_1,4.0282943281181085
2016-04-26,FOODS_3_752,CA_1,3.94642937948553
2016-04-26,FOODS_3_752,TX_1,4.170156827738971
2016-04-26,FOODS_3_752,WI_1,5.651708346668946
2016-04-26,FOODS_3_755,CA_1,10.79960046747565
2016-04-26,FOODS_3_755,TX_1,1.8201566284571669
2016-04-26,FOODS_3_755,WI_1,3.483860027721334
2016-04-26,FOODS_3_764,CA_1,5.801553402270067
2016-04-26,FOODS_3_764,TX_1,6.11102333716388
2016-04-26,FOODS_3_764,WI_1,6.115527377971115
2016-04-26,FOODS_3_785,CA_1,17.91411854195509
2016-04-26,FOODS_3_785,TX_1,13.556262059668354
2016-04-26,FOODS_3_785,WI_1,16.198307093938165
2016-04-26,FOODS_3_808,CA_1,0.21107162926939435
2016-04-26,FOODS_3_808,TX_1,0.17325989628897265
2016-04-26,FOODS_3_808,WI_1,0.15640300839352098
2016-04-26,FOODS_3_811,CA_1,15.67123701541696
2016-04-26,FOODS_3_811,TX_1,15.316776166951815
2016-04-26,FOODS_3_811,WI_1,2.7673154427352373
2016-04-26,HOBBIES_1_268,CA_1,11.15079798988983
2016-04-26,HOBBIES_1_268,TX_1,4.702858955155879
2016-04-26,HOBBIES_1_268,WI_1,4.801715881792838
2016-04-26,HOBBIES_1_348,CA_1,5.22915631342423
2016-04-26,HOBBIES_1_348,TX_1,3.294346922064224
2016-04-26,HOBBIES_1_348,WI_1,4.627949672559263
2016-04-26,HOBBIES_1_371,CA_1,9.117246474852193
2016-04-26,HOBBIES_1_371,TX_1,2.1375417936983165
2016-04-26,HOBBIES_1_371,WI_1,5.65708669453777
2016-04-26,HOUSEHOLD_1_303,CA_1,5.0117893607560395
2016-04-26,HOUSEHOLD_1_303,TX_1,5.579135183657904
2016-04-26,HOUSEHOLD_1_303,WI_1,3.732487168880067
2016-04-26,HOUSEHOLD_1_327,CA_1,5.258782202759182
2016-04-26,HOUSEHOLD_1_327,TX_1,3.129446308929892
2016-04-26,HOUSEHOLD_1_327,WI_1,3.6651712865418973
2016-04-26,HOUSEHOLD_1_334,CA_1,9.23140472023922
2016-04-26,HOUSEHOLD_1_334,TX_1,8.483546039794602
2016-04-26,HOUSEHOLD_1_334,WI_1,5.553597542366945
2016-04-26,HOUSEHOLD_1_459,CA_1,2.7426042691267454
2016-04-26,HOUSEHOLD_1_459,TX_1,6.455789852588265
2016-04-26,HOUSEHOLD_1_459,WI_1,5.549856260934807
2016-04-26,HOUSEHOLD_1_521,CA_1,4.380740507170828
2016-04-26,HOUSEHOLD_1_521,TX_1,10.09731825294125
2016-04-26,HOUSEHOLD_1_521,WI_1,3.6202533724531123
2016-04-27,FOODS_1_004,CA_1,0.08296717692434523
2016-04-27,FOODS_1_004,TX_1,0.08296717692434523
2016-04-27,FOODS_1_004,WI_1,0.08296717692434523
2016-04-27,FOODS_1_018,CA_1,10.489903789700739
2016-04-27,FOODS_1_018,TX_1,6.030078399093312
2016-04-27,FOODS_1_018,WI_1,10.532292492375086
2016-04-27,FOODS_1_032,CA_1,2.1706373060712885
2016-04-27,FOODS_1_032,TX_1,4.900035488133345
2016-04-27,FOODS_1_032,WI_1,7.379349724296641
2016-04-27,FOODS_1_043,CA_1,0.08296717692434523
2016-04-27,FOODS_1_043,TX_1,5.7412964388864465
2016-04-27,FOODS_1_043,WI_1,0.08296717692434523
2016-04-27,FOODS_1_046,CA_1,7.009975812102237
2016-04-27,FOODS_1_046,TX_1,1.8158637722132918
2016-04-27,FOODS_1_046,WI_1,5.2103061390635075
2016-04-27,FOODS_1_085,CA_1,8.037918993636303
2016-04-27,FOODS_1_085,TX_1,3.523548620654339
2016-04-27,FOODS_1_085,WI_1,10.912512290071376
2016-04-27,FOODS_1_218,CA_1,5.801986091881459
2016-04-27,FOODS_1_218,TX_1,7.297702814611548
2016-04-27,FOODS_1_218,WI_1,8.77079339854025
2016-04-27,FOODS_2_019,CA_1,13.439647031821272
2016-04-27,FOODS_2_019,TX_1,1.6455968281919278
2016-04-27,FOODS_2_019,WI_1,0.888693671296691
2016-04-27,FOODS_2_181,CA_1,5.155408229730457
2016-04-27,FOODS_2_181,TX_1,14.543706250080001
2016-04-27,FOODS_2_181,WI_1,5.560921944775671
2016-04-27,FOODS_2_197,CA_1,15.153226563886427
2016-04-27,FOODS_2_197,TX_1,2.7443039878863216
2016-04-27,FOODS_2_197,WI_1,1.742829184294551
2016-04-27,FOODS_2_276,CA_1,8.125422371170385
2016-04-27,FOODS_2_276,TX_1,2.702799946914924
2016-04-27,FOODS_2_276,WI_1,2.52767868797555
2016-04-27,FOODS_2_347,CA_1,8.850874938410607
2016-04-27,FOODS_2_347,TX_1,5.939953400949857
2016-04-27,FOODS_2_347,WI_1,3.9752296875516264
2016-04-27,FOODS_2_360,CA_1,7.551114523847376
2016-04-27,FOODS_2_360,TX_1,4.5301261747458135
2016-04-27,FOODS_2_360,WI_1,12.982671192245904
2016-04-27,FOODS_3_007,CA_1,7.848020709498392
2016-04-27,FOODS_3_007,TX_1,2.047692425847002
2016-04-27,FOODS_3_007,WI_1,3.308580649447898
2016-04-27,FOODS_3_030,CA_1,6.230711080632038
2016-04-27,FOODS_3_030,TX_1,7.740696217060535
2016-04-27,FOODS_3_030,WI_1,5.238037739758216
2016-04-27,FOODS_3_042,CA_1,2.6287805963116666
2016-04-27,FOODS_3_042,TX_1,2.2794457173650784
2016-04-27,FOODS_3_042,WI_1,12.392593891463857
2016-04-27,FOODS_3_080,CA_1,15.460114000430973
2016-04-27,FOODS_3_080,TX_1,4.992315337265691
2016-04-27,FOODS_3_080,WI_1,10.544246578588597
2016-04-27,FOODS_3_090,CA_1,42.8772893461768
2016-04-27,FOODS_3_090,TX_1,37.010909841593076
2016-04-27,FOODS_3_090,WI_1,16.919928028440513
2016-04-27,FOODS_3_099,CA_1,11.175612073120945
2016-04-27,FOODS_3_099,TX_1,8.039189082133728
2016-04-27,FOODS_3_099,WI_1,7.350178837284093
2016-04-27,FOODS_3_120,CA_1,25.921028254910194
2016-04-27,FOODS_3_120,TX_1,13.700297041257944
2016-04-27,FOODS_3_120,WI_1,8.020990325575525
2016-04-27,FOODS_3_202,CA_1,13.154523235922419
2016-04-27,FOODS_3_202,TX_1,18.759656032058373
2016-04-27,FOODS_3_202,WI_1,9.194194876375473
2016-04-27,FOODS_3_226,CA_1,5.238379771460156
2016-04-27,FOODS_3_226,TX_1,13.311083850859072
2016-04-27,FOODS_3_226,WI_1,28.170917361090105
2016-04-27,FOODS_3_228,CA_1,5.893174559956204
2016-04-27,FOODS_3_228,TX_1,3.7579793086619473
2016-04-27,FOODS_3_228,WI_1,2.7360027814867403
2016-04-27,FOODS_3_234,CA_1,9.403300982777521
2016-04-27,FOODS_3_234,TX_1,7.104837661597915
2016-04-27,FOODS_3_234,WI_1,5.563241244238885
2016-04-27,FOODS_3_252,CA_1,29.49329063530786
2016-04-27,FOODS_3_252,TX_1,25.458132300220687
2016-04-27,FOODS_3_252,WI_1,7.641011882958672
2016-04-27,FOODS_3_281,CA_1,7.1886228226098545
2016-04-27,FOODS_3_281,TX_1,2.6052817253134664
2016-04-27,FOODS_3_281,WI_1,5.363542213463835
2016-04-27,FOODS_3_282,CA_1,15.11315992028883
2016-04-27,FOODS_3_282,TX_1,10.09421457861488
2016-04-27,FOODS_3_282,WI_1,10.61242706180443
2016-04-27,FOODS_3_288,CA_1,14.154667956834091
2016-04-27,FOODS_3_288,TX_1,12.069664418435284
2016-04-27,FOODS_3_288,WI_1,8.461777076358633
2016-04-27,FOODS_3_295,CA_1,16.74319689103123
2016-04-27,FOODS_3_295,TX_1,5.884850579294625
2016-04-27,FOODS_3_295,WI_1,8.142329238655702
2016-04-27,FOODS_3_318,CA_1,8.721477414531149
2016-04-27,FOODS_3_318,TX_1,6.231862205295642
2016-04-27,FOODS_3_318,WI_1,12.426886683462902
2016-04-27,FOODS_3_319,CA_1,0.18854086293251635
2016-04-27,FOODS_3_319,TX_1,0.1734089313087874
2016-04-27,FOODS_3_319,WI_1,0.1570903516298041
2016-04-27,FOODS_3_329,CA_1,9.01740632653125
2016-04-27,FOODS_3_329,TX_1,9.280744480498168
2016-04-27,FOODS_3_329,WI_1,7.030017449473583
2016-04-27,FOODS_3_362,CA_1,12.864857851251488
2016-04-27,FOODS_3_362,TX_1,5.963147626421305
2016-04-27,FOODS_3_362,WI_1,8.190398610277736
2016-04-27,FOODS_3_376,CA_1,3.7951609248054172
2016-04-27,FOODS_3_376,TX_1,8.366021835136221
2016-04-27,FOODS_3_376,WI_1,2.5042759287401033
2016-04-27,FOODS_3_377,CA_1,7.038309255069969
2016-04-27,FOODS_3_377,TX_1,11.411677290731626
2016-04-27,FOODS_3_377,WI_1,3.9414793708900704
2016-04-27,FOODS_3_389,CA_1,5.996759567054973
2016-04-27,FOODS_3_389,TX_1,11.579955420315137
2016-04-27,FOODS_3_389,WI_1,2.29421783041488
2016-04-27,FOODS_3_406,CA_1,9.95922970437943
2016-04-27,FOODS_3_406,TX_1,3.041856514381499
2016-04-27,FOODS_3_406,WI_1,4.841561142649294
2016-04-27,FOODS_3_455,CA_1,6.154764208033872
2016-04-27,FOODS_3_455,TX_1,8.408749388061105
2016-04-27,FOODS_3_455,WI_1,0.9849732999667057
2016-04-27,FOODS_3_458,CA_1,5.413000465029944
2016-04-27,FOODS_3_458,TX_1,5.273861081478077
2016-04-27,FOODS_3_458,WI_1,3.592041108216837
2016-04-27,FOODS_3_462,CA_1,4.811682329671711
2016-04-27,FOODS_3_462,TX_1,7.777530593217388
2016-04-27,FOODS_3_462,WI_1,2.6771526787434987
2016-04-27,FOODS_3_491,CA_1,8.361592026148509
2016-04-27,FOODS_3_491,TX_1,4.350591251613254
2016-04-27,FOODS_3_491,WI_1,14.849095124610006
2016-04-27,FOODS_3_499,CA_1,11.814846815960742
2016-04-27,FOODS_3_499,TX_1,5.184250426125103
2016-04-27,FOODS_3_499,WI_1,5.375004550788708
2016-04-27,FOODS_3_501,CA_1,12.858334136603627
2016-04-27,FOODS_3_501,TX_1,5.068810787142836
2016-04-27,FOODS_3_501,WI_1,5.741329017203303
2016-04-27,FOODS_3_516,CA_1,8.338706998046606
2016-04-27,FOODS_3_516,TX_1,5.517103509825805
2016-04-27,FOODS_3_516,WI_1,7.903536061335387
2016-04-27,FOODS_3_541,CA_1,0.10810726251632799
2016-04-27,FOODS_3_541,TX_1,0.3899060766841367
2016-04-27,FOODS_3_541,WI_1,0.16689102006531187
2016-04-27,FOODS_3_547,CA_1,0.25654220843669817
2016-04-27,FOODS_3_547,TX_1,2.393861775799548
2016-04-27,FOODS_3_547,WI_1,3.7008055639147295
2016-04-27,FOODS_3_555,CA_1,14.807586288724137
2016-04-27,FOODS_3_555,TX_1,21.389667948084945
2016-04-27,FOODS_3_555,WI_1,7.845218892380619
2016-04-27,FOODS_3_586,CA_1,28.809840494632052
2016-04-27,FOODS_3_586,TX_1,44.41061047660866
2016-04-27,FOODS_3_586,WI_1,11.398559089856251
2016-04-27,FOODS_3_587,CA_1,15.245260849046701
2016-04-27,FOODS_3_587,TX_1,17.53443473799707
2016-04-27,FOODS_3_587,WI_1,11.370042676177
2016-04-27,FOODS_3_607,CA_1,8.54279460696466
2016-04-27,FOODS_3_607,TX_1,11.377198633851776
2016-04-27,FOODS_3_607,WI_1,2.7737870240759226
2016-04-27,FOODS_3_635,CA_1,0.17527015030778337
2016-04-27,FOODS_3_635,TX_1,2.3218960228621133
2016-04-27,FOODS_3_635,WI_1,0.15807450716855723
2016-04-27,FOODS_3_668,CA_1,6.567049626960593
2016-04-27,FOODS_3_668,TX_1,1.9703329944235615
2016-04-27,FOODS_3_668,WI_1,10.03173332177042
2016-04-27,FOODS_3_681,CA_1,15.161335342267769
2016-04-27,FOODS_3_681,TX_1,31.729064650284958
2016-04-27,FOODS_3_681,WI_1,2.7255232817680275
2016-04-27,FOODS_3_694,CA_1,8.651759960632313
2016-04-27,FOODS_3_694,TX_1,14.877074907326039
2016-04-27,FOODS_3_694,WI_1,15.118137488355192
2016-04-27,FOODS_3_702,CA_1,9.70229189769086
2016-04-27,FOODS_3_702,TX_1,5.125781099779683
2016-04-27,FOODS_3_702,WI_1,17.319784985510037
2016-04-27,FOODS_3_711,CA_1,2.6043539209635425
2016-04-27,FOODS_3_711,TX_1,4.075740580651794
2016-04-27,FOODS_3_711,WI_1,4.284692783745027
2016-04-27,FOODS_3_714,CA_1,14.371709891245464
2016-04-27,FOODS_3_714,TX_1,16.156662641072845
2016-04-27,FOODS_3_714,WI_1,13.978680375010292
2016-04-27,FOODS_3_723,CA_1,11.848553279188032
2016-04-27,FOODS_3_723,TX_1,13.967307839362094
2016-04-27,FOODS_3_723,WI_1,8.73298737972164
2016-04-27,FOODS_3_739,CA_1,10.790267746831935
2016-04-27,FOODS_3_739,TX_1,10.582607446489682
2016-04-27,FOODS_3_739,WI_1,8.134042938813646
2016-04-27,FOODS_3_741,CA_1,12.276013867523423
2016-04-27,FOODS_3_741,TX_1,1.5520295706677305
2016-04-27,FOODS_3_741,WI_1,2.056926396916313
2016-04-27,FOODS_3_744,CA_1,7.475478317026304
2016-04-27,FOODS_3_744,TX_1,2.053870688846495
2016-04-27,FOODS_3_744,WI_1,4.0962936499296685
2016-04-27,FOODS_3_752,CA_1,3.868150793777683
2016-04-27,FOODS_3_752,TX_1,4.093503002432328
2016-04-27,FOODS_3_752,WI_1,5.504599553737197
2016-04-27,FOODS_3_755,CA_1,10.823404436244939
2016-04-27,FOODS_3_755,TX_1,1.8812767353855333
2016-04-27,FOODS_3_755,WI_1,3.536804605885548
2016-04-27,FOODS_3_764,CA_1,5.740846376207968
2016-04-27,FOODS_3_764,TX_1,6.020119238317724
2016-04-27,FOODS_3_764,WI_1,5.803061871093296
2016-04-27,FOODS_3_785,CA_1,17.255352359259525
2016-04-27,FOODS_3_785,TX_1,11.987130463274633
2016-04-27,FOODS_3_785,WI_1,14.753280120544657
2016-04-27,FOODS_3_808,CA_1,0.7233818286386289
2016-04-27,FOODS_3_808,TX_1,0.1810119064192913
2016-04-27,FOODS_3_808,WI_1,0.16689102006531187
2016-04-27,FOODS_3_811,CA_1,15.836012275374825
2016-04-27,FOODS_3_811,TX_1,15.34183420938904
2016-04-27,FOODS_3_811,WI_1,2.867279236601635
2016-04-27,HOBBIES_1_268,CA_1,11.853377710022924
2016-04-27,HOBBIES_1_268,TX_1,4.30593582558899
2016-04-27,HOBBIES_1_268,WI_1,4.378338075461645
2016-04-27,HOBBIES_1_348,CA_1,5.564882172425704
2016-04-27,HOBBIES_1_348,TX_1,2.8459804648818707
2016-04-27,HOBBIES_1_348,WI_1,4.7331805055711955
2016-04-27,HOBBIES_1_371,CA_1,10.010803304034136
2016-04-27,HOBBIES_1_371,TX_1,2.6248350148623105
2016-04-27,HOBBIES_1_371,WI_1,6.495322909601714
2016-04-27,HOUSEHOLD_1_303,CA_1,5.917988541918724
2016-04-27,HOUSEHOLD_1_303,TX_1,5.553445027177155
2016-04-27,HOUSEHOLD_1_303,WI_1,3.818965438626413
2016-04-27,HOUSEHOLD_1_327,CA_1,5.197947363364992
2016-04-27,HOUSEHOLD_1_327,TX_1,3.2324912452078656
2016-04-27,HOUSEHOLD_1_327,WI_1,3.6626864974504474
2016-04-27,HOUSEHOLD_1_334,CA_1,9.369796090095157
2016-04-27,HOUSEHOLD_1_334,TX_1,8.601777344048207
2016-04-27,HOUSEHOLD_1_334,WI_1,5.343446831890685
2016-04-27,HOUSEHOLD_1_459,CA_1,2.6953339449105176
2016-04-27,HOUSEHOLD_1_459,TX_1,6.338164420414396
2016-04-27,HOUSEHOLD_1_459,WI_1,5.770298472391982
2016-04-27,HOUSEHOLD_1_521,CA_1,3.7265415044891252
2016-04-27,HOUSEHOLD_1_521,TX_1,10.825128792191718
2016-04-27,HOUSEHOLD_1_521,WI_1,3.8406541850346643
2016-04-28,FOODS_1_004,CA_1,0.08048294627203369
2016-04-28,FOODS_1_004,TX_1,0.08048294627203369
2016-04-28,FOODS_1_004,WI_1,0.08048294627203369
2016-04-28,FOODS_1_018,CA_1,10.654191323902408
2016-04-28,FOODS_1_018,TX_1,6.144829282080425
2016-04-28,FOODS_1_018,WI_1,10.504745589456082
2016-04-28,FOODS_1_032,CA_1,1.9400899941795844
2016-04-28,FOODS_1_032,TX_1,4.991762591949017
2016-04-28,FOODS_1_032,WI_1,7.4386672460503345
2016-04-28,FOODS_1_043,CA_1,0.08048294627203369
2016-04-28,FOODS_1_043,TX_1,8.018092481653236
2016-04-28,FOODS_1_043,WI_1,0.08048294627203369
2016-04-28,FOODS_1_046,CA_1,7.410193864259571
2016-04-28,FOODS_1_046,TX_1,1.7050562415139077
2016-04-28,FOODS_1_046,WI_1,6.775167826642636
2016-04-28,FOODS_1_085,CA_1,8.751833193555361
2016-04-28,FOODS_1_085,TX_1,3.6362511015592336
2016-04-28,FOODS_1_085,WI_1,10.924909460351696
2016-04-28,FOODS_1_218,CA_1,6.598429533130318
2016-04-28,FOODS_1_218,TX_1,7.653005195851343
2016-04-28,FOODS_1_218,WI_1,8.748731219020671
2016-04-28,FOODS_2_019,CA_1,13.106104405439703
2016-04-28,FOODS_2_019,TX_1,1.6728131418549905
2016-04-28,FOODS_2_019,WI_1,1.0938442401251396
2016-04-28,FOODS_2_181,CA_1,5.1844679680403765
2016-04-28,FOODS_2_181,TX_1,14.57554794778193
2016-04-28,FOODS_2_181,WI_1,5.61626892295119
2016-04-28,FOODS_2_197,CA_1,14.196678747160831
2016-04-28,FOODS_2_197,TX_1,2.5498332739312173
2016-04-28,FOODS_2_197,WI_1,1.78975240864814
2016-04-28,FOODS_2_276,CA_1,8.36471172790814
2016-04-28,FOODS_2_276,TX_1,2.7378291769213465
2016-04-28,FOODS_2_276,WI_1,2.5539026054259644
2016-04-28,FOODS_2_347,CA_1,8.848994949140867
2016-04-28,FOODS_2_347,TX_1,5.749079700253653
2016-04-28,FOODS_2_347,WI_1,3.9504706865716144
2016-04-28,FOODS_2_360,CA_1,8.649980150499852
2016-04-28,FOODS_2_360,TX_1,4.391214150782655
2016-04-28,FOODS_2_360,WI_1,12.436747900476382
2016-04-28,FOODS_3_007,CA_1,5.876563291011821
2016-04-28,FOODS_3_007,TX_1,1.761291490647621
2016-04-28,FOODS_3_007,WI_1,3.1975751139520003
2016-04-28,FOODS_3_030,CA_1,6.161754177954621
2016-04-28,FOODS_3_030,TX_1,7.525810564093182
2016-04-28,FOODS_3_030,WI_1,5.184704606152567
2016-04-28,FOODS_3_042,CA_1,2.5797381319399606
2016-04-28,FOODS_3_042,TX_1,2.352620130278681
2016-04-28,FOODS_3_042,WI_1,12.837407707438617
2016-04-28,FOODS_3_080,CA_1,14.571144879345896
2016-04-28,FOODS_3_080,TX_1,5.040602546774387
2016-04-28,FOODS_3_080,WI_1,10.858313059603688
2016-04-28,FOODS_3_090,CA_1,43.328347786493225
2016-04-28,FOODS_3_090,TX_1,38.61441536179783
2016-04-28,FOODS_3_090,WI_1,16.7314728322048
2016-04-28,FOODS_3_099,CA_1,11.008385668376189
2016-04-28,FOODS_3_099,TX_1,7.951221804046017
2016-04-28,FOODS_3_099,WI_1,7.143731409267187
2016-04-28,FOODS_3_120,CA_1,29.543762157254577
2016-04-28,FOODS_3_120,TX_1,13.698598294802409
2016-04-28,FOODS_3_120,WI_1,8.326967077798948
2016-04-28,FOODS_3_202,CA_1,13.28857297367182
2016-04-28,FOODS_3_202,TX_1,18.60590154895626
2016-04-28,FOODS_3_202,WI_1,9.616084314061704
2016-04-28,FOODS_3_226,CA_1,5.24059700079804
2016-04-28,FOODS_3_226,TX_1,12.767946225015674
2016-04-28,FOODS_3_226,WI_1,29.92539692901955
2016-04-28,FOODS_3_228,CA_1,5.907284840434066
2016-04-28,FOODS_3_228,TX_1,3.867851810459149
2016-04-28,FOODS_3_228,WI_1,2.8269602517314643
2016-04-28,FOODS_3_234,CA_1,5.2735905733555
2016-04-28,FOODS_3_234,TX_1,5.150072625175723
2016-04-28,FOODS_3_234,WI_1,6.29857088822696
2016-04-28,FOODS_3_252,CA_1,29.08818928918101
2016-04-28,FOODS_3_252,TX_1,25.370618078283606
2016-04-28,FOODS_3_252,WI_1,7.0278288690779185
2016-04-28,FOODS_3_281,CA_1,7.03532468471222
2016-04-28,FOODS_3_281,TX_1,2.977531626932889
2016-04-28,FOODS_3_281,WI_1,5.603013983905548
2016-04-28,FOODS_3_282,CA_1,14.96544627584733
2016-04-28,FOODS_3_282,TX_1,9.615041162719463
2016-04-28,FOODS_3_282,WI_1,10.395889234951524
2016-04-28,FOODS_3_288,CA_1,14.2756114630095
2016-04-28,FOODS_3_288,TX_1,12.570634183658328
2016-04-28,FOODS_3_288,WI_1,8.437272332604744
2016-04-28,FOODS_3_295,CA_1,16.935543113280325
2016-04-28,FOODS_3_295,TX_1,6.0364408544707
2016-04-28,FOODS_3_295,WI_1,7.583092443696918
2016-04-28,FOODS_3_318,CA_1,8.545876023231939
2016-04-28,FOODS_3_318,TX_1,6.299922241177727
2016-04-28,FOODS_3_318,WI_1,12.650769006480992
2016-04-28,FOODS_3_319,CA_1,1.7321453729204392
2016-04-28,FOODS_3_319,TX_1,2.377530696297695
2016-04-28,FOODS_3_319,WI_1,0.1678311863453839
2016-04-28,FOODS_3_329,CA_1,9.447824546565135
2016-04-28,FOODS_3_329,TX_1,8.979991708496264
2016-04-28,FOODS_3_329,WI_1,6.193991469555348
2016-04-28,FOODS_3_362,CA_1,12.325312600913444
2016-04-28,FOODS_3_362,TX_1,5.994133642195617
2016-04-28,FOODS_3_362,WI_1,7.84911798793674
2016-04-28,FOODS_3_376,CA_1,3.896011424934758
2016-04-28,FOODS_3_376,TX_1,8.729988564402712
2016-04-28,FOODS_3_376,WI_1,2.5390048589576706
2016-04-28,FOODS_3_377,CA_1,7.17885101805229
2016-04-28,FOODS_3_377,TX_1,11.057008238144451
2016-04-28,FOODS_3_377,WI_1,3.841654516264863
2016-04-28,FOODS_3_389,CA_1,6.066242259332995
2016-04-28,FOODS_3_389,TX_1,11.565958422944128
2016-04-28,FOODS_3_389,WI_1,2.5564184053469097
2016-04-28,FOODS_3_406,CA_1,9.359570142386744
2016-04-28,FOODS_3_406,TX_1,3.399069076105421
2016-04-28,FOODS_3_406,WI_1,4.603004960527238
2016-04-28,FOODS_3_455,CA_1,6.803440482674507
2016-04-28,FOODS_3_455,TX_1,8.179598460462847
2016-04-28,FOODS_3_455,WI_1,1.040628207358759
2016-04-28,FOODS_3_458,CA_1,5.452697219344286
2016-04-28,FOODS_3_458,TX_1,5.215232711780183
2016-04-28,FOODS_3_458,WI_1,3.479917893907654
2016-04-28,FOODS_3_462,CA_1,4.84943737417265
2016-04-28,FOODS_3_462,TX_1,8.257309416510589
2016-04-28,FOODS_3_462,WI_1,2.766033560679779
2016-04-28,FOODS_3_491,CA_1,8.945587050723704
2016-04-28,FOODS_3_491,TX_1,4.842339214018737
2016-04-28,FOODS_3_491,WI_1,14.82767333611731
2016-04-28,FOODS_3_499,CA_1,11.973227014002548
2016-04-28,FOODS_3_499,TX_1,5.557326076810203
2016-04-28,FOODS_3_499,WI_1,5.365425179515667
2016-04-28,FOODS_3_501,CA_1,12.743730263928994
2016-04-28,FOODS_3_501,TX_1,5.123223070043407
2016-04-28,FOODS_3_501,WI_1,5.685805511185485
2016-04-28,FOODS_3_516,CA_1,8.062639538883653
2016-04-28,FOODS_3_516,TX_1,5.511366547582636
2016-04-28,FOODS_3_516,WI_1,8.562316393081247
2016-04-28,FOODS_3_541,CA_1,0.09944409691083286
2016-04-28,FOODS_3_541,TX_1,2.5040529777268214
2016-04-28,FOODS_3_541,WI_1,2.377530696297695
2016-04-28,FOODS_3_547,CA_1,0.24449383551642534
2016-04-28,FOODS_3_547,TX_1,2.858879131560966
2016-04-28,FOODS_3_547,WI_1,3.746480005920131
2016-04-28,FOODS_3_555,CA_1,14.624223289101938
2016-04-28,FOODS_3_555,TX_1,23.888085449046574
2016-04-28,FOODS_3_555,WI_1,8.113382456445583
2016-04-28,FOODS_3_586,CA_1,30.10764359325969
2016-04-28,FOODS_3_586,TX_1,44.08957835076414
2016-04-28,FOODS_3_586,WI_1,11.348947404696059
2016-04-28,FOODS_3_587,CA_1,14.882119490032633
2016-04-28,FOODS_3_587,TX_1,17.417111664314223
2016-04-28,FOODS_3_587,WI_1,12.048051212738674
2016-04-28,FOODS_3_607,CA_1,9.174389484989959
2016-04-28,FOODS_3_607,TX_1,11.341465963987895
2016-04-28,FOODS_3_607,WI_1,2.6442659992836393
2016-04-28,FOODS_3_635,CA_1,0.783376225912738
2016-04-28,FOODS_3_635,TX_1,3.338678417339997
2016-04-28,FOODS_3_635,WI_1,0.15607254461532288
2016-04-28,FOODS_3_668,CA_1,6.049790760977668
2016-04-28,FOODS_3_668,TX_1,2.1146727701652086
2016-04-28,FOODS_3_668,WI_1,9.810592093438757
2016-04-28,FOODS_3_681,CA_1,15.166763285840045
2016-04-28,FOODS_3_681,TX_1,29.814395035351673
2016-04-28,FOODS_3_681,WI_1,2.7618875405240004
2016-04-28,FOODS_3_694,CA_1,8.804446452021232
2016-04-28,FOODS_3_694,TX_1,15.295957460659867
2016-04-28,FOODS_3_694,WI_1,15.26954891477414
2016-04-28,FOODS_3_702,CA_1,10.06270074016719
2016-04-28,FOODS_3_702,TX_1,5.205460867318351
2016-04-28,FOODS_3_702,WI_1,16.375728074496468
2016-04-28,FOODS_3_711,CA_1,4.60659408571268
2016-04-28,FOODS_3_711,TX_1,3.76170587979853
2016-04-28,FOODS_3_711,WI_1,3.9361650420293084
2016-04-28,FOODS_3_714,CA_1,14.567425401289068
2016-04-28,FOODS_3_714,TX_1,15.505378851469434
2016-04-28,FOODS_3_714,WI_1,14.347143978996458
2016-04-28,FOODS_3_723,CA_1,12.541128339532314
2016-04-28,FOODS_3_723,TX_1,13.347374824815978
2016-04-28,FOODS_3_723,WI_1,9.288715728000698
2016-04-28,FOODS_3_739,CA_1,11.57783519369509
2016-04-28,FOODS_3_739,TX_1,10.950385261475079
2016-04-28,FOODS_3_739,WI_1,7.43573089047969
2016-04-28,FOODS_3_741,CA_1,12.908485023188089
2016-04-28,FOODS_3_741,TX_1,1.9065105090061207
2016-04-28,FOODS_3_741,WI_1,1.59815718578325
2016-04-28,FOODS_3_744,CA_1,7.949315078450993
2016-04-28,FOODS_3_744,TX_1,2.5103123089732944
2016-04-28,FOODS_3_744,WI_1,4.386330249886158
2016-04-28,FOODS_3_752,CA_1,4.16783908649393
2016-04-28,FOODS_3_752,TX_1,4.247761944601577
2016-04-28,FOODS_3_752,WI_1,5.374686090491769
2016-04-28,FOODS_3_755,CA_1,10.584005685395855
2016-04-28,FOODS_3_755,TX_1,3.1426971048692103
2016-04-28,FOODS_3_755,WI_1,3.6035705361581916
2016-04-28,FOODS_3_764,CA_1,6.076192942877778
2016-04-28,FOODS_3_764,TX_1,5.559824492297483
2016-04-28,FOODS_3_764,WI_1,5.429595911585992
2016-04-28,FOODS_3_785,CA_1,15.103868804354004
2016-04-28,FOODS_3_785,TX_1,11.903706348147184
2016-04-28,FOODS_3_785,WI_1,15.400032358760779
2016-04-28,FOODS_3_808,CA_1,1.6623573548011954
2016-04-28,FOODS_3_808,TX_1,0.8558730974690656
2016-04-28,FOODS_3_808,WI_1,0.0872666130627712
2016-04-28,FOODS_3_811,CA_1,15.314374660101763
2016-04-28,FOODS_3_811,TX_1,15.562500434919382
2016-04-28,FOODS_3_811,WI_1,2.8105252014357958
2016-04-28,HOBBIES_1_268,CA_1,12.392221344178878
2016-04-28,HOBBIES_1_268,TX_1,4.520356712611497
2016-04-28,HOBBIES_1_268,WI_1,4.423751285824018
2016-04-28,HOBBIES_1_348,CA_1,5.38348466398011
2016-04-28,HOBBIES_1_348,TX_1,3.6743512641122527
2016-04-28,HOBBIES_1_348,WI_1,5.013556139540137
2016-04-28,HOBBIES_1_371,CA_1,7.5042907794865314
2016-04-28,HOBBIES_1_371,TX_1,2.065896352554119
2016-04-28,HOBBIES_1_371,WI_1,5.850462090292337
2016-04-28,HOUSEHOLD_1_303,CA_1,5.251978588461762
2016-04-28,HOUSEHOLD_1_303,TX_1,5.549918916892981
2016-04-28,HOUSEHOLD_1_303,WI_1,3.7555777059249196
2016-04-28,HOUSEHOLD_1_327,CA_1,5.130212810249695
2016-04-28,HOUSEHOLD_1_327,TX_1,3.652042885216098
2016-04-28,HOUSEHOLD_1_327,WI_1,3.4605447923059485
2016-04-28,HOUSEHOLD_1_334,CA_1,8.886651221238074
2016-04-28,HOUSEHOLD_1_334,TX_1,7.977698383525409
2016-04-28,HOUSEHOLD_1_334,WI_1,5.379541665961681
2016-04-28,HOUSEHOLD_1_459,CA_1,2.6769113310615116
2016-04-28,HOUSEHOLD_1_459,TX_1,6.2895867525666755
2016-04-28,HOUSEHOLD_1_459,WI_1,6.050566869989475
2016-04-28,HOUSEHOLD_1_521,CA_1,4.04942638716903
2016-04-28,HOUSEHOLD_1_521,TX_1,10.827859921633298
2016-04-28,HOUSEHOLD_1_521,WI_1,3.888697123880793
2016-04-29,FOODS_1_004,CA_1,0.07594596719723054
2016-04-29,FOODS_1_004,TX_1,0.07594596719723054
2016-04-29,FOODS_1_004,WI_1,0.07594596719723054
2016-04-29,FOODS_1_018,CA_1,12.734663662226904
2016-04-29,FOODS_1_018,TX_1,6.7373985477912015
2016-04-29,FOODS_1_018,WI_1,12.554229914659775
2016-04-29,FOODS_1_032,CA_1,2.0523056486772244
2016-04-29,FOODS_1_032,TX_1,6.333985585661015
2016-04-29,FOODS_1_032,WI_1,8.834611676803211
2016-04-29,FOODS_1_043,CA_1,0.07594596719723054
2016-04-29,FOODS_1_043,TX_1,7.169240223780215
2016-04-29,FOODS_1_043,WI_1,0.07594596719723054
2016-04-29,FOODS_1_046,CA_1,8.71724738788725
2016-04-29,FOODS_1_046,TX_1,1.783160071935267
2016-04-29,FOODS_1_046,WI_1,7.739259425027422
2016-04-29,FOODS_1_085,CA_1,9.047798587476679
2016-04-29,FOODS_1_085,TX_1,4.249837672771394
2016-04-29,FOODS_1_085,WI_1,14.501469416351524
2016-04-29,FOODS_1_218,CA_1,7.536442550944679
2016-04-29,FOODS_1_218,TX_1,9.462407242625664
2016-04-29,FOODS_1_218,WI_1,10.575347923727254
2016-04-29,FOODS_2_019,CA_1,14.315981227232198
2016-04-29,FOODS_2_019,TX_1,1.767412182422356
2016-04-29,FOODS_2_019,WI_1,1.193793170145603
2016-04-29,FOODS_2_181,CA_1,6.299782618209719
2016-04-29,FOODS_2_181,TX_1,17.921370515014065
2016-04-29,FOODS_2_181,WI_1,7.303358481879486
2016-04-29,FOODS_2_197,CA_1,15.050493686221612
2016-04-29,FOODS_2_197,TX_1,3.045163419017987
2016-04-29,FOODS_2_197,WI_1,2.0186811666424243
2016-04-29,FOODS_2_276,CA_1,9.319887003329836
2016-04-29,FOODS_2_276,TX_1,3.2611594968776263
2016-04-29,FOODS_2_276,WI_1,3.054021126881759
2016-04-29,FOODS_2_347,CA_1,9.899659298882936
2016-04-29,FOODS_2_347,TX_1,6.687835223185801
2016-04-29,FOODS_2_347,WI_1,4.815118444277549
2016-04-29,FOODS_2_360,CA_1,9.30458589755413
2016-04-29,FOODS_2_360,TX_1,5.021158293199198
2016-04-29,FOODS_2_360,WI_1,12.547928128938473
2016-04-29,FOODS_3_007,CA_1,10.42319493243514
2016-04-29,FOODS_3_007,TX_1,3.0989299519629636
2016-04-29,FOODS_3_007,WI_1,4.152848545159964
2016-04-29,FOODS_3_030,CA_1,7.800490760926943
2016-04-29,FOODS_3_030,TX_1,9.679145442050142
2016-04-29,FOODS_3_030,WI_1,6.072825850698246
2016-04-29,FOODS_3_042,CA_1,3.033439757630938
2016-04-29,FOODS_3_042,TX_1,2.4815312661057805
2016-04-29,FOODS_3_042,WI_1,15.506028728739848
2016-04-29,FOODS_3_080,CA_1,18.69987427833198
2016-04-29,FOODS_3_080,TX_1,5.918741757236802
2016-04-29,FOODS_3_080,WI_1,13.991386353881424
2016-04-29,FOODS_3_090,CA_1,53.563506332225316
2016-04-29,FOODS_3_090,TX_1,47.976611642819464
2016-04-29,FOODS_3_090,WI_1,21.225519581843024
2016-04-29,FOODS_3_099,CA_1,12.84943468955535
2016-04-29,FOODS_3_099,TX_1,8.969845837345915
2016-04-29,FOODS_3_099,WI_1,7.794850977352887
2016-04-29,FOODS_3_120,CA_1,40.5848170446711
2016-04-29,FOODS_3_120,TX_1,14.42823010920168
2016-04-29,FOODS_3_120,WI_1,10.213319625731629
2016-04-29,FOODS_3_202,CA_1,14.601896032587765
2016-04-29,FOODS_3_202,TX_1,20.311276700593154
2016-04-29,FOODS_3_202,WI_1,11.356418719716306
2016-04-29,FOODS_3_226,CA_1,6.403452645275718
2016-04-29,FOODS_3_226,TX_1,17.074582043962696
2016-04-29,FOODS_3_226,WI_1,36.87012661901082
2016-04-29,FOODS_3_228,CA_1,6.58603291687876
2016-04-29,FOODS_3_228,TX_1,4.575061954215898
2016-04-29,FOODS_3_228,WI_1,3.705677001707214
2016-04-29,FOODS_3_234,CA_1,7.682900081222326
2016-04-29,FOODS_3_234,TX_1,5.363457128728847
2016-04-29,FOODS_3_234,WI_1,5.885648855361442
2016-04-29,FOODS_3_252,CA_1,37.08629593830549
2016-04-29,FOODS_3_252,TX_1,30.07279663493437
2016-04-29,FOODS_3_252,WI_1,8.555796591363846
2016-04-29,FOODS_3_281,CA_1,9.699257413453177
2016-04-29,FOODS_3_281,TX_1,3.4433727799407206
2016-04-29,FOODS_3_281,WI_1,5.4929923313153415
2016-04-29,FOODS_3_282,CA_1,17.725598275829324
2016-04-29,FOODS_3_282,TX_1,11.615593931460518
2016-04-29,FOODS_3_282,WI_1,11.931797400113966
2016-04-29,FOODS_3_288,CA_1,17.995417713405175
2016-04-29,FOODS_3_288,TX_1,13.054476201361746
2016-04-29,FOODS_3_288,WI_1,10.403641982606954
2016-04-29,FOODS_3_295,CA_1,17.9374624303746
2016-04-29,FOODS_3_295,TX_1,6.655819732099367
2016-04-29,FOODS_3_295,WI_1,9.915660836191652
2016-04-29,FOODS_3_318,CA_1,11.815152565540243
2016-04-29,FOODS_3_318,TX_1,7.874569681513197
2016-04-29,FOODS_3_318,WI_1,15.481127848624364
2016-04-29,FOODS_3_319,CA_1,7.00465124848065
2016-04-29,FOODS_3_319,TX_1,3.9242402204441196
2016-04-29,FOODS_3_319,WI_1,1.8894432073334313
2016-04-29,FOODS_3_329,CA_1,10.83469711734263
2016-04-29,FOODS_3_329,TX_1,10.248953197189616
2016-04-29,FOODS_3_329,WI_1,7.464510130036366
2016-04-29,FOODS_3_362,CA_1,15.618497765046616
2016-04-29,FOODS_3_362,TX_1,7.262782126367372
2016-04-29,FOODS_3_362,WI_1,8.812186954942252
2016-04-29,FOODS_3_376,CA_1,4.714951356800263
2016-04-29,FOODS_3_376,TX_1,11.72581684955685
2016-04-29,FOODS_3_376,WI_1,2.8195319281090563
2016-04-29,FOODS_3_377,CA_1,8.754487043011396
2016-04-29,FOODS_3_377,TX_1,13.718610669313959
2016-04-29,FOODS_3_377,WI_1,5.0490029490253185
2016-04-29,FOODS_3_389,CA_1,8.0365271116985
2016-04-29,FOODS_3_389,TX_1,14.491181781964581
2016-04-29,FOODS_3_389,WI_1,2.430134098242265
2016-04-29,FOODS_3_406,CA_1,11.344939309924762
2016-04-29,FOODS_3_406,TX_1,4.0587812374661425
2016-04-29,FOODS_3_406,WI_1,5.745786492376169
2016-04-29,FOODS_3_455,CA_1,7.906273586667367
2016-04-29,FOODS_3_455,TX_1,9.98303303971582
2016-04-29,FOODS_3_455,WI_1,1.0708935714765073
2016-04-29,FOODS_3_458,CA_1,6.58695786651428
2016-04-29,FOODS_3_458,TX_1,6.722785089960925
2016-04-29,FOODS_3_458,WI_1,4.321179068766521
2016-04-29,FOODS_3_462,CA_1,6.047640627205209
2016-04-29,FOODS_3_462,TX_1,11.500304340653829
2016-04-29,FOODS_3_462,WI_1,3.8088378776296565
2016-04-29,FOODS_3_491,CA_1,10.623378343867241
2016-04-29,FOODS_3_491,TX_1,5.665125825652772
2016-04-29,FOODS_3_491,WI_1,19.059189493231674
2016-04-29,FOODS_3_499,CA_1,12.987835798687591
2016-04-29,FOODS_3_499,TX_1,6.218351672022074
2016-04-29,FOODS_3_499,WI_1,6.381540618178817
2016-04-29,FOODS_3_501,CA_1,13.615896406354834
2016-04-29,FOODS_3_501,TX_1,5.664535719172202
2016-04-29,FOODS_3_501,WI_1,6.033243515939026
2016-04-29,FOODS_3_516,CA_1,8.989467125496814
2016-04-29,FOODS_3_516,TX_1,6.325240733426991
2016-04-29,FOODS_3_516,WI_1,9.635564384541016
2016-04-29,FOODS_3_541,CA_1,2.1167526556424776
2016-04-29,FOODS_3_541,TX_1,4.367093326134738
2016-04-29,FOODS_3_541,WI_1,3.9242402204441196
2016-04-29,FOODS_3_547,CA_1,0.2871150975319665
2016-04-29,FOODS_3_547,TX_1,2.970029125140947
2016-04-29,FOODS_3_547,WI_1,3.657745925768738
2016-04-29,FOODS_3_555,CA_1,18.20373650822252
2016-04-29,FOODS_3_555,TX_1,27.371896586120723
2016-04-29,FOODS_3_555,WI_1,10.607697755541121
2016-04-29,FOODS_3_586,CA_1,36.001179878214494
2016-04-29,FOODS_3_586,TX_1,50.66961467376054
2016-04-29,FOODS_3_586,WI_1,15.87968371641362
2016-04-29,FOODS_3_587,CA_1,17.516427158636606
2016-04-29,FOODS_3_587,TX_1,20.273965704756485
2016-04-29,FOODS_3_587,WI_1,13.10033221269603
2016-04-29,FOODS_3_607,CA_1,11.139458197400725
2016-04-29,FOODS_3_607,TX_1,13.760018967611634
2016-04-29,FOODS_3_607,WI_1,3.0307314046348632
2016-04-29,FOODS_3_635,CA_1,2.1167526556424776
2016-04-29,FOODS_3_635,TX_1,7.602149015800299
2016-04-29,FOODS_3_635,WI_1,1.8894432073334313
2016-04-29,FOODS_3_668,CA_1,7.38358638491685
2016-04-29,FOODS_3_668,TX_1,2.2264199246434906
2016-04-29,FOODS_3_668,WI_1,11.995294186282448
2016-04-29,FOODS_3_681,CA_1,18.559814057457448
2016-04-29,FOODS_3_681,TX_1,36.48632910471439
2016-04-29,FOODS_3_681,WI_1,3.8460541691440877
2016-04-29,FOODS_3_694,CA_1,11.063456609126296
2016-04-29,FOODS_3_694,TX_1,18.215986487823603
2016-04-29,FOODS_3_694,WI_1,19.57180429545344
2016-04-29,FOODS_3_702,CA_1,11.048599056666301
2016-04-29,FOODS_3_702,TX_1,6.041740056475537
2016-04-29,FOODS_3_702,WI_1,19.28860016309738
2016-04-29,FOODS_3_711,CA_1,2.995138467838897
2016-04-29,FOODS_3_711,TX_1,4.812603930275389
2016-04-29,FOODS_3_711,WI_1,8.107863294138497
2016-04-29,FOODS_3_714,CA_1,19.254502505664533
2016-04-29,FOODS_3_714,TX_1,20.19277238996196
2016-04-29,FOODS_3_714,WI_1,18.242928688670055
2016-04-29,FOODS_3_723,CA_1,14.235214169401274
2016-04-29,FOODS_3_723,TX_1,19.74676784603482
2016-04-29,FOODS_3_723,WI_1,11.936817526321796
2016-04-29,FOODS_3_739,CA_1,13.389273757480312
2016-04-29,FOODS_3_739,TX_1,12.918803412418915
2016-04-29,FOODS_3_739,WI_1,10.656902693154287
2016-04-29,FOODS_3_741,CA_1,16.02845992846843
2016-04-29,FOODS_3_741,TX_1,2.0009405695041873
2016-04-29,FOODS_3_741,WI_1,1.6722041752576593
2016-04-29,FOODS_3_744,CA_1,9.250407774545227
2016-04-29,FOODS_3_744,TX_1,2.4678681929597754
2016-04-29,FOODS_3_744,WI_1,5.647276300396753
2016-04-29,FOODS_3_752,CA_1,4.412883782945006
2016-04-29,FOODS_3_752,TX_1,5.889834179321452
2016-04-29,FOODS_3_752,WI_1,6.6648851678692695
2016-04-29,FOODS_3_755,CA_1,12.921430406839145
2016-04-29,FOODS_3_755,TX_1,2.762021410334297
2016-04-29,FOODS_3_755,WI_1,4.526759902817406
2016-04-29,FOODS_3_764,CA_1,6.513771146952605
2016-04-29,FOODS_3_764,TX_1,7.139025399637468
2016-04-29,FOODS_3_764,WI_1,6.111033920633174
2016-04-29,FOODS_3_785,CA_1,18.089644756302626
2016-04-29,FOODS_3_785,TX_1,13.010649276951726
2016-04-29,FOODS_3_785,WI_1,17.290844070671266
2016-04-29,FOODS_3_808,CA_1,2.5739275673967823
2016-04-29,FOODS_3_808,TX_1,2.1167526556424776
2016-04-29,FOODS_3_808,WI_1,1.8894432073334313
2016-04-29,FOODS_3_811,CA_1,17.713271745820897
2016-04-29,FOODS_3_811,TX_1,16.951945157100326
2016-04-29,FOODS_3_811,WI_1,3.515529812905255
2016-04-29,HOBBIES_1_268,CA_1,8.672087353760082
2016-04-29,HOBBIES_1_268,TX_1,6.203652816234466
2016-04-29,HOBBIES_1_268,WI_1,5.313172558877309
2016-04-29,HOBBIES_1_348,CA_1,7.546980784288104
2016-04-29,HOBBIES_1_348,TX_1,3.5506163612143644
2016-04-29,HOBBIES_1_348,WI_1,5.356994227243173
2016-04-29,HOBBIES_1_371,CA_1,10.79686198613305
2016-04-29,HOBBIES_1_371,TX_1,3.4651036561844744
2016-04-29,HOBBIES_1_371,WI_1,6.849716709773596
2016-04-29,HOUSEHOLD_1_303,CA_1,5.678469798463566
2016-04-29,HOUSEHOLD_1_303,TX_1,6.416402443472174
2016-04-29,HOUSEHOLD_1_303,WI_1,4.583633619080744
2016-04-29,HOUSEHOLD_1_327,CA_1,6.0437349003957594
2016-04-29,HOUSEHOLD_1_327,TX_1,4.575657493858754
2016-04-29,HOUSEHOLD_1_327,WI_1,4.462178812866466
2016-04-29,HOUSEHOLD_1_334,CA_1,11.598589114885023
2016-04-29,HOUSEHOLD_1_334,TX_1,10.468061118917554
2016-04-29,HOUSEHOLD_1_334,WI_1,6.0875999713302065
2016-04-29,HOUSEHOLD_1_459,CA_1,3.074221794370847
2016-04-29,HOUSEHOLD_1_459,TX_1,7.218829927568188
2016-04-29,HOUSEHOLD_1_459,WI_1,6.993400383820424
2016-04-29,HOUSEHOLD_1_521,CA_1,4.864432095616943
2016-04-29,HOUSEHOLD_1_521,TX_1,12.315323230078189
2016-04-29,HOUSEHOLD_1_521,WI_1,5.381245361012386
2016-04-30,FOODS_1_004,CA_1,1.7842006017256609
2016-04-30,FOODS_1_004,TX_1,1.7842006017256609
2016-04-30,FOODS_1_004,WI_1,1.7842006017256609
2016-04-30,FOODS_1_018,CA_1,13.869157300736044
2016-04-30,FOODS_1_018,TX_1,8.940017045049633
2016-04-30,FOODS_1_018,WI_1,15.275512724295691
2016-04-30,FOODS_1_032,CA_1,2.5497498883331415
2016-04-30,FOODS_1_032,TX_1,6.372319775406015
2016-04-30,FOODS_1_032,WI_1,9.797146245352554
2016-04-30,FOODS_1_043,CA_1,1.7842006017256609
2016-04-30,FOODS_1_043,TX_1,11.332498891795883
2016-04-30,FOODS_1_043,WI_1,1.7842006017256609
2016-04-30,FOODS_1_046,CA_1,10.395687058796124
2016-04-30,FOODS_1_046,TX_1,2.4879941527576825
2016-04-30,FOODS_1_046,WI_1,10.185060375019567
2016-04-30,FOODS_1_085,CA_1,10.957178376167926
2016-04-30,FOODS_1_085,TX_1,5.123115732097278
2016-04-30,FOODS_1_085,WI_1,17.03540641298868
2016-04-30,FOODS_1_218,CA_1,8.542377122515362
2016-04-30,FOODS_1_218,TX_1,11.670435107687815
2016-04-30,FOODS_1_218,WI_1,11.926316307763924
2016-04-30,FOODS_2_019,CA_1,20.74880934608765
2016-04-30,FOODS_2_019,TX_1,2.4643919990218204
2016-04-30,FOODS_2_019,WI_1,2.0613235927176112
2016-04-30,FOODS_2_181,CA_1,7.3352207040824196
2016-04-30,FOODS_2_181,TX_1,22.79768692067802
2016-04-30,FOODS_2_181,WI_1,8.149336033048995
2016-04-30,FOODS_2_197,CA_1,23.45767463691991
2016-04-30,FOODS_2_197,TX_1,3.7871917893433578
2016-04-30,FOODS_2_197,WI_1,3.1871532088694288
2016-04-30,FOODS_2_276,CA_1,12.235563514923264
2016-04-30,FOODS_2_276,TX_1,3.8996213282350114
2016-04-30,FOODS_2_276,WI_1,3.6937807489103194
2016-04-30,FOODS_2_347,CA_1,12.519433685908448
2016-04-30,FOODS_2_347,TX_1,8.033044478244285
2016-04-30,FOODS_2_347,WI_1,6.514705714984563
2016-04-30,FOODS_2_360,CA_1,11.237674435944355
2016-04-30,FOODS_2_360,TX_1,6.39672472659463
2016-04-30,FOODS_2_360,WI_1,20.372420314004547
2016-04-30,FOODS_3_007,CA_1,6.444631544989612
2016-04-30,FOODS_3_007,TX_1,4.650423228551271
2016-04-30,FOODS_3_007,WI_1,10.365737559483971
2016-04-30,FOODS_3_030,CA_1,9.387602287856264
2016-04-30,FOODS_3_030,TX_1,12.08375830933449
2016-04-30,FOODS_3_030,WI_1,7.7232315933715165
2016-04-30,FOODS_3_042,CA_1,3.6870654106219996
2016-04-30,FOODS_3_042,TX_1,2.993188736118565
2016-04-30,FOODS_3_042,WI_1,20.194642206003262
2016-04-30,FOODS_3_080,CA_1,23.312027878038684
2016-04-30,FOODS_3_080,TX_1,6.724026810364734
2016-04-30,FOODS_3_080,WI_1,16.200379252503595
2016-04-30,FOODS_3_090,CA_1,67.77182197711053
2016-04-30,FOODS_3_090,TX_1,61.932092863031855
2016-04-30,FOODS_3_090,WI_1,28.71745010025043
2016-04-30,FOODS_3_099,CA_1,17.741125650660198
2016-04-30,FOODS_3_099,TX_1,11.324577891940438
2016-04-30,FOODS_3_099,WI_1,10.486049917952682
2016-04-30,FOODS_3_120,CA_1,57.444518287621825
2016-04-30,FOODS_3_120,TX_1,19.777132580726917
2016-04-30,FOODS_3_120,WI_1,13.572857326203662
2016-04-30,FOODS_3_202,CA_1,20.883332063925486
2016-04-30,FOODS_3_202,TX_1,35.057247960299954
2016-04-30,FOODS_3_202,WI_1,15.965523880486924
2016-04-30,FOODS_3_226,CA_1,6.7888570852567565
2016-04-30,FOODS_3_226,TX_1,20.71664195139166
2016-04-30,FOODS_3_226,WI_1,41.75085881772459
2016-04-30,FOODS_3_228,CA_1,8.389325832222932
2016-04-30,FOODS_3_228,TX_1,5.284064943533458
2016-04-30,FOODS_3_228,WI_1,4.076093670014392
2016-04-30,FOODS_3_234,CA_1,7.535753136591585
2016-04-30,FOODS_3_234,TX_1,6.7027586115185365
2016-04-30,FOODS_3_234,WI_1,8.49228502648299
2016-04-30,FOODS_3_252,CA_1,52.15624704535038
2016-04-30,FOODS_3_252,TX_1,37.96883029996107
2016-04-30,FOODS_3_252,WI_1,11.154954535168917
2016-04-30,FOODS_3_281,CA_1,11.62707868524328
2016-04-30,FOODS_3_281,TX_1,3.7213798404631753
2016-04-30,FOODS_3_281,WI_1,7.212169429052995
2016-04-30,FOODS_3_282,CA_1,25.859020819111755
2016-04-30,FOODS_3_282,TX_1,14.95023813154413
2016-04-30,FOODS_3_282,WI_1,14.689107623900627
2016-04-30,FOODS_3_288,CA_1,20.287508577960274
2016-04-30,FOODS_3_288,TX_1,14.74802935616846
2016-04-30,FOODS_3_288,WI_1,11.695482343580254
2016-04-30,FOODS_3_295,CA_1,26.668822215554236
2016-04-30,FOODS_3_295,TX_1,8.878049913833813
2016-04-30,FOODS_3_295,WI_1,13.313037789584802
2016-04-30,FOODS_3_318,CA_1,12.505907408137
2016-04-30,FOODS_3_318,TX_1,9.022409685407176
2016-04-30,FOODS_3_318,WI_1,19.973352585360807
2016-04-30,FOODS_3_319,CA_1,4.089167862516452
2016-04-30,FOODS_3_319,TX_1,5.166167124065416
2016-04-30,FOODS_3_319,WI_1,4.399239321461131
2016-04-30,FOODS_3_329,CA_1,13.761738561375807
2016-04-30,FOODS_3_329,TX_1,13.425484120736389
2016-04-30,FOODS_3_329,WI_1,9.986988320333944
2016-04-30,FOODS_3_362,CA_1,19.80114275007549
2016-04-30,FOODS_3_362,TX_1,8.756968938058197
2016-04-30,FOODS_3_362,WI_1,12.301261152049507
2016-04-30,FOODS_3_376,CA_1,5.56660397885206
2016-04-30,FOODS_3_376,TX_1,12.94616447437482
2016-04-30,FOODS_3_376,WI_1,2.967748047946736
2016-04-30,FOODS_3_377,CA_1,10.209367084647504
2016-04-30,FOODS_3_377,TX_1,15.678154623194123
2016-04-30,FOODS_3_377,WI_1,5.684254727592487
2016-04-30,FOODS_3_389,CA_1,9.307178844254222
2016-04-30,FOODS_3_389,TX_1,17.779519233523036
2016-04-30,FOODS_3_389,WI_1,2.8039543468721786
2016-04-30,FOODS_3_406,CA_1,15.00798871016224
2016-04-30,FOODS_3_406,TX_1,4.810383346410295
2016-04-30,FOODS_3_406,WI_1,6.538024567381534
2016-04-30,FOODS_3_455,CA_1,9.854261060383259
2016-04-30,FOODS_3_455,TX_1,13.22392217068721
2016-04-30,FOODS_3_455,WI_1,1.3750239449335822
2016-04-30,FOODS_3_458,CA_1,8.141730969067432
2016-04-30,FOODS_3_458,TX_1,7.614340535898751
2016-04-30,FOODS_3_458,WI_1,5.550379529392287
2016-04-30,FOODS_3_462,CA_1,6.568774583277631
2016-04-30,FOODS_3_462,TX_1,13.654029745100528
2016-04-30,FOODS_3_462,WI_1,4.338531580575564
2016-04-30,FOODS_3_491,CA_1,12.016544991003759
2016-04-30,FOODS_3_491,TX_1,7.266805454967306
2016-04-30,FOODS_3_491,WI_1,23.54887999859852
2016-04-30,FOODS_3_499,CA_1,16.749251177983194
2016-04-30,FOODS_3_499,TX_1,7.429166898268323
2016-04-30,FOODS_3_499,WI_1,8.1147749779767
2016-04-30,FOODS_3_501,CA_1,15.429097616004908
2016-04-30,FOODS_3_501,TX_1,7.036675094628971
2016-04-30,FOODS_3_501,WI_1,8.233381685047288
2016-04-30,FOODS_3_516,CA_1,13.154115971889821
2016-04-30,FOODS_3_516,TX_1,8.999637068189793
2016-04-30,FOODS_3_516,WI_1,13.720253298938573
2016-04-30,FOODS_3_541,CA_1,4.165436906892793
2016-04-30,FOODS_3_541,TX_1,8.161238448530389
2016-04-30,FOODS_3_541,WI_1,5.166167124065416
2016-04-30,FOODS_3_547,CA_1,3.4472553828575063
2016-04-30,FOODS_3_547,TX_1,3.9970316929909973
2016-04-30,FOODS_3_547,WI_1,6.5436930686552905
2016-04-30,FOODS_3_555,CA_1,24.226121074486578
2016-04-30,FOODS_3_555,TX_1,36.513380289872984
2016-04-30,FOODS_3_555,WI_1,13.169353706846795
2016-04-30,FOODS_3_586,CA_1,47.906498692669466
2016-04-30,FOODS_3_586,TX_1,62.86787082934438
2016-04-30,FOODS_3_586,WI_1,18.37226280564611
2016-04-30,FOODS_3_587,CA_1,24.7395609230879
2016-04-30,FOODS_3_587,TX_1,26.36972100101847
2016-04-30,FOODS_3_587,WI_1,17.270797826893997
2016-04-30,FOODS_3_607,CA_1,14.235015421858366
2016-04-30,FOODS_3_607,TX_1,19.229899730898136
2016-04-30,FOODS_3_607,WI_1,3.721047288483532
2016-04-30,FOODS_3_635,CA_1,4.165436906892793
2016-04-30,FOODS_3_635,TX_1,6.2111314940722036
2016-04-30,FOODS_3_635,WI_1,4.399239321461131
2016-04-30,FOODS_3_668,CA_1,8.580818098667677
2016-04-30,FOODS_3_668,TX_1,2.7823657340811683
2016-04-30,FOODS_3_668,WI_1,12.797214511892896
2016-04-30,FOODS_3_681,CA_1,23.196223185139598
2016-04-30,FOODS_3_681,TX_1,48.68886024006186
2016-04-30,FOODS_3_681,WI_1,3.049526567705221
2016-04-30,FOODS_3_694,CA_1,14.518732179424264
2016-04-30,FOODS_3_694,TX_1,22.21191151817849
2016-04-30,FOODS_3_694,WI_1,26.419857877585173
2016-04-30,FOODS_3_702,CA_1,14.6937160725861
2016-04-30,FOODS_3_702,TX_1,6.916942077694415
2016-04-30,FOODS_3_702,WI_1,24.746351893610655
2016-04-30,FOODS_3_711,CA_1,3.4996268959677503
2016-04-30,FOODS_3_711,TX_1,4.69198646013678
2016-04-30,FOODS_3_711,WI_1,7.7391030093672715
2016-04-30,FOODS_3_714,CA_1,24.48113893428701
2016-04-30,FOODS_3_714,TX_1,26.02123186942218
2016-04-30,FOODS_3_714,WI_1,22.470581125689506
2016-04-30,FOODS_3_723,CA_1,16.505437838274162
2016-04-30,FOODS_3_723,TX_1,20.011594412164698
2016-04-30,FOODS_3_723,WI_1,14.654715993001577
2016-04-30,FOODS_3_739,CA_1,16.170363191791427
2016-04-30,FOODS_3_739,TX_1,15.32483640039592
2016-04-30,FOODS_3_739,WI_1,11.294284294770868
2016-04-30,FOODS_3_741,CA_1,18.22786714279039
2016-04-30,FOODS_3_741,TX_1,2.218001123814439
2016-04-30,FOODS_3_741,WI_1,2.0615207036336805
2016-04-30,FOODS_3_744,CA_1,12.816213417821805
2016-04-30,FOODS_3_744,TX_1,2.833896036196992
2016-04-30,FOODS_3_744,WI_1,6.253100242403307
2016-04-30,FOODS_3_752,CA_1,5.879332666780248
2016-04-30,FOODS_3_752,TX_1,6.365376809523215
2016-04-30,FOODS_3_752,WI_1,8.044976518209086
2016-04-30,FOODS_3_755,CA_1,15.589879900523599
2016-04-30,FOODS_3_755,TX_1,2.6945020429616506
2016-04-30,FOODS_3_755,WI_1,5.596029993138933
2016-04-30,FOODS_3_764,CA_1,8.859157018094281
2016-04-30,FOODS_3_764,TX_1,7.785871754186672
2016-04-30,FOODS_3_764,WI_1,7.422916684116695
2016-04-30,FOODS_3_785,CA_1,20.6448162946487
2016-04-30,FOODS_3_785,TX_1,16.008518566834763
2016-04-30,FOODS_3_785,WI_1,19.696131303693676
2016-04-30,FOODS_3_808,CA_1,3.54434232865329
2016-04-30,FOODS_3_808,TX_1,3.8471729573536133
2016-04-30,FOODS_3_808,WI_1,7.549509542100638
2016-04-30,FOODS_3_811,CA_1,23.075158906143837
2016-04-30,FOODS_3_811,TX_1,19.364740705931084
2016-04-30,FOODS_3_811,WI_1,4.11240055719532
2016-04-30,HOBBIES_1_268,CA_1,7.044966471168388
2016-04-30,HOBBIES_1_268,TX_1,7.18740886844919
2016-04-30,HOBBIES_1_268,WI_1,6.717251616252934
2016-04-30,HOBBIES_1_348,CA_1,9.828696670968656
2016-04-30,HOBBIES_1_348,TX_1,5.1978190308731325
2016-04-30,HOBBIES_1_348,WI_1,6.544585576195301
2016-04-30,HOBBIES_1_371,CA_1,11.864443927702364
2016-04-30,HOBBIES_1_371,TX_1,4.2121953213885
2016-04-30,HOBBIES_1_371,WI_1,10.455213673925481
2016-04-30,HOUSEHOLD_1_303,CA_1,7.778915049993176
2016-04-30,HOUSEHOLD_1_303,TX_1,7.936116971459791
2016-04-30,HOUSEHOLD_1_303,WI_1,4.680765734892896
2016-04-30,HOUSEHOLD_1_327,CA_1,8.088141100385096
2016-04-30,HOUSEHOLD_1_327,TX_1,5.769399571397105
2016-04-30,HOUSEHOLD_1_327,WI_1,6.006932847244339
2016-04-30,HOUSEHOLD_1_334,CA_1,14.050333286137727
2016-04-30,HOUSEHOLD_1_334,TX_1,12.064659567756793
2016-04-30,HOUSEHOLD_1_334,WI_1,8.034809456851002
2016-04-30,HOUSEHOLD_1_459,CA_1,3.7015960525505625
2016-04-30,HOUSEHOLD_1_459,TX_1,8.38624212682904
2016-04-30,HOUSEHOLD_1_459,WI_1,8.163363752869337
2016-04-30,HOUSEHOLD_1_521,CA_1,8.101148748962153
2016-04-30,HOUSEHOLD_1_521,TX_1,14.829280942599912
2016-04-30,HOUSEHOLD_1_521,WI_1,5.1924397643051465
2016-05-01,FOODS_1_004,CA_1,4.104521619639502
2016-05-01,FOODS_1_004,TX_1,4.104521619639502
2016-05-01,FOODS_1_004,WI_1,4.104521619639502
2016-05-01,FOODS_1_018,CA_1,14.000391384451039
2016-05-01,FOODS_1_018,TX_1,8.04593543180884
2016-05-01,FOODS_1_018,WI_1,14.442269330094387
2016-05-01,FOODS_1_032,CA_1,2.711536747764932
2016-05-01,FOODS_1_032,TX_1,6.6668970810172015
2016-05-01,FOODS_1_032,WI_1,10.120374056983641
2016-05-01,FOODS_1_043,CA_1,4.104521619639502
2016-05-01,FOODS_1_043,TX_1,13.494082393823419
2016-05-01,FOODS_1_043,WI_1,4.104521619639502
2016-05-01,FOODS_1_046,CA_1,10.097291769823268
2016-05-01,FOODS_1_046,TX_1,2.275573958145658
2016-05-01,FOODS_1_046,WI_1,10.598136128548802
2016-05-01,FOODS_1_085,CA_1,10.577726092492892
2016-05-01,FOODS_1_085,TX_1,4.595822290030874
2016-05-01,FOODS_1_085,WI_1,17.88984173373632
2016-05-01,FOODS_1_218,CA_1,9.336848181044752
2016-05-01,FOODS_1_218,TX_1,10.327265326489963
2016-05-01,FOODS_1_218,WI_1,10.499713021264732
2016-05-01,FOODS_2_019,CA_1,22.40443186583684
2016-05-01,FOODS_2_019,TX_1,2.4904061123258923
2016-05-01,FOODS_2_019,WI_1,1.823810791339614
2016-05-01,FOODS_2_181,CA_1,7.607149338107055
2016-05-01,FOODS_2_181,TX_1,21.71528585136412
2016-05-01,FOODS_2_181,WI_1,8.062443691816862
2016-05-01,FOODS_2_197,CA_1,26.246752554841773
2016-05-01,FOODS_2_197,TX_1,3.9537561502311416
2016-05-01,FOODS_2_197,WI_1,2.9010096790513247
2016-05-01,FOODS_2_276,CA_1,13.4847359567672
2016-05-01,FOODS_2_276,TX_1,3.7988805601335516
2016-05-01,FOODS_2_276,WI_1,3.6808161092133953
2016-05-01,FOODS_2_347,CA_1,12.36036351084216
2016-05-01,FOODS_2_347,TX_1,8.236375015074787
2016-05-01,FOODS_2_347,WI_1,5.888369761431377
2016-05-01,FOODS_2_360,CA_1,11.603846326688876
2016-05-01,FOODS_2_360,TX_1,6.767767675133802
2016-05-01,FOODS_2_360,WI_1,17.843464588731937
2016-05-01,FOODS_3_007,CA_1,11.865771693062014
2016-05-01,FOODS_3_007,TX_1,5.944877652848012
2016-05-01,FOODS_3_007,WI_1,6.253429113321747
2016-05-01,FOODS_3_030,CA_1,9.824813000170307
2016-05-01,FOODS_3_030,TX_1,10.092892083884138
2016-05-01,FOODS_3_030,WI_1,7.852295455246419
2016-05-01,FOODS_3_042,CA_1,3.9308460179377467
2016-05-01,FOODS_3_042,TX_1,2.9189519244626285
2016-05-01,FOODS_3_042,WI_1,19.03354268297777
2016-05-01,FOODS_3_080,CA_1,22.522837314977025
2016-05-01,FOODS_3_080,TX_1,6.808617592602874
2016-05-01,FOODS_3_080,WI_1,14.652831608606077
2016-05-01,FOODS_3_090,CA_1,60.42141586596383
2016-05-01,FOODS_3_090,TX_1,64.79765147430618
2016-05-01,FOODS_3_090,WI_1,26.84525949910635
2016-05-01,FOODS_3_099,CA_1,16.864095049086675
2016-05-01,FOODS_3_099,TX_1,12.566397213745304
2016-05-01,FOODS_3_099,WI_1,10.404416428730888
2016-05-01,FOODS_3_120,CA_1,62.14614354553955
2016-05-01,FOODS_3_120,TX_1,20.26440694008556
2016-05-01,FOODS_3_120,WI_1,15.182610888445579
2016-05-01,FOODS_3_202,CA_1,21.910286069396875
2016-05-01,FOODS_3_202,TX_1,38.076330877160906
2016-05-01,FOODS_3_202,WI_1,15.261508708580282
2016-05-01,FOODS_3_226,CA_1,8.058219038040205
2016-05-01,FOODS_3_226,TX_1,19.180674006967095
2016-05-01,FOODS_3_226,WI_1,45.06894318709858
2016-05-01,FOODS_3_228,CA_1,7.914982555603484
2016-05-01,FOODS_3_228,TX_1,5.423022506722023
2016-05-01,FOODS_3_228,WI_1,3.8946457596672093
2016-05-01,FOODS_3_234,CA_1,8.08992417875774
2016-05-01,FOODS_3_234,TX_1,7.996715519784683
2016-05-01,FOODS_3_234,WI_1,7.697137867591558
2016-05-01,FOODS_3_252,CA_1,50.84155230638915
2016-05-01,FOODS_3_252,TX_1,38.09926859733601
2016-05-01,FOODS_3_252,WI_1,11.051570328027365
2016-05-01,FOODS_3_281,CA_1,11.46365433977585
2016-05-01,FOODS_3_281,TX_1,3.685358896538196
2016-05-01,FOODS_3_281,WI_1,6.915276304798182
2016-05-01,FOODS_3_282,CA_1,34.5791542282613
2016-05-01,FOODS_3_282,TX_1,16.856054327588286
2016-05-01,FOODS_3_282,WI_1,16.40571030065154
2016-05-01,FOODS_3_288,CA_1,20.642708870082256
2016-05-01,FOODS_3_288,TX_1,18.32538018475357
2016-05-01,FOODS_3_288,WI_1,12.667283297440358
2016-05-01,FOODS_3_295,CA_1,28.658227072564678
2016-05-01,FOODS_3_295,TX_1,8.731071532300811
2016-05-01,FOODS_3_295,WI_1,12.021651182013985
2016-05-01,FOODS_3_318,CA_1,13.069517017401097
2016-05-01,FOODS_3_318,TX_1,9.094532128975807
2016-05-01,FOODS_3_318,WI_1,17.871610672591366
2016-05-01,FOODS_3_319,CA_1,6.486568815604722
2016-05-01,FOODS_3_319,TX_1,6.110126364424006
2016-05-01,FOODS_3_319,WI_1,4.49246292146626
2016-05-01,FOODS_3_329,CA_1,15.404847594460966
2016-05-01,FOODS_3_329,TX_1,14.894989850511003
2016-05-01,FOODS_3_329,WI_1,9.638063494951279
2016-05-01,FOODS_3_362,CA_1,22.008007119858068
2016-05-01,FOODS_3_362,TX_1,8.60354018125121
2016-05-01,FOODS_3_362,WI_1,11.701694563571316
2016-05-01,FOODS_3_376,CA_1,5.985934416973333
2016-05-01,FOODS_3_376,TX_1,16.292863867518722
2016-05-01,FOODS_3_376,WI_1,3.0876165647550486
2016-05-01,FOODS_3_377,CA_1,10.331945387726314
2016-05-01,FOODS_3_377,TX_1,16.183322541443825
2016-05-01,FOODS_3_377,WI_1,5.775744337147179
2016-05-01,FOODS_3_389,CA_1,9.399387980433069
2016-05-01,FOODS_3_389,TX_1,17.976775994793478
2016-05-01,FOODS_3_389,WI_1,2.844311749831754
2016-05-01,FOODS_3_406,CA_1,15.962642098466054
2016-05-01,FOODS_3_406,TX_1,5.530201073790949
2016-05-01,FOODS_3_406,WI_1,6.7761517940166085
2016-05-01,FOODS_3_455,CA_1,11.107213229261648
2016-05-01,FOODS_3_455,TX_1,14.244209098090087
2016-05-01,FOODS_3_455,WI_1,1.1969250382849352
2016-05-01,FOODS_3_458,CA_1,8.392636713681844
2016-05-01,FOODS_3_458,TX_1,7.732734731836805
2016-05-01,FOODS_3_458,WI_1,5.267413607214062
2016-05-01,FOODS_3_462,CA_1,7.200712120568491
2016-05-01,FOODS_3_462,TX_1,13.82428291031311
2016-05-01,FOODS_3_462,WI_1,4.786745508905698
2016-05-01,FOODS_3_491,CA_1,12.67213712699671
2016-05-01,FOODS_3_491,TX_1,7.171326146786095
2016-05-01,FOODS_3_491,WI_1,24.615623584380486
2016-05-01,FOODS_3_499,CA_1,15.754048771080804
2016-05-01,FOODS_3_499,TX_1,7.531959150922876
2016-05-01,FOODS_3_499,WI_1,7.477600129226599
2016-05-01,FOODS_3_501,CA_1,21.063119414627632
2016-05-01,FOODS_3_501,TX_1,7.556981591947632
2016-05-01,FOODS_3_501,WI_1,10.226341038277885
2016-05-01,FOODS_3_516,CA_1,11.915197645082314
2016-05-01,FOODS_3_516,TX_1,8.234365396678339
2016-05-01,FOODS_3_516,WI_1,12.74388984388957
2016-05-01,FOODS_3_541,CA_1,3.295751151752068
2016-05-01,FOODS_3_541,TX_1,5.593914628742713
2016-05-01,FOODS_3_541,WI_1,6.110126364424006
2016-05-01,FOODS_3_547,CA_1,5.409518328196909
2016-05-01,FOODS_3_547,TX_1,5.448776030006554
2016-05-01,FOODS_3_547,WI_1,5.020221618473945
2016-05-01,FOODS_3_555,CA_1,24.286636000399422
2016-05-01,FOODS_3_555,TX_1,37.50070869095207
2016-05-01,FOODS_3_555,WI_1,12.687960634913713
2016-05-01,FOODS_3_586,CA_1,53.51179438207683
2016-05-01,FOODS_3_586,TX_1,70.1560826511927
2016-05-01,FOODS_3_586,WI_1,17.41440109720285
2016-05-01,FOODS_3_587,CA_1,26.06750052730281
2016-05-01,FOODS_3_587,TX_1,26.47805092804612
2016-05-01,FOODS_3_587,WI_1,18.04345197224351
2016-05-01,FOODS_3_607,CA_1,16.01087344494734
2016-05-01,FOODS_3_607,TX_1,19.777574823065283
2016-05-01,FOODS_3_607,WI_1,4.028894346669523
2016-05-01,FOODS_3_635,CA_1,3.0996913081501223
2016-05-01,FOODS_3_635,TX_1,7.4474251329941
2016-05-01,FOODS_3_635,WI_1,4.49246292146626
2016-05-01,FOODS_3_668,CA_1,9.275343238330908
2016-05-01,FOODS_3_668,TX_1,2.8153553800876865
2016-05-01,FOODS_3_668,WI_1,14.50698053656999
2016-05-01,FOODS_3_681,CA_1,23.522416660021285
2016-05-01,FOODS_3_681,TX_1,50.34367518599389
2016-05-01,FOODS_3_681,WI_1,3.4032641131352945
2016-05-01,FOODS_3_694,CA_1,13.681022663707196
2016-05-01,FOODS_3_694,TX_1,23.93222407675699
2016-05-01,FOODS_3_694,WI_1,25.533034197346307
2016-05-01,FOODS_3_702,CA_1,14.698454554228363
2016-05-01,FOODS_3_702,TX_1,7.217336055097679
2016-05-01,FOODS_3_702,WI_1,23.89747790834549
2016-05-01,FOODS_3_711,CA_1,4.243014733229503
2016-05-01,FOODS_3_711,TX_1,4.732022271925519
2016-05-01,FOODS_3_711,WI_1,5.564029651333794
2016-05-01,FOODS_3_714,CA_1,23.439879846274152
2016-05-01,FOODS_3_714,TX_1,24.16018807414345
2016-05-01,FOODS_3_714,WI_1,21.42570663555024
2016-05-01,FOODS_3_723,CA_1,14.788774165127329
2016-05-01,FOODS_3_723,TX_1,19.916963540046154
2016-05-01,FOODS_3_723,WI_1,14.202349769829368
2016-05-01,FOODS_3_739,CA_1,16.214402622239415
2016-05-01,FOODS_3_739,TX_1,17.019956844195775
2016-05-01,FOODS_3_739,WI_1,11.28672102246028
2016-05-01,FOODS_3_741,CA_1,21.362943044148697
2016-05-01,FOODS_3_741,TX_1,2.3998660851168903
2016-05-01,FOODS_3_741,WI_1,1.751025787211469
2016-05-01,FOODS_3_744,CA_1,12.154866645227514
2016-05-01,FOODS_3_744,TX_1,2.7828208409449555
2016-05-01,FOODS_3_744,WI_1,6.4190326376294955
2016-05-01,FOODS_3_752,CA_1,5.464622176581005
2016-05-01,FOODS_3_752,TX_1,6.242872915373657
2016-05-01,FOODS_3_752,WI_1,8.403366093063976
2016-05-01,FOODS_3_755,CA_1,15.863879146225607
2016-05-01,FOODS_3_755,TX_1,3.1471068221277387
2016-05-01,FOODS_3_755,WI_1,5.559783880184886
2016-05-01,FOODS_3_764,CA_1,9.571789198071201
2016-05-01,FOODS_3_764,TX_1,7.957857591679683
2016-05-01,FOODS_3_764,WI_1,8.605008462686762
2016-05-01,FOODS_3_785,CA_1,21.138008235804254
2016-05-01,FOODS_3_785,TX_1,18.72177947054088
2016-05-01,FOODS_3_785,WI_1,20.660259670820633
2016-05-01,FOODS_3_808,CA_1,3.246185589195875
2016-05-01,FOODS_3_808,TX_1,3.295751151752068
2016-05-01,FOODS_3_808,WI_1,4.711092991295011
2016-05-01,FOODS_3_811,CA_1,21.817646268067598
2016-05-01,FOODS_3_811,TX_1,19.694031322859466
2016-05-01,FOODS_3_811,WI_1,4.058699941642679
2016-05-01,HOBBIES_1_268,CA_1,19.057248822543283
2016-05-01,HOBBIES_1_268,TX_1,6.105824724700368
2016-05-01,HOBBIES_1_268,WI_1,7.224397368488763
2016-05-01,HOBBIES_1_348,CA_1,11.573965772526037
2016-05-01,HOBBIES_1_348,TX_1,4.724148470105499
2016-05-01,HOBBIES_1_348,WI_1,7.279535588163402
2016-05-01,HOBBIES_1_371,CA_1,16.39452529226794
2016-05-01,HOBBIES_1_371,TX_1,3.982168719003548
2016-05-01,HOBBIES_1_371,WI_1,7.381697928267337
2016-05-01,HOUSEHOLD_1_303,CA_1,6.9964967577660255
2016-05-01,HOUSEHOLD_1_303,TX_1,7.8704199676576705
2016-05-01,HOUSEHOLD_1_303,WI_1,4.704069025463173
2016-05-01,HOUSEHOLD_1_327,CA_1,7.652020940402964
2016-05-01,HOUSEHOLD_1_327,TX_1,4.76206586969407
2016-05-01,HOUSEHOLD_1_327,WI_1,5.011919407336588
2016-05-01,HOUSEHOLD_1_334,CA_1,14.336333240683643
2016-05-01,HOUSEHOLD_1_334,TX_1,12.540359796598715
2016-05-01,HOUSEHOLD_1_334,WI_1,7.034727309389272
2016-05-01,HOUSEHOLD_1_459,CA_1,3.463797790948356
2016-05-01,HOUSEHOLD_1_459,TX_1,8.42638632452476
2016-05-01,HOUSEHOLD_1_459,WI_1,8.511418831540366
2016-05-01,HOUSEHOLD_1_521,CA_1,6.801136955705317
2016-05-01,HOUSEHOLD_1_521,TX_1,15.688727798021127
2016-05-01,HOUSEHOLD_1_521,WI_1,5.34515518722427
2016-05-02,FOODS_1_004,CA_1,4.095437097828748
2016-05-02,FOODS_1_004,TX_1,4.095437097828748
2016-05-02,FOODS_1_004,WI_1,4.095437097828748
2016-05-02,FOODS_1_018,CA_1,8.906027788639406
2016-05-02,FOODS_1_018,TX_1,6.478459636581885
2016-05-02,FOODS_1_018,WI_1,9.852150612634869
2016-05-02,FOODS_1_032,CA_1,1.8080334279480537
2016-05-02,FOODS_1_032,TX_1,5.2550757305016305
2016-05-02,FOODS_1_032,WI_1,7.567798324251966
2016-05-02,FOODS_1_043,CA_1,4.095437097828748
2016-05-02,FOODS_1_043,TX_1,4.348785264406522
2016-05-02,FOODS_1_043,WI_1,4.095437097828748
2016-05-02,FOODS_1_046,CA_1,7.136975880162446
2016-05-02,FOODS_1_046,TX_1,1.522949802422026
2016-05-02,FOODS_1_046,WI_1,6.6744209536398
2016-05-02,FOODS_1_085,CA_1,7.879671393469003
2016-05-02,FOODS_1_085,TX_1,3.7441642369853865
2016-05-02,FOODS_1_085,WI_1,11.105936556232493
2016-05-02,FOODS_1_218,CA_1,6.658437361215335
2016-05-02,FOODS_1_218,TX_1,8.527265909608822
2016-05-02,FOODS_1_218,WI_1,8.330313262858757
2016-05-02,FOODS_2_019,CA_1,16.224741769290855
2016-05-02,FOODS_2_019,TX_1,1.8847554718720319
2016-05-02,FOODS_2_019,WI_1,1.0155422051220184
2016-05-02,FOODS_2_181,CA_1,5.28426734386047
2016-05-02,FOODS_2_181,TX_1,16.664078132445674
2016-05-02,FOODS_2_181,WI_1,6.408726291489883
2016-05-02,FOODS_2_197,CA_1,19.2002692704601
2016-05-02,FOODS_2_197,TX_1,3.0291585272068526
2016-05-02,FOODS_2_197,WI_1,1.9059624228619325
2016-05-02,FOODS_2_276,CA_1,10.460479023916768
2016-05-02,FOODS_2_276,TX_1,3.3013272234088102
2016-05-02,FOODS_2_276,WI_1,2.8581744513517715
2016-05-02,FOODS_2_347,CA_1,9.226185714560147
2016-05-02,FOODS_2_347,TX_1,5.947437279898555
2016-05-02,FOODS_2_347,WI_1,4.216560471688499
2016-05-02,FOODS_2_360,CA_1,8.866538352801077
2016-05-02,FOODS_2_360,TX_1,5.232199321397271
2016-05-02,FOODS_2_360,WI_1,13.52231821185706
2016-05-02,FOODS_3_007,CA_1,5.364740378450791
2016-05-02,FOODS_3_007,TX_1,2.960303941857631
2016-05-02,FOODS_3_007,WI_1,3.8874719135232865
2016-05-02,FOODS_3_030,CA_1,7.289653915427976
2016-05-02,FOODS_3_030,TX_1,8.469831550727553
2016-05-02,FOODS_3_030,WI_1,5.491708080259267
2016-05-02,FOODS_3_042,CA_1,2.755412133295707
2016-05-02,FOODS_3_042,TX_1,2.2850853637182875
2016-05-02,FOODS_3_042,WI_1,12.611417474250993
2016-05-02,FOODS_3_080,CA_1,16.787069685549874
2016-05-02,FOODS_3_080,TX_1,5.2301625627526525
2016-05-02,FOODS_3_080,WI_1,11.025085367982975
2016-05-02,FOODS_3_090,CA_1,42.694896040666215
2016-05-02,FOODS_3_090,TX_1,42.22563537322305
2016-05-02,FOODS_3_090,WI_1,16.986367966035115
2016-05-02,FOODS_3_099,CA_1,13.696280706284954
2016-05-02,FOODS_3_099,TX_1,8.55693973044482
2016-05-02,FOODS_3_099,WI_1,7.521851875930346
2016-05-02,FOODS_3_120,CA_1,29.689729796144892
2016-05-02,FOODS_3_120,TX_1,15.960248406134863
2016-05-02,FOODS_3_120,WI_1,9.434733989921279
2016-05-02,FOODS_3_202,CA_1,15.453912788083358
2016-05-02,FOODS_3_202,TX_1,21.906891264654906
2016-05-02,FOODS_3_202,WI_1,9.436061914555154
2016-05-02,FOODS_3_226,CA_1,5.393846546592552
2016-05-02,FOODS_3_226,TX_1,13.311344760242656
2016-05-02,FOODS_3_226,WI_1,32.577259170098614
2016-05-02,FOODS_3_228,CA_1,6.402619868169967
2016-05-02,FOODS_3_228,TX_1,4.34523881024921
2016-05-02,FOODS_3_228,WI_1,2.8213851445914218
2016-05-02,FOODS_3_234,CA_1,6.508475700061623
2016-05-02,FOODS_3_234,TX_1,5.138255466447569
2016-05-02,FOODS_3_234,WI_1,6.457255181675074
2016-05-02,FOODS_3_252,CA_1,31.461415036905773
2016-05-02,FOODS_3_252,TX_1,26.597057950965024
2016-05-02,FOODS_3_252,WI_1,7.33602377703578
2016-05-02,FOODS_3_281,CA_1,7.939415141238686
2016-05-02,FOODS_3_281,TX_1,2.7567261644902947
2016-05-02,FOODS_3_281,WI_1,5.518335200096717
2016-05-02,FOODS_3_282,CA_1,20.60829098148713
2016-05-02,FOODS_3_282,TX_1,14.669679662495355
2016-05-02,FOODS_3_282,WI_1,11.111370984235496
2016-05-02,FOODS_3_288,CA_1,16.125999704628896
2016-05-02,FOODS_3_288,TX_1,13.561250834877798
2016-05-02,FOODS_3_288,WI_1,8.700433095585543
2016-05-02,FOODS_3_295,CA_1,23.012336116955474
2016-05-02,FOODS_3_295,TX_1,6.458236200544618
2016-05-02,FOODS_3_295,WI_1,8.634529528550186
2016-05-02,FOODS_3_318,CA_1,8.855188422398541
2016-05-02,FOODS_3_318,TX_1,6.7675063077271265
2016-05-02,FOODS_3_318,WI_1,11.45180805646175
2016-05-02,FOODS_3_319,CA_1,6.065174855330246
2016-05-02,FOODS_3_319,TX_1,6.283225915879684
2016-05-02,FOODS_3_319,WI_1,4.260487895757542
2016-05-02,FOODS_3_329,CA_1,11.131364205031494
2016-05-02,FOODS_3_329,TX_1,9.865303331357069
2016-05-02,FOODS_3_329,WI_1,7.386618157107489
2016-05-02,FOODS_3_362,CA_1,16.31059307810148
2016-05-02,FOODS_3_362,TX_1,6.6140688154289355
2016-05-02,FOODS_3_362,WI_1,8.360255332277871
2016-05-02,FOODS_3_376,CA_1,4.846925277421956
2016-05-02,FOODS_3_376,TX_1,8.732586901794742
2016-05-02,FOODS_3_376,WI_1,2.5714425576538233
2016-05-02,FOODS_3_377,CA_1,7.481645255626262
2016-05-02,FOODS_3_377,TX_1,11.030555347014818
2016-05-02,FOODS_3_377,WI_1,4.4966280444036295
2016-05-02,FOODS_3_389,CA_1,6.4750352487733815
2016-05-02,FOODS_3_389,TX_1,12.617068633534585
2016-05-02,FOODS_3_389,WI_1,2.298603758905931
2016-05-02,FOODS_3_406,CA_1,12.486814562470395
2016-05-02,FOODS_3_406,TX_1,3.7927096452231392
2016-05-02,FOODS_3_406,WI_1,5.170250295493798
2016-05-02,FOODS_3_455,CA_1,7.615985765056094
2016-05-02,FOODS_3_455,TX_1,9.782942566522587
2016-05-02,FOODS_3_455,WI_1,0.9881644542047351
2016-05-02,FOODS_3_458,CA_1,6.272431002395905
2016-05-02,FOODS_3_458,TX_1,5.848626675053489
2016-05-02,FOODS_3_458,WI_1,3.4288297793504317
2016-05-02,FOODS_3_462,CA_1,5.230274624341283
2016-05-02,FOODS_3_462,TX_1,8.307428027770111
2016-05-02,FOODS_3_462,WI_1,3.5147238961352834
2016-05-02,FOODS_3_491,CA_1,8.525683967249778
2016-05-02,FOODS_3_491,TX_1,4.5817987556942406
2016-05-02,FOODS_3_491,WI_1,16.292663804103892
2016-05-02,FOODS_3_499,CA_1,13.604540200420988
2016-05-02,FOODS_3_499,TX_1,6.590024987874926
2016-05-02,FOODS_3_499,WI_1,5.510380342587042
2016-05-02,FOODS_3_501,CA_1,13.684792576408936
2016-05-02,FOODS_3_501,TX_1,5.259792850819054
2016-05-02,FOODS_3_501,WI_1,6.035263114034921
2016-05-02,FOODS_3_516,CA_1,8.166597962325316
2016-05-02,FOODS_3_516,TX_1,6.451472471636922
2016-05-02,FOODS_3_516,WI_1,8.315433203811587
2016-05-02,FOODS_3_541,CA_1,2.5638445521013193
2016-05-02,FOODS_3_541,TX_1,6.769941922895709
2016-05-02,FOODS_3_541,WI_1,6.283225915879684
2016-05-02,FOODS_3_547,CA_1,5.241347357403458
2016-05-02,FOODS_3_547,TX_1,4.416739840246392
2016-05-02,FOODS_3_547,WI_1,3.5819346982018594
2016-05-02,FOODS_3_555,CA_1,16.514200934932
2016-05-02,FOODS_3_555,TX_1,25.053870809208764
2016-05-02,FOODS_3_555,WI_1,8.151176473049963
2016-05-02,FOODS_3_586,CA_1,32.571973719635245
2016-05-02,FOODS_3_586,TX_1,50.756053885255575
2016-05-02,FOODS_3_586,WI_1,12.686491224455606
2016-05-02,FOODS_3_587,CA_1,18.259105363487333
2016-05-02,FOODS_3_587,TX_1,19.366273468028943
2016-05-02,FOODS_3_587,WI_1,12.290661916602028
2016-05-02,FOODS_3_607,CA_1,10.05458546582913
2016-05-02,FOODS_3_607,TX_1,12.561194292559344
2016-05-02,FOODS_3_607,WI_1,2.630893286848974
2016-05-02,FOODS_3_635,CA_1,3.440406042112857
2016-05-02,FOODS_3_635,TX_1,6.728525331134472
2016-05-02,FOODS_3_635,WI_1,4.260487895757542
2016-05-02,FOODS_3_668,CA_1,6.799222463201778
2016-05-02,FOODS_3_668,TX_1,2.268742220172453
2016-05-02,FOODS_3_668,WI_1,9.731292101349423
2016-05-02,FOODS_3_681,CA_1,19.023829484175835
2016-05-02,FOODS_3_681,TX_1,36.472577150855
2016-05-02,FOODS_3_681,WI_1,2.5952362454426487
2016-05-02,FOODS_3_694,CA_1,9.65215143936206
2016-05-02,FOODS_3_694,TX_1,16.54989131555076
2016-05-02,FOODS_3_694,WI_1,17.271070366451873
2016-05-02,FOODS_3_702,CA_1,9.92163390195126
2016-05-02,FOODS_3_702,TX_1,5.31545254476921
2016-05-02,FOODS_3_702,WI_1,19.02762562407446
2016-05-02,FOODS_3_711,CA_1,3.4735041866301026
2016-05-02,FOODS_3_711,TX_1,3.5538565785767036
2016-05-02,FOODS_3_711,WI_1,4.5236469423276375
2016-05-02,FOODS_3_714,CA_1,16.854031365124882
2016-05-02,FOODS_3_714,TX_1,16.993532529607677
2016-05-02,FOODS_3_714,WI_1,15.39394001418604
2016-05-02,FOODS_3_723,CA_1,11.128325575206915
2016-05-02,FOODS_3_723,TX_1,16.292587871502214
2016-05-02,FOODS_3_723,WI_1,8.917512777669137
2016-05-02,FOODS_3_739,CA_1,12.377821616067521
2016-05-02,FOODS_3_739,TX_1,12.57709531533047
2016-05-02,FOODS_3_739,WI_1,8.054549531414764
2016-05-02,FOODS_3_741,CA_1,13.142518853931305
2016-05-02,FOODS_3_741,TX_1,1.803493666108902
2016-05-02,FOODS_3_741,WI_1,1.4553883802611824
2016-05-02,FOODS_3_744,CA_1,8.797390081990683
2016-05-02,FOODS_3_744,TX_1,2.0228325349546266
2016-05-02,FOODS_3_744,WI_1,4.43969615872919
2016-05-02,FOODS_3_752,CA_1,4.459741791971731
2016-05-02,FOODS_3_752,TX_1,3.9974102244873757
2016-05-02,FOODS_3_752,WI_1,5.5037198799539935
2016-05-02,FOODS_3_755,CA_1,10.479227371543095
2016-05-02,FOODS_3_755,TX_1,2.4931862235396043
2016-05-02,FOODS_3_755,WI_1,3.615002460698148
2016-05-02,FOODS_3_764,CA_1,6.541488054224805
2016-05-02,FOODS_3_764,TX_1,5.949991101140913
2016-05-02,FOODS_3_764,WI_1,6.441420539871997
2016-05-02,FOODS_3_785,CA_1,15.586076405750664
2016-05-02,FOODS_3_785,TX_1,11.519866055920293
2016-05-02,FOODS_3_785,WI_1,16.066125720565587
2016-05-02,FOODS_3_808,CA_1,3.291643727124255
2016-05-02,FOODS_3_808,TX_1,3.440406042112857
2016-05-02,FOODS_3_808,WI_1,5.462866195259866
2016-05-02,FOODS_3_811,CA_1,14.948145295050708
2016-05-02,FOODS_3_811,TX_1,13.546324532858428
2016-05-02,FOODS_3_811,WI_1,2.9074751309893245
2016-05-02,HOBBIES_1_268,CA_1,12.750485609101684
2016-05-02,HOBBIES_1_268,TX_1,4.835242989288445
2016-05-02,HOBBIES_1_268,WI_1,5.082930883453519
2016-05-02,HOBBIES_1_348,CA_1,5.077452390882348
2016-05-02,HOBBIES_1_348,TX_1,3.6953720121326734
2016-05-02,HOBBIES_1_348,WI_1,5.085391871417644
2016-05-02,HOBBIES_1_371,CA_1,9.295105514915628
2016-05-02,HOBBIES_1_371,TX_1,2.8163410217552802
2016-05-02,HOBBIES_1_371,WI_1,6.7302360780446975
2016-05-02,HOUSEHOLD_1_303,CA_1,6.084346666554651
2016-05-02,HOUSEHOLD_1_303,TX_1,5.601090029503963
2016-05-02,HOUSEHOLD_1_303,WI_1,3.9272051617749453
2016-05-02,HOUSEHOLD_1_327,CA_1,5.50369355073032
2016-05-02,HOUSEHOLD_1_327,TX_1,4.548010499721937
2016-05-02,HOUSEHOLD_1_327,WI_1,3.56916843135574
2016-05-02,HOUSEHOLD_1_334,CA_1,10.019771011574232
2016-05-02,HOUSEHOLD_1_334,TX_1,8.100090866707257
2016-05-02,HOUSEHOLD_1_334,WI_1,5.496457506239579
2016-05-02,HOUSEHOLD_1_459,CA_1,2.58945574529435
2016-05-02,HOUSEHOLD_1_459,TX_1,6.488817033981199
2016-05-02,HOUSEHOLD_1_459,WI_1,6.394362037405504
2016-05-02,HOUSEHOLD_1_521,CA_1,5.577969082918855
2016-05-02,HOUSEHOLD_1_521,TX_1,9.628306327723672
2016-05-02,HOUSEHOLD_1_521,WI_1,3.6323855126789883
2016-05-03,FOODS_1_004,CA_1,3.2545229522313774
2016-05-03,FOODS_1_004,TX_1,3.2545229522313774
2016-05-03,FOODS_1_004,WI_1,3.2545229522313774
2016-05-03,FOODS_1_018,CA_1,9.361309013907796
2016-05-03,FOODS_1_018,TX_1,6.805987113972158
2016-05-03,FOODS_1_018,WI_1,9.580103049814335
2016-05-03,FOODS_1_032,CA_1,1.7123540146718323
2016-05-03,FOODS_1_032,TX_1,5.380076837186002
2016-05-03,FOODS_1_032,WI_1,7.565087246658137
2016-05-03,FOODS_1_043,CA_1,3.2545229522313774
2016-05-03,FOODS_1_043,TX_1,4.716634535965097
2016-05-03,FOODS_1_043,WI_1,3.2545229522313774
2016-05-03,FOODS_1_046,CA_1,7.119170036790206
2016-05-03,FOODS_1_046,TX_1,1.5762412183650545
2016-05-03,FOODS_1_046,WI_1,7.097829694598026
2016-05-03,FOODS_1_085,CA_1,7.560951312103835
2016-05-03,FOODS_1_085,TX_1,3.7102259917561162
2016-05-03,FOODS_1_085,WI_1,11.35527293643346
2016-05-03,FOODS_1_218,CA_1,6.890568693688335
2016-05-03,FOODS_1_218,TX_1,8.881905399365825
2016-05-03,FOODS_1_218,WI_1,8.102738700592107
2016-05-03,FOODS_2_019,CA_1,13.609442541617156
2016-05-03,FOODS_2_019,TX_1,1.9380693817823504
2016-05-03,FOODS_2_019,WI_1,0.9634696155406904
2016-05-03,FOODS_2_181,CA_1,5.4621565295925745
2016-05-03,FOODS_2_181,TX_1,16.645161780422026
2016-05-03,FOODS_2_181,WI_1,6.3157200657558725
2016-05-03,FOODS_2_197,CA_1,17.18366516944908
2016-05-03,FOODS_2_197,TX_1,3.2834714824040416
2016-05-03,FOODS_2_197,WI_1,1.9123029392174231
2016-05-03,FOODS_2_276,CA_1,9.709979779999923
2016-05-03,FOODS_2_276,TX_1,3.3229634280570473
2016-05-03,FOODS_2_276,WI_1,3.1112351220608008
2016-05-03,FOODS_2_347,CA_1,8.699946314221817
2016-05-03,FOODS_2_347,TX_1,6.250045138364047
2016-05-03,FOODS_2_347,WI_1,4.087358117822582
2016-05-03,FOODS_2_360,CA_1,8.274295892936307
2016-05-03,FOODS_2_360,TX_1,5.548416296369537
2016-05-03,FOODS_2_360,WI_1,13.429907926586404
2016-05-03,FOODS_3_007,CA_1,5.457016633097424
2016-05-03,FOODS_3_007,TX_1,3.088698989957565
2016-05-03,FOODS_3_007,WI_1,4.286405728287118
2016-05-03,FOODS_3_030,CA_1,7.184631749743966
2016-05-03,FOODS_3_030,TX_1,7.389310544401938
2016-05-03,FOODS_3_030,WI_1,5.645408943663839
2016-05-03,FOODS_3_042,CA_1,2.9090478813715883
2016-05-03,FOODS_3_042,TX_1,2.4247550727701888
2016-05-03,FOODS_3_042,WI_1,13.016879304298195
2016-05-03,FOODS_3_080,CA_1,16.164019751076506
2016-05-03,FOODS_3_080,TX_1,5.44460605168741
2016-05-03,FOODS_3_080,WI_1,11.226082299744576
2016-05-03,FOODS_3_090,CA_1,44.189242018792385
2016-05-03,FOODS_3_090,TX_1,41.8419388633257
2016-05-03,FOODS_3_090,WI_1,18.8159254364124
2016-05-03,FOODS_3_099,CA_1,13.277494469215265
2016-05-03,FOODS_3_099,TX_1,8.987901537391346
2016-05-03,FOODS_3_099,WI_1,7.581901664611139
2016-05-03,FOODS_3_120,CA_1,30.759100606790934
2016-05-03,FOODS_3_120,TX_1,14.096841199762746
2016-05-03,FOODS_3_120,WI_1,8.71308811784155
2016-05-03,FOODS_3_202,CA_1,14.10357785029118
2016-05-03,FOODS_3_202,TX_1,21.0668515979947
2016-05-03,FOODS_3_202,WI_1,9.180255012699241
2016-05-03,FOODS_3_226,CA_1,5.617375518733538
2016-05-03,FOODS_3_226,TX_1,13.692977405389081
2016-05-03,FOODS_3_226,WI_1,29.903762740491434
2016-05-03,FOODS_3_228,CA_1,6.020085320476738
2016-05-03,FOODS_3_228,TX_1,4.555992173113952
2016-05-03,FOODS_3_228,WI_1,2.8844326678411214
2016-05-03,FOODS_3_234,CA_1,8.564297165221165
2016-05-03,FOODS_3_234,TX_1,5.640111614472357
2016-05-03,FOODS_3_234,WI_1,7.689092269070054
2016-05-03,FOODS_3_252,CA_1,30.881669269718582
2016-05-03,FOODS_3_252,TX_1,26.071605643549425
2016-05-03,FOODS_3_252,WI_1,7.245325217075175
2016-05-03,FOODS_3_281,CA_1,7.881102518773216
2016-05-03,FOODS_3_281,TX_1,2.8964632611538694
2016-05-03,FOODS_3_281,WI_1,5.870243533161819
2016-05-03,FOODS_3_282,CA_1,18.428833556422102
2016-05-03,FOODS_3_282,TX_1,12.96182501812807
2016-05-03,FOODS_3_282,WI_1,11.332307384455145
2016-05-03,FOODS_3_288,CA_1,15.95453662458646
2016-05-03,FOODS_3_288,TX_1,13.11025586005706
2016-05-03,FOODS_3_288,WI_1,8.673941565323242
2016-05-03,FOODS_3_295,CA_1,18.77752664092041
2016-05-03,FOODS_3_295,TX_1,6.76374177819383
2016-05-03,FOODS_3_295,WI_1,7.71121812424504
2016-05-03,FOODS_3_318,CA_1,8.798589035609027
2016-05-03,FOODS_3_318,TX_1,6.729617255094765
2016-05-03,FOODS_3_318,WI_1,12.40320809848875
2016-05-03,FOODS_3_319,CA_1,6.62942508609595
2016-05-03,FOODS_3_319,TX_1,7.875080820957114
2016-05-03,FOODS_3_319,WI_1,6.108532070985007
2016-05-03,FOODS_3_329,CA_1,11.258490942583824
2016-05-03,FOODS_3_329,TX_1,10.069490938991272
2016-05-03,FOODS_3_329,WI_1,7.4430927619983915
2016-05-03,FOODS_3_362,CA_1,13.002957761827352
2016-05-03,FOODS_3_362,TX_1,6.9467618363148524
2016-05-03,FOODS_3_362,WI_1,8.07143619764633
2016-05-03,FOODS_3_376,CA_1,4.425839723076955
2016-05-03,FOODS_3_376,TX_1,9.154796133977635
2016-05-03,FOODS_3_376,WI_1,2.8800611064879105
2016-05-03,FOODS_3_377,CA_1,7.553849298108356
2016-05-03,FOODS_3_377,TX_1,11.2940102340754
2016-05-03,FOODS_3_377,WI_1,4.133178913880985
2016-05-03,FOODS_3_389,CA_1,6.849589475776021
2016-05-03,FOODS_3_389,TX_1,12.689754487477517
2016-05-03,FOODS_3_389,WI_1,2.403876319581338
2016-05-03,FOODS_3_406,CA_1,12.661843717590969
2016-05-03,FOODS_3_406,TX_1,3.7595758635334993
2016-05-03,FOODS_3_406,WI_1,5.20699464796491
2016-05-03,FOODS_3_455,CA_1,7.389499411721163
2016-05-03,FOODS_3_455,TX_1,9.906772287861491
2016-05-03,FOODS_3_455,WI_1,0.9858015448485418
2016-05-03,FOODS_3_458,CA_1,6.388967861168222
2016-05-03,FOODS_3_458,TX_1,6.231027098853242
2016-05-03,FOODS_3_458,WI_1,3.5103155042903165
2016-05-03,FOODS_3_462,CA_1,5.459216814480255
2016-05-03,FOODS_3_462,TX_1,8.41823590757162
2016-05-03,FOODS_3_462,WI_1,3.500933490746821
2016-05-03,FOODS_3_491,CA_1,8.665721073642823
2016-05-03,FOODS_3_491,TX_1,4.612432607297423
2016-05-03,FOODS_3_491,WI_1,15.753652236204909
2016-05-03,FOODS_3_499,CA_1,11.6314417990088
2016-05-03,FOODS_3_499,TX_1,7.166075783597445
2016-05-03,FOODS_3_499,WI_1,5.676212169610974
2016-05-03,FOODS_3_501,CA_1,13.526141285838413
2016-05-03,FOODS_3_501,TX_1,5.4255451129941825
2016-05-03,FOODS_3_501,WI_1,5.823980994384211
2016-05-03,FOODS_3_516,CA_1,8.615941380100397
2016-05-03,FOODS_3_516,TX_1,6.648632044540562
2016-05-03,FOODS_3_516,WI_1,8.465064864024157
2016-05-03,FOODS_3_541,CA_1,2.267710008396038
2016-05-03,FOODS_3_541,TX_1,6.97020885340535
2016-05-03,FOODS_3_541,WI_1,7.875080820957114
2016-05-03,FOODS_3_547,CA_1,5.891120240997589
2016-05-03,FOODS_3_547,TX_1,3.8995064301376208
2016-05-03,FOODS_3_547,WI_1,3.561950645759723
2016-05-03,FOODS_3_555,CA_1,17.0126792345596
2016-05-03,FOODS_3_555,TX_1,24.7992768592771
2016-05-03,FOODS_3_555,WI_1,8.211885946983458
2016-05-03,FOODS_3_586,CA_1,31.08524229717773
2016-05-03,FOODS_3_586,TX_1,51.28317744870808
2016-05-03,FOODS_3_586,WI_1,13.29170316070818
2016-05-03,FOODS_3_587,CA_1,17.071932479243205
2016-05-03,FOODS_3_587,TX_1,18.966691604498145
2016-05-03,FOODS_3_587,WI_1,13.20355709731974
2016-05-03,FOODS_3_607,CA_1,10.52863867662875
2016-05-03,FOODS_3_607,TX_1,13.575161563661872
2016-05-03,FOODS_3_607,WI_1,2.895596749234116
2016-05-03,FOODS_3_635,CA_1,6.030618564948989
2016-05-03,FOODS_3_635,TX_1,7.81551890591679
2016-05-03,FOODS_3_635,WI_1,6.108532070985007
2016-05-03,FOODS_3_668,CA_1,6.782831217049408
2016-05-03,FOODS_3_668,TX_1,2.3764929619518487
2016-05-03,FOODS_3_668,WI_1,9.923907973764893
2016-05-03,FOODS_3_681,CA_1,16.485126962170746
2016-05-03,FOODS_3_681,TX_1,33.45242156775892
2016-05-03,FOODS_3_681,WI_1,2.734760584072863
2016-05-03,FOODS_3_694,CA_1,9.432403488920288
2016-05-03,FOODS_3_694,TX_1,16.871297886466497
2016-05-03,FOODS_3_694,WI_1,16.848097116588388
2016-05-03,FOODS_3_702,CA_1,10.406100313731578
2016-05-03,FOODS_3_702,TX_1,5.573130761047976
2016-05-03,FOODS_3_702,WI_1,17.07820627841828
2016-05-03,FOODS_3_711,CA_1,3.2164605851550556
2016-05-03,FOODS_3_711,TX_1,3.6989970552591536
2016-05-03,FOODS_3_711,WI_1,5.178572194118147
2016-05-03,FOODS_3_714,CA_1,16.60463865984995
2016-05-03,FOODS_3_714,TX_1,17.044896188498033
2016-05-03,FOODS_3_714,WI_1,15.07253136307746
2016-05-03,FOODS_3_723,CA_1,11.335668564487976
2016-05-03,FOODS_3_723,TX_1,16.152439668809887
2016-05-03,FOODS_3_723,WI_1,9.399635743485186
2016-05-03,FOODS_3_739,CA_1,12.462261411865793
2016-05-03,FOODS_3_739,TX_1,12.455268608235926
2016-05-03,FOODS_3_739,WI_1,8.009957399335748
2016-05-03,FOODS_3_741,CA_1,13.119873866765252
2016-05-03,FOODS_3_741,TX_1,1.8736085211086897
2016-05-03,FOODS_3_741,WI_1,1.5099033147054084
2016-05-03,FOODS_3_744,CA_1,8.251624994537138
2016-05-03,FOODS_3_744,TX_1,2.069844609121416
2016-05-03,FOODS_3_744,WI_1,4.59171168173231
2016-05-03,FOODS_3_752,CA_1,4.256786740746634
2016-05-03,FOODS_3_752,TX_1,5.020215620831404
2016-05-03,FOODS_3_752,WI_1,5.747781358937066
2016-05-03,FOODS_3_755,CA_1,9.91279073145816
2016-05-03,FOODS_3_755,TX_1,2.5723109058040228
2016-05-03,FOODS_3_755,WI_1,3.6294274070215375
2016-05-03,FOODS_3_764,CA_1,6.947292581510514
2016-05-03,FOODS_3_764,TX_1,5.919494737578756
2016-05-03,FOODS_3_764,WI_1,6.75296424257854
2016-05-03,FOODS_3_785,CA_1,13.479488692194877
2016-05-03,FOODS_3_785,TX_1,11.580252870961592
2016-05-03,FOODS_3_785,WI_1,13.203991176484694
2016-05-03,FOODS_3_808,CA_1,5.313189073798115
2016-05-03,FOODS_3_808,TX_1,6.030618564948989
2016-05-03,FOODS_3_808,WI_1,7.595518804309108
2016-05-03,FOODS_3_811,CA_1,14.330757634999188
2016-05-03,FOODS_3_811,TX_1,13.288661407553821
2016-05-03,FOODS_3_811,WI_1,3.194906263299068
2016-05-03,HOBBIES_1_268,CA_1,12.187007013109453
2016-05-03,HOBBIES_1_268,TX_1,4.589703581735346
2016-05-03,HOBBIES_1_268,WI_1,5.044055829692859
2016-05-03,HOBBIES_1_348,CA_1,5.976459608321245
2016-05-03,HOBBIES_1_348,TX_1,3.6830174122085797
2016-05-03,HOBBIES_1_348,WI_1,5.061403911782924
2016-05-03,HOBBIES_1_371,CA_1,10.928755476853734
2016-05-03,HOBBIES_1_371,TX_1,2.7375227696894346
2016-05-03,HOBBIES_1_371,WI_1,7.159904844012614
2016-05-03,HOUSEHOLD_1_303,CA_1,5.9377679479930325
2016-05-03,HOUSEHOLD_1_303,TX_1,5.65353670346129
2016-05-03,HOUSEHOLD_1_303,WI_1,4.125999385249937
2016-05-03,HOUSEHOLD_1_327,CA_1,5.6653996834644555
2016-05-03,HOUSEHOLD_1_327,TX_1,4.5955356558008615
2016-05-03,HOUSEHOLD_1_327,WI_1,3.622135152068024
2016-05-03,HOUSEHOLD_1_334,CA_1,10.310957382750628
2016-05-03,HOUSEHOLD_1_334,TX_1,8.176691796175525
2016-05-03,HOUSEHOLD_1_334,WI_1,5.640290088684031
2016-05-03,HOUSEHOLD_1_459,CA_1,2.659761572662709
2016-05-03,HOUSEHOLD_1_459,TX_1,6.701444729265169
2016-05-03,HOUSEHOLD_1_459,WI_1,6.329602309834964
2016-05-03,HOUSEHOLD_1_521,CA_1,5.732300348931524
2016-05-03,HOUSEHOLD_1_521,TX_1,9.525165061152757
2016-05-03,HOUSEHOLD_1_521,WI_1,3.607129143163902
2016-05-04,FOODS_1_004,CA_1,6.03482181368324
2016-05-04,FOODS_1_004,TX_1,6.03482181368324
2016-05-04,FOODS_1_004,WI_1,6.03482181368324
2016-05-04,FOODS_1_018,CA_1,8.748023008018478
2016-05-04,FOODS_1_018,TX_1,6.2272353271093435
2016-05-04,FOODS_1_018,WI_1,9.606080897611202
2016-05-04,FOODS_1_032,CA_1,1.8195482743905078
2016-05-04,FOODS_1_032,TX_1,5.1476419050355835
2016-05-04,FOODS_1_032,WI_1,7.376977544571508
2016-05-04,FOODS_1_043,CA_1,6.03482181368324
2016-05-04,FOODS_1_043,TX_1,6.469097544707009
2016-05-04,FOODS_1_043,WI_1,6.03482181368324
2016-05-04,FOODS_1_046,CA_1,6.837298425303293
2016-05-04,FOODS_1_046,TX_1,1.5666177148305744
2016-05-04,FOODS_1_046,WI_1,7.05100223857037
2016-05-04,FOODS_1_085,CA_1,7.537639713429021
2016-05-04,FOODS_1_085,TX_1,3.5445839513499697
2016-05-04,FOODS_1_085,WI_1,10.711851752820849
2016-05-04,FOODS_1_218,CA_1,6.683306526445006
2016-05-04,FOODS_1_218,TX_1,8.253154428263581
2016-05-04,FOODS_1_218,WI_1,8.179772821656663
2016-05-04,FOODS_2_019,CA_1,13.784654458942555
2016-05-04,FOODS_2_019,TX_1,1.9826004782576498
2016-05-04,FOODS_2_019,WI_1,0.9435262432195566
2016-05-04,FOODS_2_181,CA_1,5.022470849613902
2016-05-04,FOODS_2_181,TX_1,16.38327333437561
2016-05-04,FOODS_2_181,WI_1,6.0214811882376305
2016-05-04,FOODS_2_197,CA_1,17.83271564764634
2016-05-04,FOODS_2_197,TX_1,2.8240427488899553
2016-05-04,FOODS_2_197,WI_1,1.896733563470751
2016-05-04,FOODS_2_276,CA_1,9.287240005434303
2016-05-04,FOODS_2_276,TX_1,3.091297747300092
2016-05-04,FOODS_2_276,WI_1,2.661642773858326
2016-05-04,FOODS_2_347,CA_1,8.80510355979638
2016-05-04,FOODS_2_347,TX_1,5.619336570201143
2016-05-04,FOODS_2_347,WI_1,3.7618708982370372
2016-05-04,FOODS_2_360,CA_1,8.18625545258262
2016-05-04,FOODS_2_360,TX_1,4.668619910983491
2016-05-04,FOODS_2_360,WI_1,13.444382569456591
2016-05-04,FOODS_3_007,CA_1,4.575952513976908
2016-05-04,FOODS_3_007,TX_1,2.872109323741416
2016-05-04,FOODS_3_007,WI_1,4.111600388993488
2016-05-04,FOODS_3_030,CA_1,6.691065088069287
2016-05-04,FOODS_3_030,TX_1,7.626541962952683
2016-05-04,FOODS_3_030,WI_1,5.18297514881601
2016-05-04,FOODS_3_042,CA_1,2.655325214550922
2016-05-04,FOODS_3_042,TX_1,2.2604534597579398
2016-05-04,FOODS_3_042,WI_1,12.944335945863607
2016-05-04,FOODS_3_080,CA_1,17.147310636024773
2016-05-04,FOODS_3_080,TX_1,5.247947385040773
2016-05-04,FOODS_3_080,WI_1,10.699779359998493
2016-05-04,FOODS_3_090,CA_1,44.60135386244815
2016-05-04,FOODS_3_090,TX_1,38.09011927665474
2016-05-04,FOODS_3_090,WI_1,17.015470250025967
2016-05-04,FOODS_3_099,CA_1,12.45987935854703
2016-05-04,FOODS_3_099,TX_1,8.845305266673119
2016-05-04,FOODS_3_099,WI_1,7.482302395113622
2016-05-04,FOODS_3_120,CA_1,30.852308477962648
2016-05-04,FOODS_3_120,TX_1,13.659268202264947
2016-05-04,FOODS_3_120,WI_1,9.065679108226359
2016-05-04,FOODS_3_202,CA_1,13.621607725527166
2016-05-04,FOODS_3_202,TX_1,19.925469180727834
2016-05-04,FOODS_3_202,WI_1,9.343269214232514
2016-05-04,FOODS_3_226,CA_1,5.176796693628266
2016-05-04,FOODS_3_226,TX_1,13.609875455478702
2016-05-04,FOODS_3_226,WI_1,29.199949832639575
2016-05-04,FOODS_3_228,CA_1,5.366749307148735
2016-05-04,FOODS_3_228,TX_1,4.1210436598870865
2016-05-04,FOODS_3_228,WI_1,2.721771420964235
2016-05-04,FOODS_3_234,CA_1,6.716462961147804
2016-05-04,FOODS_3_234,TX_1,4.359289394859912
2016-05-04,FOODS_3_234,WI_1,6.166763873007552
2016-05-04,FOODS_3_252,CA_1,29.59368968987617
2016-05-04,FOODS_3_252,TX_1,26.082071264374225
2016-05-04,FOODS_3_252,WI_1,7.066782451387964
2016-05-04,FOODS_3_281,CA_1,7.655308438184225
2016-05-04,FOODS_3_281,TX_1,2.6771184613623484
2016-05-04,FOODS_3_281,WI_1,5.441861032942263
2016-05-04,FOODS_3_282,CA_1,18.002576692131807
2016-05-04,FOODS_3_282,TX_1,12.464362951784375
2016-05-04,FOODS_3_282,WI_1,11.05855180632473
2016-05-04,FOODS_3_288,CA_1,14.791406135418455
2016-05-04,FOODS_3_288,TX_1,13.251963160139393
2016-05-04,FOODS_3_288,WI_1,8.256692796406067
2016-05-04,FOODS_3_295,CA_1,17.822990905703644
2016-05-04,FOODS_3_295,TX_1,6.310083076327917
2016-05-04,FOODS_3_295,WI_1,7.551268368352714
2016-05-04,FOODS_3_318,CA_1,8.264582703841441
2016-05-04,FOODS_3_318,TX_1,6.46720032931027
2016-05-04,FOODS_3_318,WI_1,11.040579121695618
2016-05-04,FOODS_3_319,CA_1,7.628750035574663
2016-05-04,FOODS_3_319,TX_1,7.668582214597632
2016-05-04,FOODS_3_319,WI_1,6.217759004496414
2016-05-04,FOODS_3_329,CA_1,11.178744639147624
2016-05-04,FOODS_3_329,TX_1,9.319521554166755
2016-05-04,FOODS_3_329,WI_1,7.235333631260626
2016-05-04,FOODS_3_362,CA_1,13.961995338711901
2016-05-04,FOODS_3_362,TX_1,6.649895959490028
2016-05-04,FOODS_3_362,WI_1,7.962550051726806
2016-05-04,FOODS_3_376,CA_1,4.215737265990374
2016-05-04,FOODS_3_376,TX_1,8.830993097913407
2016-05-04,FOODS_3_376,WI_1,2.6655816199721896
2016-05-04,FOODS_3_377,CA_1,7.32846815293074
2016-05-04,FOODS_3_377,TX_1,10.86628607700799
2016-05-04,FOODS_3_377,WI_1,4.024614663324108
2016-05-04,FOODS_3_389,CA_1,6.652153116534338
2016-05-04,FOODS_3_389,TX_1,12.655218983042571
2016-05-04,FOODS_3_389,WI_1,2.279695528074856
2016-05-04,FOODS_3_406,CA_1,11.410560575039522
2016-05-04,FOODS_3_406,TX_1,3.6549880998994855
2016-05-04,FOODS_3_406,WI_1,4.997674649158631
2016-05-04,FOODS_3_455,CA_1,7.310026609978862
2016-05-04,FOODS_3_455,TX_1,9.821496911302242
2016-05-04,FOODS_3_455,WI_1,0.9834227211684065
2016-05-04,FOODS_3_458,CA_1,6.037287120714549
2016-05-04,FOODS_3_458,TX_1,5.429896354064908
2016-05-04,FOODS_3_458,WI_1,3.337520171506614
2016-05-04,FOODS_3_462,CA_1,5.129456080073433
2016-05-04,FOODS_3_462,TX_1,8.058806125547187
2016-05-04,FOODS_3_462,WI_1,3.433172315128514
2016-05-04,FOODS_3_491,CA_1,8.544661733393497
2016-05-04,FOODS_3_491,TX_1,4.412711144692416
2016-05-04,FOODS_3_491,WI_1,17.212602496423465
2016-05-04,FOODS_3_499,CA_1,10.887563898061025
2016-05-04,FOODS_3_499,TX_1,6.538585150347168
2016-05-04,FOODS_3_499,WI_1,5.266224360340278
2016-05-04,FOODS_3_501,CA_1,13.230605015318629
2016-05-04,FOODS_3_501,TX_1,5.208270695120053
2016-05-04,FOODS_3_501,WI_1,5.9313227726178415
2016-05-04,FOODS_3_516,CA_1,8.267457287223987
2016-05-04,FOODS_3_516,TX_1,6.217448672502402
2016-05-04,FOODS_3_516,WI_1,8.12086788848698
2016-05-04,FOODS_3_541,CA_1,5.3117352375296925
2016-05-04,FOODS_3_541,TX_1,8.049432945337541
2016-05-04,FOODS_3_541,WI_1,7.668582214597632
2016-05-04,FOODS_3_547,CA_1,6.624279035949686
2016-05-04,FOODS_3_547,TX_1,3.278255108068418
2016-05-04,FOODS_3_547,WI_1,3.6013212024246766
2016-05-04,FOODS_3_555,CA_1,16.553370648243998
2016-05-04,FOODS_3_555,TX_1,24.34426465845386
2016-05-04,FOODS_3_555,WI_1,7.980347544091639
2016-05-04,FOODS_3_586,CA_1,29.729852747836212
2016-05-04,FOODS_3_586,TX_1,45.49726019867435
2016-05-04,FOODS_3_586,WI_1,12.372489584226702
2016-05-04,FOODS_3_587,CA_1,17.364275720345034
2016-05-04,FOODS_3_587,TX_1,18.131052550859287
2016-05-04,FOODS_3_587,WI_1,12.24365919676512
2016-05-04,FOODS_3_607,CA_1,9.468045679012487
2016-05-04,FOODS_3_607,TX_1,13.163844884626151
2016-05-04,FOODS_3_607,WI_1,2.604763225022407
2016-05-04,FOODS_3_635,CA_1,5.656382329820396
2016-05-04,FOODS_3_635,TX_1,5.6448411053862655
2016-05-04,FOODS_3_635,WI_1,6.217759004496414
2016-05-04,FOODS_3_668,CA_1,6.353531585062218
2016-05-04,FOODS_3_668,TX_1,2.254008864757644
2016-05-04,FOODS_3_668,WI_1,9.469770969349272
2016-05-04,FOODS_3_681,CA_1,16.78471668556343
2016-05-04,FOODS_3_681,TX_1,32.92542096595404
2016-05-04,FOODS_3_681,WI_1,2.6472965404411672
2016-05-04,FOODS_3_694,CA_1,8.737417870743412
2016-05-04,FOODS_3_694,TX_1,16.951405642684485
2016-05-04,FOODS_3_694,WI_1,16.89803381794812
2016-05-04,FOODS_3_702,CA_1,9.896846482599742
2016-05-04,FOODS_3_702,TX_1,5.14770457684902
2016-05-04,FOODS_3_702,WI_1,17.02278227573359
2016-05-04,FOODS_3_711,CA_1,3.0874392218207745
2016-05-04,FOODS_3_711,TX_1,3.5727753114224026
2016-05-04,FOODS_3_711,WI_1,3.7955659475861423
2016-05-04,FOODS_3_714,CA_1,16.21147494045208
2016-05-04,FOODS_3_714,TX_1,17.10972219582177
2016-05-04,FOODS_3_714,WI_1,15.132491558088288
2016-05-04,FOODS_3_723,CA_1,10.699459513401756
2016-05-04,FOODS_3_723,TX_1,15.732338438987819
2016-05-04,FOODS_3_723,WI_1,9.001780266657587
2016-05-04,FOODS_3_739,CA_1,12.547285203592068
2016-05-04,FOODS_3_739,TX_1,11.3297109634862
2016-05-04,FOODS_3_739,WI_1,7.97737096751194
2016-05-04,FOODS_3_741,CA_1,12.187915342879908
2016-05-04,FOODS_3_741,TX_1,1.867841736541433
2016-05-04,FOODS_3_741,WI_1,1.4473410320041955
2016-05-04,FOODS_3_744,CA_1,7.853759763028832
2016-05-04,FOODS_3_744,TX_1,2.071564326571305
2016-05-04,FOODS_3_744,WI_1,4.5834256507924325
2016-05-04,FOODS_3_752,CA_1,4.0932630182626015
2016-05-04,FOODS_3_752,TX_1,3.759478312900389
2016-05-04,FOODS_3_752,WI_1,4.576191326257064
2016-05-04,FOODS_3_755,CA_1,9.858250504400269
2016-05-04,FOODS_3_755,TX_1,2.707910445465983
2016-05-04,FOODS_3_755,WI_1,4.059853713362016
2016-05-04,FOODS_3_764,CA_1,6.508689443066373
2016-05-04,FOODS_3_764,TX_1,5.965425794930289
2016-05-04,FOODS_3_764,WI_1,6.289943044633937
2016-05-04,FOODS_3_785,CA_1,13.544810201789055
2016-05-04,FOODS_3_785,TX_1,10.71651845375053
2016-05-04,FOODS_3_785,WI_1,13.300096609069978
2016-05-04,FOODS_3_808,CA_1,2.498479057081909
2016-05-04,FOODS_3_808,TX_1,5.656382329820396
2016-05-04,FOODS_3_808,WI_1,7.011529584427396
2016-05-04,FOODS_3_811,CA_1,14.703593295404207
2016-05-04,FOODS_3_811,TX_1,13.285136627460968
2016-05-04,FOODS_3_811,WI_1,2.9030876289203222
2016-05-04,HOBBIES_1_268,CA_1,12.391111339273388
2016-05-04,HOBBIES_1_268,TX_1,6.0874690935178455
2016-05-04,HOBBIES_1_268,WI_1,4.796552392487197
2016-05-04,HOBBIES_1_348,CA_1,4.605722895209506
2016-05-04,HOBBIES_1_348,TX_1,3.5462210788810857
2016-05-04,HOBBIES_1_348,WI_1,5.038490584040284
2016-05-04,HOBBIES_1_371,CA_1,8.88951948683156
2016-05-04,HOBBIES_1_371,TX_1,2.696207839013363
2016-05-04,HOBBIES_1_371,WI_1,6.799670689641683
2016-05-04,HOUSEHOLD_1_303,CA_1,5.957408548444857
2016-05-04,HOUSEHOLD_1_303,TX_1,5.248335845378168
2016-05-04,HOUSEHOLD_1_303,WI_1,4.089993847306789
2016-05-04,HOUSEHOLD_1_327,CA_1,5.5390099906379655
2016-05-04,HOUSEHOLD_1_327,TX_1,4.741968606917929
2016-05-04,HOUSEHOLD_1_327,WI_1,3.516856074793691
2016-05-04,HOUSEHOLD_1_334,CA_1,10.103295480657492
2016-05-04,HOUSEHOLD_1_334,TX_1,7.980473440979323
2016-05-04,HOUSEHOLD_1_334,WI_1,5.203560449375525
2016-05-04,HOUSEHOLD_1_459,CA_1,2.5529268277374757
2016-05-04,HOUSEHOLD_1_459,TX_1,6.263481018172545
2016-05-04,HOUSEHOLD_1_459,WI_1,6.067231449820398
2016-05-04,HOUSEHOLD_1_521,CA_1,5.81860221609704
2016-05-04,HOUSEHOLD_1_521,TX_1,9.3960120086204
2016-05-04,HOUSEHOLD_1_521,WI_1,3.5146118566670466
2016-05-05,FOODS_1_004,CA_1,8.513573937291131
2016-05-05,FOODS_1_004,TX_1,8.513573937291131
2016-05-05,FOODS_1_004,WI_1,8.513573937291131
2016-05-05,FOODS_1_018,CA_1,9.468384301602509
2016-05-05,FOODS_1_018,TX_1,6.675297143075224
2016-05-05,FOODS_1_018,WI_1,10.243090687448596
2016-05-05,FOODS_1_032,CA_1,1.9542132779363737
2016-05-05,FOODS_1_032,TX_1,5.357463751139926
2016-05-05,FOODS_1_032,WI_1,7.712828600229012
2016-05-05,FOODS_1_043,CA_1,8.513573937291131
2016-05-05,FOODS_1_043,TX_1,7.201614285698356
2016-05-05,FOODS_1_043,WI_1,8.513573937291131
2016-05-05,FOODS_1_046,CA_1,6.897439220527341
2016-05-05,FOODS_1_046,TX_1,1.6836088841668673
2016-05-05,FOODS_1_046,WI_1,7.144546796907281
2016-05-05,FOODS_1_085,CA_1,7.7306507641088364
2016-05-05,FOODS_1_085,TX_1,3.771351192079847
2016-05-05,FOODS_1_085,WI_1,11.481560888035368
2016-05-05,FOODS_1_218,CA_1,6.987579343446899
2016-05-05,FOODS_1_218,TX_1,8.207928039411136
2016-05-05,FOODS_1_218,WI_1,8.18797310384416
2016-05-05,FOODS_2_019,CA_1,13.896984358008035
2016-05-05,FOODS_2_019,TX_1,1.9705349893056592
2016-05-05,FOODS_2_019,WI_1,0.9440723362143097
2016-05-05,FOODS_2_181,CA_1,5.520261672520258
2016-05-05,FOODS_2_181,TX_1,17.034760223785547
2016-05-05,FOODS_2_181,WI_1,5.906857267126991
2016-05-05,FOODS_2_197,CA_1,18.35131516667417
2016-05-05,FOODS_2_197,TX_1,3.2288441280619464
2016-05-05,FOODS_2_197,WI_1,2.158842701745209
2016-05-05,FOODS_2_276,CA_1,9.853526505430976
2016-05-05,FOODS_2_276,TX_1,3.362110801318622
2016-05-05,FOODS_2_276,WI_1,3.1088802613793796
2016-05-05,FOODS_2_347,CA_1,8.1943391251317
2016-05-05,FOODS_2_347,TX_1,5.883983888646257
2016-05-05,FOODS_2_347,WI_1,4.215695986666511
2016-05-05,FOODS_2_360,CA_1,7.704102434100767
2016-05-05,FOODS_2_360,TX_1,5.4076060783843936
2016-05-05,FOODS_2_360,WI_1,13.540185324011821
2016-05-05,FOODS_3_007,CA_1,5.946516068506699
2016-05-05,FOODS_3_007,TX_1,3.0355192958825
2016-05-05,FOODS_3_007,WI_1,6.1041075320079345
2016-05-05,FOODS_3_030,CA_1,7.062044447276868
2016-05-05,FOODS_3_030,TX_1,7.409957291832601
2016-05-05,FOODS_3_030,WI_1,5.634295042241088
2016-05-05,FOODS_3_042,CA_1,2.9273716734330564
2016-05-05,FOODS_3_042,TX_1,2.489049359878071
2016-05-05,FOODS_3_042,WI_1,13.015366445802158
2016-05-05,FOODS_3_080,CA_1,16.051320343486108
2016-05-05,FOODS_3_080,TX_1,5.524223771056107
2016-05-05,FOODS_3_080,WI_1,11.378802159805792
2016-05-05,FOODS_3_090,CA_1,46.37723637757263
2016-05-05,FOODS_3_090,TX_1,42.356818707303354
2016-05-05,FOODS_3_090,WI_1,18.003063007140465
2016-05-05,FOODS_3_099,CA_1,12.305055701705385
2016-05-05,FOODS_3_099,TX_1,9.030195801259227
2016-05-05,FOODS_3_099,WI_1,7.701340876492626
2016-05-05,FOODS_3_120,CA_1,31.663372798543445
2016-05-05,FOODS_3_120,TX_1,14.595305371590166
2016-05-05,FOODS_3_120,WI_1,9.132034091993756
2016-05-05,FOODS_3_202,CA_1,14.113396918604822
2016-05-05,FOODS_3_202,TX_1,20.595398460037714
2016-05-05,FOODS_3_202,WI_1,9.842041948967596
2016-05-05,FOODS_3_226,CA_1,5.693811328866454
2016-05-05,FOODS_3_226,TX_1,13.995939704214178
2016-05-05,FOODS_3_226,WI_1,30.209785381208402
2016-05-05,FOODS_3_228,CA_1,5.77240077127476
2016-05-05,FOODS_3_228,TX_1,4.780755303213746
2016-05-05,FOODS_3_228,WI_1,2.9211460384137498
2016-05-05,FOODS_3_234,CA_1,8.977751952438338
2016-05-05,FOODS_3_234,TX_1,6.53782685436905
2016-05-05,FOODS_3_234,WI_1,6.993292933768973
2016-05-05,FOODS_3_252,CA_1,31.448072285321096
2016-05-05,FOODS_3_252,TX_1,25.919347069404754
2016-05-05,FOODS_3_252,WI_1,7.187999766193596
2016-05-05,FOODS_3_281,CA_1,7.830622756425842
2016-05-05,FOODS_3_281,TX_1,2.9665709528474515
2016-05-05,FOODS_3_281,WI_1,5.6300554279649315
2016-05-05,FOODS_3_282,CA_1,18.873446768109023
2016-05-05,FOODS_3_282,TX_1,12.979414046924646
2016-05-05,FOODS_3_282,WI_1,11.603612283755993
2016-05-05,FOODS_3_288,CA_1,14.364409385306935
2016-05-05,FOODS_3_288,TX_1,13.540439311090042
2016-05-05,FOODS_3_288,WI_1,8.702517929946515
2016-05-05,FOODS_3_295,CA_1,18.03736490596154
2016-05-05,FOODS_3_295,TX_1,6.6644193466809165
2016-05-05,FOODS_3_295,WI_1,7.772283860528097
2016-05-05,FOODS_3_318,CA_1,8.814692125831122
2016-05-05,FOODS_3_318,TX_1,6.662039510004668
2016-05-05,FOODS_3_318,WI_1,12.343690257539881
2016-05-05,FOODS_3_319,CA_1,6.193387426219541
2016-05-05,FOODS_3_319,TX_1,6.221595899985386
2016-05-05,FOODS_3_319,WI_1,9.137263665888813
2016-05-05,FOODS_3_329,CA_1,11.772496052587108
2016-05-05,FOODS_3_329,TX_1,9.788269603338978
2016-05-05,FOODS_3_329,WI_1,7.336949075293546
2016-05-05,FOODS_3_362,CA_1,14.317901089263598
2016-05-05,FOODS_3_362,TX_1,7.238464082003739
2016-05-05,FOODS_3_362,WI_1,8.233870134968708
2016-05-05,FOODS_3_376,CA_1,4.583886570222865
2016-05-05,FOODS_3_376,TX_1,9.299839390337638
2016-05-05,FOODS_3_376,WI_1,2.9269275620241975
2016-05-05,FOODS_3_377,CA_1,7.602450189764169
2016-05-05,FOODS_3_377,TX_1,11.401464001171762
2016-05-05,FOODS_3_377,WI_1,4.178924106679834
2016-05-05,FOODS_3_389,CA_1,6.70443978554536
2016-05-05,FOODS_3_389,TX_1,13.10287989465848
2016-05-05,FOODS_3_389,WI_1,2.4952092917215354
2016-05-05,FOODS_3_406,CA_1,11.681842159289173
2016-05-05,FOODS_3_406,TX_1,3.799556963455221
2016-05-05,FOODS_3_406,WI_1,5.343976497057756
2016-05-05,FOODS_3_455,CA_1,7.497377587346035
2016-05-05,FOODS_3_455,TX_1,9.975200823958543
2016-05-05,FOODS_3_455,WI_1,1.0078720751914894
2016-05-05,FOODS_3_458,CA_1,6.24846334065377
2016-05-05,FOODS_3_458,TX_1,5.824308202227872
2016-05-05,FOODS_3_458,WI_1,3.5563401802308237
2016-05-05,FOODS_3_462,CA_1,5.423603463550164
2016-05-05,FOODS_3_462,TX_1,8.670082127435911
2016-05-05,FOODS_3_462,WI_1,3.497034262018596
2016-05-05,FOODS_3_491,CA_1,8.771022919538257
2016-05-05,FOODS_3_491,TX_1,4.736071070853649
2016-05-05,FOODS_3_491,WI_1,18.534735919500395
2016-05-05,FOODS_3_499,CA_1,11.865422609948837
2016-05-05,FOODS_3_499,TX_1,7.217319810147723
2016-05-05,FOODS_3_499,WI_1,5.77025781682947
2016-05-05,FOODS_3_501,CA_1,13.483271339136913
2016-05-05,FOODS_3_501,TX_1,5.3763436749327465
2016-05-05,FOODS_3_501,WI_1,5.98354640728544
2016-05-05,FOODS_3_516,CA_1,8.066696157697354
2016-05-05,FOODS_3_516,TX_1,6.550854061756408
2016-05-05,FOODS_3_516,WI_1,8.80322486509126
2016-05-05,FOODS_3_541,CA_1,8.18152630620527
2016-05-05,FOODS_3_541,TX_1,6.540766952752545
2016-05-05,FOODS_3_541,WI_1,6.221595899985386
2016-05-05,FOODS_3_547,CA_1,8.87780517407105
2016-05-05,FOODS_3_547,TX_1,3.6350344888878623
2016-05-05,FOODS_3_547,WI_1,4.086671669670594
2016-05-05,FOODS_3_555,CA_1,16.5524795388099
2016-05-05,FOODS_3_555,TX_1,25.088748751089543
2016-05-05,FOODS_3_555,WI_1,8.179138887229033
2016-05-05,FOODS_3_586,CA_1,31.069306555370027
2016-05-05,FOODS_3_586,TX_1,51.949431824874075
2016-05-05,FOODS_3_586,WI_1,12.923952941473171
2016-05-05,FOODS_3_587,CA_1,17.423846188624797
2016-05-05,FOODS_3_587,TX_1,18.9033176014724
2016-05-05,FOODS_3_587,WI_1,12.67986215285142
2016-05-05,FOODS_3_607,CA_1,10.494590857055378
2016-05-05,FOODS_3_607,TX_1,12.959938824891426
2016-05-05,FOODS_3_607,WI_1,2.9696154007657443
2016-05-05,FOODS_3_635,CA_1,4.0630021520284485
2016-05-05,FOODS_3_635,TX_1,5.899373840069735
2016-05-05,FOODS_3_635,WI_1,9.137263665888813
2016-05-05,FOODS_3_668,CA_1,6.8860030826403476
2016-05-05,FOODS_3_668,TX_1,2.446304169373112
2016-05-05,FOODS_3_668,WI_1,9.916068691315933
2016-05-05,FOODS_3_681,CA_1,17.084681935274435
2016-05-05,FOODS_3_681,TX_1,32.78538506125862
2016-05-05,FOODS_3_681,WI_1,2.913786865768905
2016-05-05,FOODS_3_694,CA_1,9.634779923307745
2016-05-05,FOODS_3_694,TX_1,16.922611042233278
2016-05-05,FOODS_3_694,WI_1,17.325648655349127
2016-05-05,FOODS_3_702,CA_1,10.58655263478904
2016-05-05,FOODS_3_702,TX_1,5.544033586495808
2016-05-05,FOODS_3_702,WI_1,17.727810292257537
2016-05-05,FOODS_3_711,CA_1,4.181255114710114
2016-05-05,FOODS_3_711,TX_1,3.821085129180612
2016-05-05,FOODS_3_711,WI_1,6.570232451556983
2016-05-05,FOODS_3_714,CA_1,16.57004746095687
2016-05-05,FOODS_3_714,TX_1,17.46691098375269
2016-05-05,FOODS_3_714,WI_1,16.04252636651919
2016-05-05,FOODS_3_723,CA_1,11.71870927208768
2016-05-05,FOODS_3_723,TX_1,16.07322024789175
2016-05-05,FOODS_3_723,WI_1,9.438926645426912
2016-05-05,FOODS_3_739,CA_1,13.262664641002353
2016-05-05,FOODS_3_739,TX_1,11.673354598980794
2016-05-05,FOODS_3_739,WI_1,8.130711602187146
2016-05-05,FOODS_3_741,CA_1,12.999387929239322
2016-05-05,FOODS_3_741,TX_1,2.1047052110772912
2016-05-05,FOODS_3_741,WI_1,1.5276630411819698
2016-05-05,FOODS_3_744,CA_1,8.124653828207602
2016-05-05,FOODS_3_744,TX_1,2.299610418412741
2016-05-05,FOODS_3_744,WI_1,4.75708817802099
2016-05-05,FOODS_3_752,CA_1,4.728060668745181
2016-05-05,FOODS_3_752,TX_1,5.222545862063239
2016-05-05,FOODS_3_752,WI_1,5.39772503869582
2016-05-05,FOODS_3_755,CA_1,10.0083218590024
2016-05-05,FOODS_3_755,TX_1,2.77618905540675
2016-05-05,FOODS_3_755,WI_1,4.1040731308035445
2016-05-05,FOODS_3_764,CA_1,7.126252917473311
2016-05-05,FOODS_3_764,TX_1,5.829771169030507
2016-05-05,FOODS_3_764,WI_1,7.10115437864135
2016-05-05,FOODS_3_785,CA_1,13.659412568606065
2016-05-05,FOODS_3_785,TX_1,10.44116973636287
2016-05-05,FOODS_3_785,WI_1,13.53949445026215
2016-05-05,FOODS_3_808,CA_1,3.6469773400304035
2016-05-05,FOODS_3_808,TX_1,4.0630021520284485
2016-05-05,FOODS_3_808,WI_1,12.850447695505498
2016-05-05,FOODS_3_811,CA_1,15.483358798192917
2016-05-05,FOODS_3_811,TX_1,13.099848555298856
2016-05-05,FOODS_3_811,WI_1,3.2261174105482784
2016-05-05,HOBBIES_1_268,CA_1,11.340873936416767
2016-05-05,HOBBIES_1_268,TX_1,4.940494707734837
2016-05-05,HOBBIES_1_268,WI_1,5.13764613915117
2016-05-05,HOBBIES_1_348,CA_1,5.043016511552524
2016-05-05,HOBBIES_1_348,TX_1,3.6155905312517933
2016-05-05,HOBBIES_1_348,WI_1,4.740220486139787
2016-05-05,HOBBIES_1_371,CA_1,9.199713384173252
2016-05-05,HOBBIES_1_371,TX_1,3.2222716888449856
2016-05-05,HOBBIES_1_371,WI_1,6.69002786004002
2016-05-05,HOUSEHOLD_1_303,CA_1,5.92263769771494
2016-05-05,HOUSEHOLD_1_303,TX_1,5.628882671766961
2016-05-05,HOUSEHOLD_1_303,WI_1,3.76492231188761
2016-05-05,HOUSEHOLD_1_327,CA_1,5.781939015051973
2016-05-05,HOUSEHOLD_1_327,TX_1,4.618138106498403
2016-05-05,HOUSEHOLD_1_327,WI_1,3.7482750253578967
2016-05-05,HOUSEHOLD_1_334,CA_1,10.703793624999774
2016-05-05,HOUSEHOLD_1_334,TX_1,8.250530687227187
2016-05-05,HOUSEHOLD_1_334,WI_1,5.661529152614955
2016-05-05,HOUSEHOLD_1_459,CA_1,2.721961857637374
2016-05-05,HOUSEHOLD_1_459,TX_1,6.5641879222424215
2016-05-05,HOUSEHOLD_1_459,WI_1,6.168977811292526
2016-05-05,HOUSEHOLD_1_521,CA_1,5.879600548400832
2016-05-05,HOUSEHOLD_1_521,TX_1,9.772831754579594
2016-05-05,HOUSEHOLD_1_521,WI_1,3.7806630491415723
2016-05-06,FOODS_1_004,CA_1,10.01467319962013
2016-05-06,FOODS_1_004,TX_1,10.01467319962013
2016-05-06,FOODS_1_004,WI_1,10.01467319962013
2016-05-06,FOODS_1_018,CA_1,11.706247869107683
2016-05-06,FOODS_1_018,TX_1,7.051556652480527
2016-05-06,FOODS_1_018,WI_1,12.572859563563348
2016-05-06,FOODS_1_032,CA_1,2.150709012484244
2016-05-06,FOODS_1_032,TX_1,6.260242979760338
2016-05-06,FOODS_1_032,WI_1,9.511127748102549
2016-05-06,FOODS_1_043,CA_1,10.01467319962013
2016-05-06,FOODS_1_043,TX_1,7.635572191699598
2016-05-06,FOODS_1_043,WI_1,10.01467319962013
2016-05-06,FOODS_1_046,CA_1,8.20881842189599
2016-05-06,FOODS_1_046,TX_1,1.8287487169658343
2016-05-06,FOODS_1_046,WI_1,9.538165579879863
2016-05-06,FOODS_1_085,CA_1,9.613381606639386
2016-05-06,FOODS_1_085,TX_1,4.540942686734453
2016-05-06,FOODS_1_085,WI_1,14.028494885556649
2016-05-06,FOODS_1_218,CA_1,9.268613237562992
2016-05-06,FOODS_1_218,TX_1,10.52799430470571
2016-05-06,FOODS_1_218,WI_1,10.213426179313496
2016-05-06,FOODS_2_019,CA_1,15.145599009042673
2016-05-06,FOODS_2_019,TX_1,2.0514577657666617
2016-05-06,FOODS_2_019,WI_1,1.0281138873111961
2016-05-06,FOODS_2_181,CA_1,6.643955766014442
2016-05-06,FOODS_2_181,TX_1,18.35853339239119
2016-05-06,FOODS_2_181,WI_1,6.797240709517997
2016-05-06,FOODS_2_197,CA_1,21.111031489561682
2016-05-06,FOODS_2_197,TX_1,3.1458628723961346
2016-05-06,FOODS_2_197,WI_1,2.190202996386057
2016-05-06,FOODS_2_276,CA_1,11.354626804799286
2016-05-06,FOODS_2_276,TX_1,3.756692708569586
2016-05-06,FOODS_2_276,WI_1,3.026715076369828
2016-05-06,FOODS_2_347,CA_1,10.736540694035858
2016-05-06,FOODS_2_347,TX_1,6.677807462899497
2016-05-06,FOODS_2_347,WI_1,4.704169774979315
2016-05-06,FOODS_2_360,CA_1,10.439660496711918
2016-05-06,FOODS_2_360,TX_1,6.365534812842295
2016-05-06,FOODS_2_360,WI_1,12.485742601822428
2016-05-06,FOODS_3_007,CA_1,7.031743433266779
2016-05-06,FOODS_3_007,TX_1,4.277059088122651
2016-05-06,FOODS_3_007,WI_1,6.329626172584255
2016-05-06,FOODS_3_030,CA_1,7.846912062159175
2016-05-06,FOODS_3_030,TX_1,9.710504992852648
2016-05-06,FOODS_3_030,WI_1,6.686120324573304
2016-05-06,FOODS_3_042,CA_1,3.214814280086699
2016-05-06,FOODS_3_042,TX_1,2.5591436967674728
2016-05-06,FOODS_3_042,WI_1,15.89726862032296
2016-05-06,FOODS_3_080,CA_1,17.687258943679694
2016-05-06,FOODS_3_080,TX_1,6.194283378371668
2016-05-06,FOODS_3_080,WI_1,13.825911856788377
2016-05-06,FOODS_3_090,CA_1,54.323530273759346
2016-05-06,FOODS_3_090,TX_1,52.74802434523405
2016-05-06,FOODS_3_090,WI_1,21.954694415309262
2016-05-06,FOODS_3_099,CA_1,15.257308440197392
2016-05-06,FOODS_3_099,TX_1,10.22784281767044
2016-05-06,FOODS_3_099,WI_1,8.976979435048177
2016-05-06,FOODS_3_120,CA_1,39.845419169351615
2016-05-06,FOODS_3_120,TX_1,14.74179853260498
2016-05-06,FOODS_3_120,WI_1,11.695545745229019
2016-05-06,FOODS_3_202,CA_1,15.35635348525863
2016-05-06,FOODS_3_202,TX_1,22.535943207727488
2016-05-06,FOODS_3_202,WI_1,12.290773512193555
2016-05-06,FOODS_3_226,CA_1,6.54517987878426
2016-05-06,FOODS_3_226,TX_1,17.177052608513435
2016-05-06,FOODS_3_226,WI_1,39.185318661005866
2016-05-06,FOODS_3_228,CA_1,6.864678844783676
2016-05-06,FOODS_3_228,TX_1,4.7846961639556875
2016-05-06,FOODS_3_228,WI_1,3.321183692424008
2016-05-06,FOODS_3_234,CA_1,10.411183280269157
2016-05-06,FOODS_3_234,TX_1,7.3237075332337085
2016-05-06,FOODS_3_234,WI_1,8.748495367994533
2016-05-06,FOODS_3_252,CA_1,39.78611856402786
2016-05-06,FOODS_3_252,TX_1,28.627673899251707
2016-05-06,FOODS_3_252,WI_1,8.745436084279813
2016-05-06,FOODS_3_281,CA_1,10.025011514369735
2016-05-06,FOODS_3_281,TX_1,3.415177213092889
2016-05-06,FOODS_3_281,WI_1,6.358908789351285
2016-05-06,FOODS_3_282,CA_1,20.421739143427573
2016-05-06,FOODS_3_282,TX_1,14.140425432390252
2016-05-06,FOODS_3_282,WI_1,13.39212897131457
2016-05-06,FOODS_3_288,CA_1,17.127855434677635
2016-05-06,FOODS_3_288,TX_1,15.216102146895185
2016-05-06,FOODS_3_288,WI_1,10.988530764551056
2016-05-06,FOODS_3_295,CA_1,21.401272203786494
2016-05-06,FOODS_3_295,TX_1,7.763849168927871
2016-05-06,FOODS_3_295,WI_1,10.294847136607961
2016-05-06,FOODS_3_318,CA_1,11.239982436351195
2016-05-06,FOODS_3_318,TX_1,8.109000971409834
2016-05-06,FOODS_3_318,WI_1,14.63932389222149
2016-05-06,FOODS_3_319,CA_1,7.110396454436564
2016-05-06,FOODS_3_319,TX_1,6.520069578270965
2016-05-06,FOODS_3_319,WI_1,6.542836664041272
2016-05-06,FOODS_3_329,CA_1,12.775893031854423
2016-05-06,FOODS_3_329,TX_1,10.20140171815155
2016-05-06,FOODS_3_329,WI_1,8.16336008161072
2016-05-06,FOODS_3_362,CA_1,14.417157469135514
2016-05-06,FOODS_3_362,TX_1,8.24828318253959
2016-05-06,FOODS_3_362,WI_1,9.777704522487577
2016-05-06,FOODS_3_376,CA_1,5.06290084813108
2016-05-06,FOODS_3_376,TX_1,11.420716052849613
2016-05-06,FOODS_3_376,WI_1,3.650698479882448
2016-05-06,FOODS_3_377,CA_1,8.995289369477142
2016-05-06,FOODS_3_377,TX_1,13.519575189884504
2016-05-06,FOODS_3_377,WI_1,4.829260660313075
2016-05-06,FOODS_3_389,CA_1,7.64792672957814
2016-05-06,FOODS_3_389,TX_1,15.575286507876442
2016-05-06,FOODS_3_389,WI_1,2.6302493480498508
2016-05-06,FOODS_3_406,CA_1,13.238341067413154
2016-05-06,FOODS_3_406,TX_1,4.399900703271453
2016-05-06,FOODS_3_406,WI_1,6.094976379989845
2016-05-06,FOODS_3_455,CA_1,8.798692188381528
2016-05-06,FOODS_3_455,TX_1,10.871858502432199
2016-05-06,FOODS_3_455,WI_1,1.0734372735422344
2016-05-06,FOODS_3_458,CA_1,6.810446135198507
2016-05-06,FOODS_3_458,TX_1,6.689802096630439
2016-05-06,FOODS_3_458,WI_1,4.111224972140991
2016-05-06,FOODS_3_462,CA_1,6.357066177022193
2016-05-06,FOODS_3_462,TX_1,11.032811288276832
2016-05-06,FOODS_3_462,WI_1,4.560698196755243
2016-05-06,FOODS_3_491,CA_1,10.832687954280543
2016-05-06,FOODS_3_491,TX_1,6.220769014555469
2016-05-06,FOODS_3_491,WI_1,18.869149097420035
2016-05-06,FOODS_3_499,CA_1,13.524087195342565
2016-05-06,FOODS_3_499,TX_1,8.170200480618073
2016-05-06,FOODS_3_499,WI_1,6.521118490527421
2016-05-06,FOODS_3_501,CA_1,14.36476915257307
2016-05-06,FOODS_3_501,TX_1,6.208538162107184
2016-05-06,FOODS_3_501,WI_1,6.706608778734307
2016-05-06,FOODS_3_516,CA_1,9.962871301301858
2016-05-06,FOODS_3_516,TX_1,7.055990208904424
2016-05-06,FOODS_3_516,WI_1,10.39832974643302
2016-05-06,FOODS_3_541,CA_1,3.6158093232189388
2016-05-06,FOODS_3_541,TX_1,5.52396476878538
2016-05-06,FOODS_3_541,WI_1,6.520069578270965
2016-05-06,FOODS_3_547,CA_1,13.483603108023699
2016-05-06,FOODS_3_547,TX_1,4.343385270424908
2016-05-06,FOODS_3_547,WI_1,5.2151309318157155
2016-05-06,FOODS_3_555,CA_1,18.219513443140894
2016-05-06,FOODS_3_555,TX_1,30.513910775083954
2016-05-06,FOODS_3_555,WI_1,10.813428672011373
2016-05-06,FOODS_3_586,CA_1,39.351790494780104
2016-05-06,FOODS_3_586,TX_1,58.25636005695517
2016-05-06,FOODS_3_586,WI_1,15.535116183135202
2016-05-06,FOODS_3_587,CA_1,19.392598020935417
2016-05-06,FOODS_3_587,TX_1,19.906741789864522
2016-05-06,FOODS_3_587,WI_1,15.118139348961595
2016-05-06,FOODS_3_607,CA_1,11.52044102248966
2016-05-06,FOODS_3_607,TX_1,15.316015196421715
2016-05-06,FOODS_3_607,WI_1,3.2091819808833253
2016-05-06,FOODS_3_635,CA_1,4.398961449945433
2016-05-06,FOODS_3_635,TX_1,6.2966200088702
2016-05-06,FOODS_3_635,WI_1,6.542836664041272
2016-05-06,FOODS_3_668,CA_1,8.315239578113665
2016-05-06,FOODS_3_668,TX_1,2.5417728312675507
2016-05-06,FOODS_3_668,WI_1,11.899080575475203
2016-05-06,FOODS_3_681,CA_1,18.746413672518415
2016-05-06,FOODS_3_681,TX_1,38.469837268731986
2016-05-06,FOODS_3_681,WI_1,3.66794920177709
2016-05-06,FOODS_3_694,CA_1,11.311066788041687
2016-05-06,FOODS_3_694,TX_1,18.340490155681074
2016-05-06,FOODS_3_694,WI_1,20.786683886577467
2016-05-06,FOODS_3_702,CA_1,10.843194980325938
2016-05-06,FOODS_3_702,TX_1,6.3797120194458
2016-05-06,FOODS_3_702,WI_1,19.270843135611514
2016-05-06,FOODS_3_711,CA_1,3.7737162335982357
2016-05-06,FOODS_3_711,TX_1,5.550690938159939
2016-05-06,FOODS_3_711,WI_1,5.260271927043169
2016-05-06,FOODS_3_714,CA_1,18.62920078919781
2016-05-06,FOODS_3_714,TX_1,20.923421094251875
2016-05-06,FOODS_3_714,WI_1,18.85405379502058
2016-05-06,FOODS_3_723,CA_1,14.351720847588604
2016-05-06,FOODS_3_723,TX_1,19.312540030135487
2016-05-06,FOODS_3_723,WI_1,11.937444138310866
2016-05-06,FOODS_3_739,CA_1,14.909421296223321
2016-05-06,FOODS_3_739,TX_1,13.942836956883205
2016-05-06,FOODS_3_739,WI_1,10.449432776793039
2016-05-06,FOODS_3_741,CA_1,15.861637736153876
2016-05-06,FOODS_3_741,TX_1,1.7578944172052258
2016-05-06,FOODS_3_741,WI_1,1.5901274871105653
2016-05-06,FOODS_3_744,CA_1,9.451214251255163
2016-05-06,FOODS_3_744,TX_1,2.1435148112476043
2016-05-06,FOODS_3_744,WI_1,5.8681614913924385
2016-05-06,FOODS_3_752,CA_1,5.083891738627051
2016-05-06,FOODS_3_752,TX_1,4.897111222826478
2016-05-06,FOODS_3_752,WI_1,6.494781247282971
2016-05-06,FOODS_3_755,CA_1,12.501710698296728
2016-05-06,FOODS_3_755,TX_1,2.808793340024377
2016-05-06,FOODS_3_755,WI_1,4.639815394870734
2016-05-06,FOODS_3_764,CA_1,7.795602522013154
2016-05-06,FOODS_3_764,TX_1,7.035186343762027
2016-05-06,FOODS_3_764,WI_1,7.712516538649151
2016-05-06,FOODS_3_785,CA_1,13.951627645852893
2016-05-06,FOODS_3_785,TX_1,12.668754819301869
2016-05-06,FOODS_3_785,WI_1,13.865582458573302
2016-05-06,FOODS_3_808,CA_1,4.333612034245932
2016-05-06,FOODS_3_808,TX_1,3.8361276051785245
2016-05-06,FOODS_3_808,WI_1,7.018744516315543
2016-05-06,FOODS_3_811,CA_1,17.153020622367684
2016-05-06,FOODS_3_811,TX_1,16.64952679457869
2016-05-06,FOODS_3_811,WI_1,4.119787137779753
2016-05-06,HOBBIES_1_268,CA_1,11.084652417900491
2016-05-06,HOBBIES_1_268,TX_1,5.56665384032498
2016-05-06,HOBBIES_1_268,WI_1,6.1207812395868935
2016-05-06,HOBBIES_1_348,CA_1,6.238837303543119
2016-05-06,HOBBIES_1_348,TX_1,7.4725601359674965
2016-05-06,HOBBIES_1_348,WI_1,6.210510689498781
2016-05-06,HOBBIES_1_371,CA_1,10.019314024921806
2016-05-06,HOBBIES_1_371,TX_1,3.4428699360477952
2016-05-06,HOBBIES_1_371,WI_1,7.444447141249159
2016-05-06,HOUSEHOLD_1_303,CA_1,6.660516552082628
2016-05-06,HOUSEHOLD_1_303,TX_1,6.444285575186461
2016-05-06,HOUSEHOLD_1_303,WI_1,4.595389501506947
2016-05-06,HOUSEHOLD_1_327,CA_1,6.682141161958351
2016-05-06,HOUSEHOLD_1_327,TX_1,4.932963171451989
2016-05-06,HOUSEHOLD_1_327,WI_1,4.799681133848049
2016-05-06,HOUSEHOLD_1_334,CA_1,13.764996054416656
2016-05-06,HOUSEHOLD_1_334,TX_1,10.336438167172503
2016-05-06,HOUSEHOLD_1_334,WI_1,6.426289694279116
2016-05-06,HOUSEHOLD_1_459,CA_1,2.9740839931396867
2016-05-06,HOUSEHOLD_1_459,TX_1,7.477658031623446
2016-05-06,HOUSEHOLD_1_459,WI_1,7.00495251855952
2016-05-06,HOUSEHOLD_1_521,CA_1,6.862243711938115
2016-05-06,HOUSEHOLD_1_521,TX_1,11.375722079356082
2016-05-06,HOUSEHOLD_1_521,WI_1,4.466099402024713
2016-05-07,FOODS_1_004,CA_1,7.668955224428135
2016-05-07,FOODS_1_004,TX_1,7.668955224428135
2016-05-07,FOODS_1_004,WI_1,7.668955224428135
2016-05-07,FOODS_1_018,CA_1,13.791544219409536
2016-05-07,FOODS_1_018,TX_1,9.156670787238166
2016-05-07,FOODS_1_018,WI_1,16.095131519179944
2016-05-07,FOODS_1_032,CA_1,2.596765754724442
2016-05-07,FOODS_1_032,TX_1,8.04918121348949
2016-05-07,FOODS_1_032,WI_1,11.40197021857708
2016-05-07,FOODS_1_043,CA_1,7.668955224428135
2016-05-07,FOODS_1_043,TX_1,9.053588865954929
2016-05-07,FOODS_1_043,WI_1,7.668955224428135
2016-05-07,FOODS_1_046,CA_1,10.975736053529282
2016-05-07,FOODS_1_046,TX_1,2.3135425717254225
2016-05-07,FOODS_1_046,WI_1,10.649158370399466
2016-05-07,FOODS_1_085,CA_1,11.763964466962785
2016-05-07,FOODS_1_085,TX_1,5.1996850637783565
2016-05-07,FOODS_1_085,WI_1,16.890577301642473
2016-05-07,FOODS_1_218,CA_1,9.91354521695875
2016-05-07,FOODS_1_218,TX_1,12.019889718891596
2016-05-07,FOODS_1_218,WI_1,12.948834939201344
2016-05-07,FOODS_2_019,CA_1,22.06005156687154
2016-05-07,FOODS_2_019,TX_1,2.881150474326896
2016-05-07,FOODS_2_019,WI_1,1.9949866153291853
2016-05-07,FOODS_2_181,CA_1,7.814780361532069
2016-05-07,FOODS_2_181,TX_1,22.841449910680208
2016-05-07,FOODS_2_181,WI_1,7.987634225652445
2016-05-07,FOODS_2_197,CA_1,26.95025328188943
2016-05-07,FOODS_2_197,TX_1,3.809716665661496
2016-05-07,FOODS_2_197,WI_1,3.2827690208483933
2016-05-07,FOODS_2_276,CA_1,14.065851358730114
2016-05-07,FOODS_2_276,TX_1,3.986063832235995
2016-05-07,FOODS_2_276,WI_1,4.117120607885383
2016-05-07,FOODS_2_347,CA_1,12.828961992396533
2016-05-07,FOODS_2_347,TX_1,7.874973082469908
2016-05-07,FOODS_2_347,WI_1,6.1292021048514655
2016-05-07,FOODS_2_360,CA_1,12.111377329653775
2016-05-07,FOODS_2_360,TX_1,6.630307604267188
2016-05-07,FOODS_2_360,WI_1,19.288370931489734
2016-05-07,FOODS_3_007,CA_1,6.1777556333486965
2016-05-07,FOODS_3_007,TX_1,4.143040316459147
2016-05-07,FOODS_3_007,WI_1,5.912440726087328
2016-05-07,FOODS_3_030,CA_1,9.815805713317651
2016-05-07,FOODS_3_030,TX_1,11.52271936491636
2016-05-07,FOODS_3_030,WI_1,7.943014187291201
2016-05-07,FOODS_3_042,CA_1,3.936193016228555
2016-05-07,FOODS_3_042,TX_1,3.0323658130320785
2016-05-07,FOODS_3_042,WI_1,19.97622244252974
2016-05-07,FOODS_3_080,CA_1,23.23828913777359
2016-05-07,FOODS_3_080,TX_1,7.308344341396573
2016-05-07,FOODS_3_080,WI_1,16.80601217227447
2016-05-07,FOODS_3_090,CA_1,69.72152043819123
2016-05-07,FOODS_3_090,TX_1,64.98134870280431
2016-05-07,FOODS_3_090,WI_1,30.028664409286797
2016-05-07,FOODS_3_099,CA_1,17.825852238357005
2016-05-07,FOODS_3_099,TX_1,11.516711699078897
2016-05-07,FOODS_3_099,WI_1,10.668499938065986
2016-05-07,FOODS_3_120,CA_1,55.163537739387195
2016-05-07,FOODS_3_120,TX_1,21.526776351352687
2016-05-07,FOODS_3_120,WI_1,14.125718594410603
2016-05-07,FOODS_3_202,CA_1,22.01654488244403
2016-05-07,FOODS_3_202,TX_1,38.21588928718039
2016-05-07,FOODS_3_202,WI_1,16.058455209719916
2016-05-07,FOODS_3_226,CA_1,7.693793333802099
2016-05-07,FOODS_3_226,TX_1,19.93392835436694
2016-05-07,FOODS_3_226,WI_1,45.61311537519918
2016-05-07,FOODS_3_228,CA_1,7.874973082469908
2016-05-07,FOODS_3_228,TX_1,6.015750178454254
2016-05-07,FOODS_3_228,WI_1,3.9292229482158008
2016-05-07,FOODS_3_234,CA_1,10.518747984270215
2016-05-07,FOODS_3_234,TX_1,10.44306851297377
2016-05-07,FOODS_3_234,WI_1,10.530816879773191
2016-05-07,FOODS_3_252,CA_1,49.70171135706598
2016-05-07,FOODS_3_252,TX_1,42.391806092277285
2016-05-07,FOODS_3_252,WI_1,11.267510140727753
2016-05-07,FOODS_3_281,CA_1,12.974849797221875
2016-05-07,FOODS_3_281,TX_1,4.367331671133013
2016-05-07,FOODS_3_281,WI_1,8.071924344681932
2016-05-07,FOODS_3_282,CA_1,28.728958763666313
2016-05-07,FOODS_3_282,TX_1,17.36676980797833
2016-05-07,FOODS_3_282,WI_1,16.52604300264849
2016-05-07,FOODS_3_288,CA_1,20.937490624525427
2016-05-07,FOODS_3_288,TX_1,18.12788880419026
2016-05-07,FOODS_3_288,WI_1,11.555554317728504
2016-05-07,FOODS_3_295,CA_1,26.10766631154274
2016-05-07,FOODS_3_295,TX_1,9.049032353274914
2016-05-07,FOODS_3_295,WI_1,12.564705162464458
2016-05-07,FOODS_3_318,CA_1,12.866074490424733
2016-05-07,FOODS_3_318,TX_1,9.46135430650156
2016-05-07,FOODS_3_318,WI_1,19.70312665910701
2016-05-07,FOODS_3_319,CA_1,11.45759804494998
2016-05-07,FOODS_3_319,TX_1,11.637325915826878
2016-05-07,FOODS_3_319,WI_1,10.102521196382476
2016-05-07,FOODS_3_329,CA_1,16.056574449117832
2016-05-07,FOODS_3_329,TX_1,14.335068491148734
2016-05-07,FOODS_3_329,WI_1,11.19646123436046
2016-05-07,FOODS_3_362,CA_1,21.175994631845466
2016-05-07,FOODS_3_362,TX_1,10.408214321356205
2016-05-07,FOODS_3_362,WI_1,12.873681541884393
2016-05-07,FOODS_3_376,CA_1,6.283517795714545
2016-05-07,FOODS_3_376,TX_1,13.549218330867031
2016-05-07,FOODS_3_376,WI_1,4.268183118049469
2016-05-07,FOODS_3_377,CA_1,10.60417162127344
2016-05-07,FOODS_3_377,TX_1,17.670326005257763
2016-05-07,FOODS_3_377,WI_1,5.935662349367603
2016-05-07,FOODS_3_389,CA_1,9.022815590855993
2016-05-07,FOODS_3_389,TX_1,18.19699026459854
2016-05-07,FOODS_3_389,WI_1,3.0825572695875696
2016-05-07,FOODS_3_406,CA_1,15.818477827476416
2016-05-07,FOODS_3_406,TX_1,5.095521564060531
2016-05-07,FOODS_3_406,WI_1,7.756514419167993
2016-05-07,FOODS_3_455,CA_1,11.55680661839263
2016-05-07,FOODS_3_455,TX_1,13.772337149086727
2016-05-07,FOODS_3_455,WI_1,1.401803174924718
2016-05-07,FOODS_3_458,CA_1,8.586452650032951
2016-05-07,FOODS_3_458,TX_1,8.93300451025483
2016-05-07,FOODS_3_458,WI_1,5.101159275200905
2016-05-07,FOODS_3_462,CA_1,7.358989818401678
2016-05-07,FOODS_3_462,TX_1,12.981280690837815
2016-05-07,FOODS_3_462,WI_1,5.141021538620025
2016-05-07,FOODS_3_491,CA_1,13.45220210624175
2016-05-07,FOODS_3_491,TX_1,6.632593198084658
2016-05-07,FOODS_3_491,WI_1,22.508638463355073
2016-05-07,FOODS_3_499,CA_1,16.030742655081784
2016-05-07,FOODS_3_499,TX_1,9.395891275006102
2016-05-07,FOODS_3_499,WI_1,7.647643392578776
2016-05-07,FOODS_3_501,CA_1,19.98139406051743
2016-05-07,FOODS_3_501,TX_1,7.724220046868438
2016-05-07,FOODS_3_501,WI_1,9.252985415707073
2016-05-07,FOODS_3_516,CA_1,12.7897943668421
2016-05-07,FOODS_3_516,TX_1,9.752261513660528
2016-05-07,FOODS_3_516,WI_1,13.22945913409739
2016-05-07,FOODS_3_541,CA_1,5.1800806092342455
2016-05-07,FOODS_3_541,TX_1,12.22892657480412
2016-05-07,FOODS_3_541,WI_1,11.637325915826878
2016-05-07,FOODS_3_547,CA_1,12.366706542499646
2016-05-07,FOODS_3_547,TX_1,4.974935895881795
2016-05-07,FOODS_3_547,WI_1,6.095149709076948
2016-05-07,FOODS_3_555,CA_1,23.68644052034779
2016-05-07,FOODS_3_555,TX_1,36.56869055396355
2016-05-07,FOODS_3_555,WI_1,12.887695577653167
2016-05-07,FOODS_3_586,CA_1,51.24145195913183
2016-05-07,FOODS_3_586,TX_1,69.59545310061978
2016-05-07,FOODS_3_586,WI_1,18.890510636434463
2016-05-07,FOODS_3_587,CA_1,26.022264600835193
2016-05-07,FOODS_3_587,TX_1,29.29634298519789
2016-05-07,FOODS_3_587,WI_1,18.370603538867474
2016-05-07,FOODS_3_607,CA_1,15.424648239828418
2016-05-07,FOODS_3_607,TX_1,19.337930424541184
2016-05-07,FOODS_3_607,WI_1,3.7457505855126327
2016-05-07,FOODS_3_635,CA_1,5.638183390955448
2016-05-07,FOODS_3_635,TX_1,11.55263447801202
2016-05-07,FOODS_3_635,WI_1,10.102521196382476
2016-05-07,FOODS_3_668,CA_1,10.509897967226966
2016-05-07,FOODS_3_668,TX_1,3.0380882007873145
2016-05-07,FOODS_3_668,WI_1,14.980462083736453
2016-05-07,FOODS_3_681,CA_1,23.798907343572054
2016-05-07,FOODS_3_681,TX_1,47.94285591244515
2016-05-07,FOODS_3_681,WI_1,3.977026694476126
2016-05-07,FOODS_3_694,CA_1,14.842745183199224
2016-05-07,FOODS_3_694,TX_1,23.465610563079846
2016-05-07,FOODS_3_694,WI_1,26.426709543990484
2016-05-07,FOODS_3_702,CA_1,14.855713294116642
2016-05-07,FOODS_3_702,TX_1,7.2515423922118005
2016-05-07,FOODS_3_702,WI_1,28.41417621964463
2016-05-07,FOODS_3_711,CA_1,3.627612088082436
2016-05-07,FOODS_3_711,TX_1,5.399721100304718
2016-05-07,FOODS_3_711,WI_1,5.8547046805854075
2016-05-07,FOODS_3_714,CA_1,23.683331153504696
2016-05-07,FOODS_3_714,TX_1,27.29978355133414
2016-05-07,FOODS_3_714,WI_1,24.18040361174574
2016-05-07,FOODS_3_723,CA_1,17.21497238975728
2016-05-07,FOODS_3_723,TX_1,20.732694645085903
2016-05-07,FOODS_3_723,WI_1,15.856160836212574
2016-05-07,FOODS_3_739,CA_1,17.787119488382555
2016-05-07,FOODS_3_739,TX_1,16.431528731208633
2016-05-07,FOODS_3_739,WI_1,11.58795824621777
2016-05-07,FOODS_3_741,CA_1,18.195209230971148
2016-05-07,FOODS_3_741,TX_1,2.4089827944000732
2016-05-07,FOODS_3_741,WI_1,1.8787728695103707
2016-05-07,FOODS_3_744,CA_1,12.182493283954742
2016-05-07,FOODS_3_744,TX_1,2.5867406056460522
2016-05-07,FOODS_3_744,WI_1,6.984059362860193
2016-05-07,FOODS_3_752,CA_1,6.442745988151333
2016-05-07,FOODS_3_752,TX_1,6.151451610752721
2016-05-07,FOODS_3_752,WI_1,8.991919074625747
2016-05-07,FOODS_3_755,CA_1,15.349227667865954
2016-05-07,FOODS_3_755,TX_1,3.3861067904040563
2016-05-07,FOODS_3_755,WI_1,5.815609473346995
2016-05-07,FOODS_3_764,CA_1,9.866190051872165
2016-05-07,FOODS_3_764,TX_1,8.408537654996971
2016-05-07,FOODS_3_764,WI_1,8.42946820097769
2016-05-07,FOODS_3_785,CA_1,19.075616935715413
2016-05-07,FOODS_3_785,TX_1,15.114965680135702
2016-05-07,FOODS_3_785,WI_1,18.545763917072666
2016-05-07,FOODS_3_808,CA_1,5.516854809154082
2016-05-07,FOODS_3_808,TX_1,5.425080581484216
2016-05-07,FOODS_3_808,WI_1,17.205661731286686
2016-05-07,FOODS_3_811,CA_1,24.270481159574214
2016-05-07,FOODS_3_811,TX_1,19.218601398070394
2016-05-07,FOODS_3_811,WI_1,4.41748056944456
2016-05-07,HOBBIES_1_268,CA_1,12.456164062350815
2016-05-07,HOBBIES_1_268,TX_1,5.590242348281196
2016-05-07,HOBBIES_1_268,WI_1,7.590615901923443
2016-05-07,HOBBIES_1_348,CA_1,7.626950443007852
2016-05-07,HOBBIES_1_348,TX_1,5.182551173022687
2016-05-07,HOBBIES_1_348,WI_1,6.800166077181228
2016-05-07,HOBBIES_1_371,CA_1,12.421249620492109
2016-05-07,HOBBIES_1_371,TX_1,3.4570339124047935
2016-05-07,HOBBIES_1_371,WI_1,10.997345731229156
2016-05-07,HOUSEHOLD_1_303,CA_1,8.717665300712863
2016-05-07,HOUSEHOLD_1_303,TX_1,7.592798302956828
2016-05-07,HOUSEHOLD_1_303,WI_1,5.61318835935068
2016-05-07,HOUSEHOLD_1_327,CA_1,8.089933055024032
2016-05-07,HOUSEHOLD_1_327,TX_1,6.215172837547389
2016-05-07,HOUSEHOLD_1_327,WI_1,5.10356982194654
2016-05-07,HOUSEHOLD_1_334,CA_1,15.624706327765061
2016-05-07,HOUSEHOLD_1_334,TX_1,12.45012140917937
2016-05-07,HOUSEHOLD_1_334,WI_1,8.132680223919158
2016-05-07,HOUSEHOLD_1_459,CA_1,3.5607279473403253
2016-05-07,HOUSEHOLD_1_459,TX_1,8.964564613787882
2016-05-07,HOUSEHOLD_1_459,WI_1,8.670265231564748
2016-05-07,HOUSEHOLD_1_521,CA_1,8.794347130987513
2016-05-07,HOUSEHOLD_1_521,TX_1,13.137577214116028
2016-05-07,HOUSEHOLD_1_521,WI_1,5.725581091017259
2016-05-08,FOODS_1_004,CA_1,13.445556151171667
2016-05-08,FOODS_1_004,TX_1,13.445556151171667
2016-05-08,FOODS_1_004,WI_1,13.445556151171667
2016-05-08,FOODS_1_018,CA_1,12.644458256206015
2016-05-08,FOODS_1_018,TX_1,8.621319753469498
2016-05-08,FOODS_1_018,WI_1,11.555144250754536
2016-05-08,FOODS_1_032,CA_1,2.3946263803780967
2016-05-08,FOODS_1_032,TX_1,7.011131255910503
2016-05-08,FOODS_1_032,WI_1,11.2101790478513
2016-05-08,FOODS_1_043,CA_1,13.445556151171667
2016-05-08,FOODS_1_043,TX_1,8.573123711776464
2016-05-08,FOODS_1_043,WI_1,13.445556151171667
2016-05-08,FOODS_1_046,CA_1,9.668727116023454
2016-05-08,FOODS_1_046,TX_1,2.24256635683072
2016-05-08,FOODS_1_046,WI_1,10.031012336199023
2016-05-08,FOODS_1_085,CA_1,10.389943065806547
2016-05-08,FOODS_1_085,TX_1,5.00818660806639
2016-05-08,FOODS_1_085,WI_1,16.8184952338112
2016-05-08,FOODS_1_218,CA_1,9.936942402753303
2016-05-08,FOODS_1_218,TX_1,11.760709205885503
2016-05-08,FOODS_1_218,WI_1,11.917521174211782
2016-05-08,FOODS_2_019,CA_1,21.896800590221982
2016-05-08,FOODS_2_019,TX_1,2.508324526186931
2016-05-08,FOODS_2_019,WI_1,1.8648632814153796
2016-05-08,FOODS_2_181,CA_1,7.636497509930515
2016-05-08,FOODS_2_181,TX_1,21.137027890181898
2016-05-08,FOODS_2_181,WI_1,8.121534093516841
2016-05-08,FOODS_2_197,CA_1,25.23173065950602
2016-05-08,FOODS_2_197,TX_1,3.653016868368079
2016-05-08,FOODS_2_197,WI_1,2.6629597880520297
2016-05-08,FOODS_2_276,CA_1,13.694653464314047
2016-05-08,FOODS_2_276,TX_1,3.991979764320982
2016-05-08,FOODS_2_276,WI_1,3.372432227344481
2016-05-08,FOODS_2_347,CA_1,12.082241554068947
2016-05-08,FOODS_2_347,TX_1,8.0829964573527
2016-05-08,FOODS_2_347,WI_1,6.073011965988029
2016-05-08,FOODS_2_360,CA_1,11.28450115171175
2016-05-08,FOODS_2_360,TX_1,6.804344740547837
2016-05-08,FOODS_2_360,WI_1,17.305276659528143
2016-05-08,FOODS_3_007,CA_1,6.231159169668708
2016-05-08,FOODS_3_007,TX_1,3.95610104544358
2016-05-08,FOODS_3_007,WI_1,5.446139158642557
2016-05-08,FOODS_3_030,CA_1,8.742293499226411
2016-05-08,FOODS_3_030,TX_1,10.983608002950064
2016-05-08,FOODS_3_030,WI_1,8.178199477329496
2016-05-08,FOODS_3_042,CA_1,3.7530669351290533
2016-05-08,FOODS_3_042,TX_1,2.881681437707403
2016-05-08,FOODS_3_042,WI_1,18.4971676377325
2016-05-08,FOODS_3_080,CA_1,22.207996615380843
2016-05-08,FOODS_3_080,TX_1,7.158242537594078
2016-05-08,FOODS_3_080,WI_1,16.617214112911903
2016-05-08,FOODS_3_090,CA_1,67.20682441911276
2016-05-08,FOODS_3_090,TX_1,66.58687719110497
2016-05-08,FOODS_3_090,WI_1,27.3606085659915
2016-05-08,FOODS_3_099,CA_1,17.074433106671837
2016-05-08,FOODS_3_099,TX_1,12.638426222480772
2016-05-08,FOODS_3_099,WI_1,10.973921315029678
2016-05-08,FOODS_3_120,CA_1,61.06301995853037
2016-05-08,FOODS_3_120,TX_1,20.643971791642247
2016-05-08,FOODS_3_120,WI_1,14.580144095689338
2016-05-08,FOODS_3_202,CA_1,20.46045150851
2016-05-08,FOODS_3_202,TX_1,39.23465805014152
2016-05-08,FOODS_3_202,WI_1,15.663629375877644
2016-05-08,FOODS_3_226,CA_1,8.309648677836378
2016-05-08,FOODS_3_226,TX_1,19.742399094763012
2016-05-08,FOODS_3_226,WI_1,46.903826367064866
2016-05-08,FOODS_3_228,CA_1,7.868899813275648
2016-05-08,FOODS_3_228,TX_1,5.941777662528999
2016-05-08,FOODS_3_228,WI_1,3.8205902549194293
2016-05-08,FOODS_3_234,CA_1,11.692003075792877
2016-05-08,FOODS_3_234,TX_1,7.317194119769879
2016-05-08,FOODS_3_234,WI_1,6.767721521896928
2016-05-08,FOODS_3_252,CA_1,47.92216215868669
2016-05-08,FOODS_3_252,TX_1,40.81407240303032
2016-05-08,FOODS_3_252,WI_1,10.157923408351675
2016-05-08,FOODS_3_281,CA_1,11.439443019217613
2016-05-08,FOODS_3_281,TX_1,3.644585867761155
2016-05-08,FOODS_3_281,WI_1,7.707338561487537
2016-05-08,FOODS_3_282,CA_1,27.930499072287436
2016-05-08,FOODS_3_282,TX_1,17.927955578588563
2016-05-08,FOODS_3_282,WI_1,15.306525871500194
2016-05-08,FOODS_3_288,CA_1,22.268097964913995
2016-05-08,FOODS_3_288,TX_1,17.330860217334923
2016-05-08,FOODS_3_288,WI_1,12.266552425440379
2016-05-08,FOODS_3_295,CA_1,25.682607881901728
2016-05-08,FOODS_3_295,TX_1,10.34452038599592
2016-05-08,FOODS_3_295,WI_1,12.181108609435642
2016-05-08,FOODS_3_318,CA_1,12.622177404263025
2016-05-08,FOODS_3_318,TX_1,9.042445367895112
2016-05-08,FOODS_3_318,WI_1,17.176570481674467
2016-05-08,FOODS_3_319,CA_1,12.575319773991767
2016-05-08,FOODS_3_319,TX_1,16.73320866022824
2016-05-08,FOODS_3_319,WI_1,10.994983177541947
2016-05-08,FOODS_3_329,CA_1,17.097895692358254
2016-05-08,FOODS_3_329,TX_1,14.073599282318138
2016-05-08,FOODS_3_329,WI_1,11.241535772065925
2016-05-08,FOODS_3_362,CA_1,21.319698003172313
2016-05-08,FOODS_3_362,TX_1,9.864787825476732
2016-05-08,FOODS_3_362,WI_1,10.642678111973998
2016-05-08,FOODS_3_376,CA_1,6.309527091676257
2016-05-08,FOODS_3_376,TX_1,14.605802035069841
2016-05-08,FOODS_3_376,WI_1,3.710360929652591
2016-05-08,FOODS_3_377,CA_1,10.905051015627805
2016-05-08,FOODS_3_377,TX_1,16.676066268783764
2016-05-08,FOODS_3_377,WI_1,5.883597580643783
2016-05-08,FOODS_3_389,CA_1,8.754183372608514
2016-05-08,FOODS_3_389,TX_1,18.30534576990726
2016-05-08,FOODS_3_389,WI_1,2.893306437707403
2016-05-08,FOODS_3_406,CA_1,17.829223878938848
2016-05-08,FOODS_3_406,TX_1,5.676231187360676
2016-05-08,FOODS_3_406,WI_1,7.148904768949762
2016-05-08,FOODS_3_455,CA_1,11.359566704926094
2016-05-08,FOODS_3_455,TX_1,14.749094649482815
2016-05-08,FOODS_3_455,WI_1,1.9486338090220183
2016-05-08,FOODS_3_458,CA_1,8.51746994960996
2016-05-08,FOODS_3_458,TX_1,7.763466466034657
2016-05-08,FOODS_3_458,WI_1,4.632476873121437
2016-05-08,FOODS_3_462,CA_1,7.794066074544346
2016-05-08,FOODS_3_462,TX_1,11.53051077029344
2016-05-08,FOODS_3_462,WI_1,4.969806645136128
2016-05-08,FOODS_3_491,CA_1,12.259996520061144
2016-05-08,FOODS_3_491,TX_1,7.510774126842493
2016-05-08,FOODS_3_491,WI_1,23.718556944341177
2016-05-08,FOODS_3_499,CA_1,16.06824572369125
2016-05-08,FOODS_3_499,TX_1,9.573126749164736
2016-05-08,FOODS_3_499,WI_1,7.752870366177485
2016-05-08,FOODS_3_501,CA_1,20.479058131686077
2016-05-08,FOODS_3_501,TX_1,8.419387984881265
2016-05-08,FOODS_3_501,WI_1,8.498718521159462
2016-05-08,FOODS_3_516,CA_1,12.251758136997775
2016-05-08,FOODS_3_516,TX_1,9.13184275912637
2016-05-08,FOODS_3_516,WI_1,12.812686690073983
2016-05-08,FOODS_3_541,CA_1,5.2009614351739675
2016-05-08,FOODS_3_541,TX_1,9.77370264387603
2016-05-08,FOODS_3_541,WI_1,16.73320866022824
2016-05-08,FOODS_3_547,CA_1,19.50320315981234
2016-05-08,FOODS_3_547,TX_1,5.403392617389906
2016-05-08,FOODS_3_547,WI_1,6.203185425994847
2016-05-08,FOODS_3_555,CA_1,23.643032234967503
2016-05-08,FOODS_3_555,TX_1,34.28889280134685
2016-05-08,FOODS_3_555,WI_1,11.40369419047179
2016-05-08,FOODS_3_586,CA_1,50.25837130045901
2016-05-08,FOODS_3_586,TX_1,73.24963239248687
2016-05-08,FOODS_3_586,WI_1,18.055008504177938
2016-05-08,FOODS_3_587,CA_1,27.335243681043067
2016-05-08,FOODS_3_587,TX_1,26.690566764408118
2016-05-08,FOODS_3_587,WI_1,18.83231330141119
2016-05-08,FOODS_3_607,CA_1,15.672152687440255
2016-05-08,FOODS_3_607,TX_1,19.06246087631364
2016-05-08,FOODS_3_607,WI_1,3.533002721530356
2016-05-08,FOODS_3_635,CA_1,6.326016482958506
2016-05-08,FOODS_3_635,TX_1,8.23432187982688
2016-05-08,FOODS_3_635,WI_1,10.994983177541947
2016-05-08,FOODS_3_668,CA_1,9.63100170887187
2016-05-08,FOODS_3_668,TX_1,2.894293236417905
2016-05-08,FOODS_3_668,WI_1,12.392257554824699
2016-05-08,FOODS_3_681,CA_1,23.82848426062982
2016-05-08,FOODS_3_681,TX_1,48.726895583590384
2016-05-08,FOODS_3_681,WI_1,3.50300466220059
2016-05-08,FOODS_3_694,CA_1,14.269244784799609
2016-05-08,FOODS_3_694,TX_1,23.772373326935476
2016-05-08,FOODS_3_694,WI_1,26.365580640335697
2016-05-08,FOODS_3_702,CA_1,14.88285281444555
2016-05-08,FOODS_3_702,TX_1,6.83453483793499
2016-05-08,FOODS_3_702,WI_1,25.413485883826056
2016-05-08,FOODS_3_711,CA_1,3.9767463874950995
2016-05-08,FOODS_3_711,TX_1,4.995128013267128
2016-05-08,FOODS_3_711,WI_1,6.158823702232042
2016-05-08,FOODS_3_714,CA_1,23.003392296552192
2016-05-08,FOODS_3_714,TX_1,26.296587224730512
2016-05-08,FOODS_3_714,WI_1,22.20240353097443
2016-05-08,FOODS_3_723,CA_1,15.523759734726013
2016-05-08,FOODS_3_723,TX_1,21.92707830944593
2016-05-08,FOODS_3_723,WI_1,14.374798750759046
2016-05-08,FOODS_3_739,CA_1,16.392706484298543
2016-05-08,FOODS_3_739,TX_1,15.608570042502013
2016-05-08,FOODS_3_739,WI_1,11.882786749472869
2016-05-08,FOODS_3_741,CA_1,18.455101717804848
2016-05-08,FOODS_3_741,TX_1,2.1953634967009856
2016-05-08,FOODS_3_741,WI_1,2.0671160036212184
2016-05-08,FOODS_3_744,CA_1,11.420199465148942
2016-05-08,FOODS_3_744,TX_1,2.736121123245924
2016-05-08,FOODS_3_744,WI_1,7.517006536612985
2016-05-08,FOODS_3_752,CA_1,7.242498724865853
2016-05-08,FOODS_3_752,TX_1,6.423173764416227
2016-05-08,FOODS_3_752,WI_1,7.1793771517929486
2016-05-08,FOODS_3_755,CA_1,15.76578562680143
2016-05-08,FOODS_3_755,TX_1,3.5048492166552547
2016-05-08,FOODS_3_755,WI_1,5.52613027207208
2016-05-08,FOODS_3_764,CA_1,10.393332744423333
2016-05-08,FOODS_3_764,TX_1,8.211555254177513
2016-05-08,FOODS_3_764,WI_1,9.895117187264008
2016-05-08,FOODS_3_785,CA_1,19.35564357546063
2016-05-08,FOODS_3_785,TX_1,19.19145985661437
2016-05-08,FOODS_3_785,WI_1,19.79776754961445
2016-05-08,FOODS_3_808,CA_1,3.5929805938320323
2016-05-08,FOODS_3_808,TX_1,6.2789762530734485
2016-05-08,FOODS_3_808,WI_1,11.753002639334376
2016-05-08,FOODS_3_811,CA_1,23.128507156396577
2016-05-08,FOODS_3_811,TX_1,19.30996842686253
2016-05-08,FOODS_3_811,WI_1,4.25485164110654
2016-05-08,HOBBIES_1_268,CA_1,14.352107133939677
2016-05-08,HOBBIES_1_268,TX_1,5.7764618837066735
2016-05-08,HOBBIES_1_268,WI_1,7.26331334983724
2016-05-08,HOBBIES_1_348,CA_1,8.772391078818348
2016-05-08,HOBBIES_1_348,TX_1,5.304351704792021
2016-05-08,HOBBIES_1_348,WI_1,7.372372795037046
2016-05-08,HOBBIES_1_371,CA_1,10.648352533109621
2016-05-08,HOBBIES_1_371,TX_1,3.4481012841225493
2016-05-08,HOBBIES_1_371,WI_1,7.013747220043502
2016-05-08,HOUSEHOLD_1_303,CA_1,9.14126433888449
2016-05-08,HOUSEHOLD_1_303,TX_1,7.761840145335856
2016-05-08,HOUSEHOLD_1_303,WI_1,5.164803815956662
2016-05-08,HOUSEHOLD_1_327,CA_1,7.803045270113188
2016-05-08,HOUSEHOLD_1_327,TX_1,6.4143895746636215
2016-05-08,HOUSEHOLD_1_327,WI_1,4.8746014989325825
2016-05-08,HOUSEHOLD_1_334,CA_1,13.389763735508009
2016-05-08,HOUSEHOLD_1_334,TX_1,11.920370473518624
2016-05-08,HOUSEHOLD_1_334,WI_1,7.62339723024473
2016-05-08,HOUSEHOLD_1_459,CA_1,3.3391083121417116
2016-05-08,HOUSEHOLD_1_459,TX_1,8.62264880168287
2016-05-08,HOUSEHOLD_1_459,WI_1,8.683601838924776
2016-05-08,HOUSEHOLD_1_521,CA_1,9.23655586540532
2016-05-08,HOUSEHOLD_1_521,TX_1,15.262520300298117
2016-05-08,HOUSEHOLD_1_521,WI_1,5.054152558524904
2016-05-09,FOODS_1_004,CA_1,5.5567189917458055
2016-05-09,FOODS_1_004,TX_1,5.5567189917458055
2016-05-09,FOODS_1_004,WI_1,5.5567189917458055
2016-05-09,FOODS_1_018,CA_1,9.144023638847019
2016-05-09,FOODS_1_018,TX_1,6.659873666306001
2016-05-09,FOODS_1_018,WI_1,10.23868592762767
2016-05-09,FOODS_1_032,CA_1,1.7159455042967544
2016-05-09,FOODS_1_032,TX_1,5.152125575073707
2016-05-09,FOODS_1_032,WI_1,8.167816742401488
2016-05-09,FOODS_1_043,CA_1,5.5567189917458055
2016-05-09,FOODS_1_043,TX_1,5.7177939421818005
2016-05-09,FOODS_1_043,WI_1,5.5567189917458055
2016-05-09,FOODS_1_046,CA_1,7.140492542502898
2016-05-09,FOODS_1_046,TX_1,1.687974257114607
2016-05-09,FOODS_1_046,WI_1,7.500233047076381
2016-05-09,FOODS_1_085,CA_1,7.937340605168979
2016-05-09,FOODS_1_085,TX_1,3.6312354175179022
2016-05-09,FOODS_1_085,WI_1,11.589151258337553
2016-05-09,FOODS_1_218,CA_1,7.1498428604312565
2016-05-09,FOODS_1_218,TX_1,8.703661891781191
2016-05-09,FOODS_1_218,WI_1,8.613008560187911
2016-05-09,FOODS_2_019,CA_1,15.131613217722432
2016-05-09,FOODS_2_019,TX_1,1.9496381216488825
2016-05-09,FOODS_2_019,WI_1,0.9313545494613605
2016-05-09,FOODS_2_181,CA_1,5.874747979120261
2016-05-09,FOODS_2_181,TX_1,18.026844813035
2016-05-09,FOODS_2_181,WI_1,6.42799430109764
2016-05-09,FOODS_2_197,CA_1,19.609275304253615
2016-05-09,FOODS_2_197,TX_1,3.1552457200933777
2016-05-09,FOODS_2_197,WI_1,2.0091398609542095
2016-05-09,FOODS_2_276,CA_1,10.190883545981412
2016-05-09,FOODS_2_276,TX_1,3.5787688804885054
2016-05-09,FOODS_2_276,WI_1,2.9766662629103946
2016-05-09,FOODS_2_347,CA_1,8.707448937061256
2016-05-09,FOODS_2_347,TX_1,6.489433183581327
2016-05-09,FOODS_2_347,WI_1,4.121361076324497
2016-05-09,FOODS_2_360,CA_1,8.883540006614343
2016-05-09,FOODS_2_360,TX_1,5.219445601820702
2016-05-09,FOODS_2_360,WI_1,13.211965644078143
2016-05-09,FOODS_3_007,CA_1,5.462342610129425
2016-05-09,FOODS_3_007,TX_1,4.179798593154072
2016-05-09,FOODS_3_007,WI_1,4.460770802115055
2016-05-09,FOODS_3_030,CA_1,6.969742913532684
2016-05-09,FOODS_3_030,TX_1,7.800585142980964
2016-05-09,FOODS_3_030,WI_1,5.850225291986285
2016-05-09,FOODS_3_042,CA_1,2.926058852144335
2016-05-09,FOODS_3_042,TX_1,2.435229001512204
2016-05-09,FOODS_3_042,WI_1,13.204731207756447
2016-05-09,FOODS_3_080,CA_1,16.69664799714227
2016-05-09,FOODS_3_080,TX_1,5.409583610680661
2016-05-09,FOODS_3_080,WI_1,11.551240021581712
2016-05-09,FOODS_3_090,CA_1,46.57201767873917
2016-05-09,FOODS_3_090,TX_1,45.43428087247199
2016-05-09,FOODS_3_090,WI_1,17.96952475313033
2016-05-09,FOODS_3_099,CA_1,13.421806118318319
2016-05-09,FOODS_3_099,TX_1,9.8246815937078
2016-05-09,FOODS_3_099,WI_1,7.822549375474368
2016-05-09,FOODS_3_120,CA_1,35.27799989885953
2016-05-09,FOODS_3_120,TX_1,15.062426918820485
2016-05-09,FOODS_3_120,WI_1,10.468879240577248
2016-05-09,FOODS_3_202,CA_1,14.916873438325204
2016-05-09,FOODS_3_202,TX_1,23.32341444712863
2016-05-09,FOODS_3_202,WI_1,9.90201704510026
2016-05-09,FOODS_3_226,CA_1,5.8394936355957325
2016-05-09,FOODS_3_226,TX_1,13.409706470242133
2016-05-09,FOODS_3_226,WI_1,34.56805263055735
2016-05-09,FOODS_3_228,CA_1,6.515672975652995
2016-05-09,FOODS_3_228,TX_1,4.324812771256161
2016-05-09,FOODS_3_228,WI_1,3.0112336054079987
2016-05-09,FOODS_3_234,CA_1,9.135061417784824
2016-05-09,FOODS_3_234,TX_1,7.369085114904586
2016-05-09,FOODS_3_234,WI_1,5.590071062227
2016-05-09,FOODS_3_252,CA_1,34.958208327204176
2016-05-09,FOODS_3_252,TX_1,26.848166645056807
2016-05-09,FOODS_3_252,WI_1,7.589996976469848
2016-05-09,FOODS_3_281,CA_1,8.154169648359101
2016-05-09,FOODS_3_281,TX_1,2.910761654568316
2016-05-09,FOODS_3_281,WI_1,5.838574838030383
2016-05-09,FOODS_3_282,CA_1,21.814188183959832
2016-05-09,FOODS_3_282,TX_1,13.67045916084631
2016-05-09,FOODS_3_282,WI_1,11.035183807648009
2016-05-09,FOODS_3_288,CA_1,14.016101819809064
2016-05-09,FOODS_3_288,TX_1,13.0156240835212
2016-05-09,FOODS_3_288,WI_1,8.461802893712816
2016-05-09,FOODS_3_295,CA_1,19.465655345847132
2016-05-09,FOODS_3_295,TX_1,6.877535459362021
2016-05-09,FOODS_3_295,WI_1,8.528085111706794
2016-05-09,FOODS_3_318,CA_1,8.726479231171737
2016-05-09,FOODS_3_318,TX_1,6.948881600143244
2016-05-09,FOODS_3_318,WI_1,12.055729349552994
2016-05-09,FOODS_3_319,CA_1,7.0367403506887305
2016-05-09,FOODS_3_319,TX_1,7.617040033794779
2016-05-09,FOODS_3_319,WI_1,6.580939599610035
2016-05-09,FOODS_3_329,CA_1,14.855690735069143
2016-05-09,FOODS_3_329,TX_1,10.826398282454607
2016-05-09,FOODS_3_329,WI_1,8.154343990224584
2016-05-09,FOODS_3_362,CA_1,14.631477259611247
2016-05-09,FOODS_3_362,TX_1,7.6129444979239205
2016-05-09,FOODS_3_362,WI_1,8.7506724101846
2016-05-09,FOODS_3_376,CA_1,4.5811414121346345
2016-05-09,FOODS_3_376,TX_1,9.397878241848211
2016-05-09,FOODS_3_376,WI_1,2.955482497137616
2016-05-09,FOODS_3_377,CA_1,7.786250744726378
2016-05-09,FOODS_3_377,TX_1,11.634427557620192
2016-05-09,FOODS_3_377,WI_1,3.9167113691029214
2016-05-09,FOODS_3_389,CA_1,6.83409954851594
2016-05-09,FOODS_3_389,TX_1,12.815785107321567
2016-05-09,FOODS_3_389,WI_1,2.474659561410231
2016-05-09,FOODS_3_406,CA_1,12.099222030581146
2016-05-09,FOODS_3_406,TX_1,3.807056698436632
2016-05-09,FOODS_3_406,WI_1,5.332918305256912
2016-05-09,FOODS_3_455,CA_1,8.184225344030045
2016-05-09,FOODS_3_455,TX_1,10.585487936231676
2016-05-09,FOODS_3_455,WI_1,0.9830335722032574
2016-05-09,FOODS_3_458,CA_1,6.738834091821806
2016-05-09,FOODS_3_458,TX_1,5.979241764526843
2016-05-09,FOODS_3_458,WI_1,3.5957047416953354
2016-05-09,FOODS_3_462,CA_1,5.369289878616802
2016-05-09,FOODS_3_462,TX_1,8.209105955462038
2016-05-09,FOODS_3_462,WI_1,3.5430299675210635
2016-05-09,FOODS_3_491,CA_1,8.804823040416807
2016-05-09,FOODS_3_491,TX_1,5.261102386498704
2016-05-09,FOODS_3_491,WI_1,16.408559067456334
2016-05-09,FOODS_3_499,CA_1,11.935068347809127
2016-05-09,FOODS_3_499,TX_1,7.631945831713922
2016-05-09,FOODS_3_499,WI_1,6.055521719028402
2016-05-09,FOODS_3_501,CA_1,15.30833469954662
2016-05-09,FOODS_3_501,TX_1,5.838003954116253
2016-05-09,FOODS_3_501,WI_1,6.341454856399456
2016-05-09,FOODS_3_516,CA_1,8.358341461896165
2016-05-09,FOODS_3_516,TX_1,6.858237995023284
2016-05-09,FOODS_3_516,WI_1,9.07743621203918
2016-05-09,FOODS_3_541,CA_1,5.1799883907524205
2016-05-09,FOODS_3_541,TX_1,5.464554326749593
2016-05-09,FOODS_3_541,WI_1,7.617040033794779
2016-05-09,FOODS_3_547,CA_1,7.8567871712473165
2016-05-09,FOODS_3_547,TX_1,3.5681366601420246
2016-05-09,FOODS_3_547,WI_1,4.30035883296948
2016-05-09,FOODS_3_555,CA_1,16.72908488629572
2016-05-09,FOODS_3_555,TX_1,23.557867702981124
2016-05-09,FOODS_3_555,WI_1,8.458754603529332
2016-05-09,FOODS_3_586,CA_1,35.66993986412079
2016-05-09,FOODS_3_586,TX_1,49.99819090563682
2016-05-09,FOODS_3_586,WI_1,12.97499846903762
2016-05-09,FOODS_3_587,CA_1,20.59146993350607
2016-05-09,FOODS_3_587,TX_1,22.10890599479351
2016-05-09,FOODS_3_587,WI_1,12.9238343835209
2016-05-09,FOODS_3_607,CA_1,10.994298465173891
2016-05-09,FOODS_3_607,TX_1,14.26870423352767
2016-05-09,FOODS_3_607,WI_1,3.1421539453520713
2016-05-09,FOODS_3_635,CA_1,5.524019474303994
2016-05-09,FOODS_3_635,TX_1,5.772907572116996
2016-05-09,FOODS_3_635,WI_1,6.580939599610035
2016-05-09,FOODS_3_668,CA_1,7.295484983994104
2016-05-09,FOODS_3_668,TX_1,2.409883296753579
2016-05-09,FOODS_3_668,WI_1,10.000672189900888
2016-05-09,FOODS_3_681,CA_1,16.873819082153133
2016-05-09,FOODS_3_681,TX_1,35.640680872767
2016-05-09,FOODS_3_681,WI_1,2.895265065618695
2016-05-09,FOODS_3_694,CA_1,9.9027319822302
2016-05-09,FOODS_3_694,TX_1,16.97716431058752
2016-05-09,FOODS_3_694,WI_1,18.47083822311737
2016-05-09,FOODS_3_702,CA_1,10.888575115317797
2016-05-09,FOODS_3_702,TX_1,5.474890530915753
2016-05-09,FOODS_3_702,WI_1,19.7626840472042
2016-05-09,FOODS_3_711,CA_1,3.6879404859398552
2016-05-09,FOODS_3_711,TX_1,3.6725009234795425
2016-05-09,FOODS_3_711,WI_1,4.7351063996060425
2016-05-09,FOODS_3_714,CA_1,15.672625715249271
2016-05-09,FOODS_3_714,TX_1,18.163094666357676
2016-05-09,FOODS_3_714,WI_1,16.45514624632795
2016-05-09,FOODS_3_723,CA_1,11.523458035972022
2016-05-09,FOODS_3_723,TX_1,15.926820586005979
2016-05-09,FOODS_3_723,WI_1,9.819282837393633
2016-05-09,FOODS_3_739,CA_1,12.508884474595932
2016-05-09,FOODS_3_739,TX_1,11.426996215042216
2016-05-09,FOODS_3_739,WI_1,8.401456669118579
2016-05-09,FOODS_3_741,CA_1,13.19548606399271
2016-05-09,FOODS_3_741,TX_1,1.6961837070852726
2016-05-09,FOODS_3_741,WI_1,1.512066663226801
2016-05-09,FOODS_3_744,CA_1,8.433759638437644
2016-05-09,FOODS_3_744,TX_1,2.2143933989384244
2016-05-09,FOODS_3_744,WI_1,5.010609313452985
2016-05-09,FOODS_3_752,CA_1,4.836417301390614
2016-05-09,FOODS_3_752,TX_1,4.59625356901736
2016-05-09,FOODS_3_752,WI_1,6.3331549665401035
2016-05-09,FOODS_3_755,CA_1,11.037334599736326
2016-05-09,FOODS_3_755,TX_1,2.5353274916474846
2016-05-09,FOODS_3_755,WI_1,4.3519492330690746
2016-05-09,FOODS_3_764,CA_1,7.1757526326749606
2016-05-09,FOODS_3_764,TX_1,6.630056086547943
2016-05-09,FOODS_3_764,WI_1,7.015572948240714
2016-05-09,FOODS_3_785,CA_1,13.509991457128834
2016-05-09,FOODS_3_785,TX_1,10.821619543011042
2016-05-09,FOODS_3_785,WI_1,13.547167569633467
2016-05-09,FOODS_3_808,CA_1,2.855011169974002
2016-05-09,FOODS_3_808,TX_1,5.828294818565556
2016-05-09,FOODS_3_808,WI_1,8.04425826488076
2016-05-09,FOODS_3_811,CA_1,16.93200483400476
2016-05-09,FOODS_3_811,TX_1,14.277647120183788
2016-05-09,FOODS_3_811,WI_1,3.0764831801625525
2016-05-09,HOBBIES_1_268,CA_1,10.143920926266842
2016-05-09,HOBBIES_1_268,TX_1,4.745418940479097
2016-05-09,HOBBIES_1_268,WI_1,6.10249202005601
2016-05-09,HOBBIES_1_348,CA_1,5.83208772836569
2016-05-09,HOBBIES_1_348,TX_1,3.715682282305807
2016-05-09,HOBBIES_1_348,WI_1,5.076350795913172
2016-05-09,HOBBIES_1_371,CA_1,8.485984301549877
2016-05-09,HOBBIES_1_371,TX_1,2.9969041795114624
2016-05-09,HOBBIES_1_371,WI_1,7.3489736658922515
2016-05-09,HOUSEHOLD_1_303,CA_1,6.3465746081448735
2016-05-09,HOUSEHOLD_1_303,TX_1,5.923766494323777
2016-05-09,HOUSEHOLD_1_303,WI_1,3.72171042763604
2016-05-09,HOUSEHOLD_1_327,CA_1,6.3861770047934785
2016-05-09,HOUSEHOLD_1_327,TX_1,4.705178400559209
2016-05-09,HOUSEHOLD_1_327,WI_1,3.509716737051713
2016-05-09,HOUSEHOLD_1_334,CA_1,10.405844415673826
2016-05-09,HOUSEHOLD_1_334,TX_1,8.965717946679726
2016-05-09,HOUSEHOLD_1_334,WI_1,5.917221239573402
2016-05-09,HOUSEHOLD_1_459,CA_1,2.645394481789264
2016-05-09,HOUSEHOLD_1_459,TX_1,6.855265470084333
2016-05-09,HOUSEHOLD_1_459,WI_1,6.612792570078636
2016-05-09,HOUSEHOLD_1_521,CA_1,6.024931710854629
2016-05-09,HOUSEHOLD_1_521,TX_1,10.911326063623799
2016-05-09,HOUSEHOLD_1_521,WI_1,3.4890484235286094
2016-05-10,FOODS_1_004,CA_1,6.808051228012517
2016-05-10,FOODS_1_004,TX_1,6.808051228012517
2016-05-10,FOODS_1_004,WI_1,6.808051228012517
2016-05-10,FOODS_1_018,CA_1,8.867372097230213
2016-05-10,FOODS_1_018,TX_1,6.290338945103939
2016-05-10,FOODS_1_018,WI_1,9.983095716342502
2016-05-10,FOODS_1_032,CA_1,1.8101733888150622
2016-05-10,FOODS_1_032,TX_1,4.880222072095194
2016-05-10,FOODS_1_032,WI_1,7.9488691889939
2016-05-10,FOODS_1_043,CA_1,6.808051228012517
2016-05-10,FOODS_1_043,TX_1,6.2019298467812565
2016-05-10,FOODS_1_043,WI_1,6.808051228012517
2016-05-10,FOODS_1_046,CA_1,6.8357738854835635
2016-05-10,FOODS_1_046,TX_1,1.6048100373500147
2016-05-10,FOODS_1_046,WI_1,7.101853571758059
2016-05-10,FOODS_1_085,CA_1,7.645693237401942
2016-05-10,FOODS_1_085,TX_1,3.5530895267569416
2016-05-10,FOODS_1_085,WI_1,11.10894557170071
2016-05-10,FOODS_1_218,CA_1,7.00386183499774
2016-05-10,FOODS_1_218,TX_1,7.791031266227582
2016-05-10,FOODS_1_218,WI_1,7.94851912953256
2016-05-10,FOODS_2_019,CA_1,15.431120333143532
2016-05-10,FOODS_2_019,TX_1,1.9485627352621422
2016-05-10,FOODS_2_019,WI_1,0.8840255452222711
2016-05-10,FOODS_2_181,CA_1,5.189349103182398
2016-05-10,FOODS_2_181,TX_1,16.735500527656075
2016-05-10,FOODS_2_181,WI_1,6.080102755302712
2016-05-10,FOODS_2_197,CA_1,18.57254157165668
2016-05-10,FOODS_2_197,TX_1,2.7528984753704067
2016-05-10,FOODS_2_197,WI_1,1.969296844799181
2016-05-10,FOODS_2_276,CA_1,9.167512591899307
2016-05-10,FOODS_2_276,TX_1,3.029033157280952
2016-05-10,FOODS_2_276,WI_1,2.6142624987960463
2016-05-10,FOODS_2_347,CA_1,8.733843880929795
2016-05-10,FOODS_2_347,TX_1,5.612247873062338
2016-05-10,FOODS_2_347,WI_1,3.8996709212467424
2016-05-10,FOODS_2_360,CA_1,8.087393419765892
2016-05-10,FOODS_2_360,TX_1,4.809298461541503
2016-05-10,FOODS_2_360,WI_1,12.872451050784667
2016-05-10,FOODS_3_007,CA_1,3.869283127554871
2016-05-10,FOODS_3_007,TX_1,3.245939231178949
2016-05-10,FOODS_3_007,WI_1,3.9439438972367067
2016-05-10,FOODS_3_030,CA_1,6.922963656248954
2016-05-10,FOODS_3_030,TX_1,7.471524132936661
2016-05-10,FOODS_3_030,WI_1,5.319524114885791
2016-05-10,FOODS_3_042,CA_1,2.7203527824897766
2016-05-10,FOODS_3_042,TX_1,2.294679250996279
2016-05-10,FOODS_3_042,WI_1,12.847962659765464
2016-05-10,FOODS_3_080,CA_1,16.451060832953495
2016-05-10,FOODS_3_080,TX_1,5.050018375315699
2016-05-10,FOODS_3_080,WI_1,11.471256104685983
2016-05-10,FOODS_3_090,CA_1,43.79031634483548
2016-05-10,FOODS_3_090,TX_1,39.671307380168294
2016-05-10,FOODS_3_090,WI_1,17.87296882355642
2016-05-10,FOODS_3_099,CA_1,13.513864575466071
2016-05-10,FOODS_3_099,TX_1,8.593093198836495
2016-05-10,FOODS_3_099,WI_1,7.369546983029929
2016-05-10,FOODS_3_120,CA_1,32.05027810490388
2016-05-10,FOODS_3_120,TX_1,13.744783216663642
2016-05-10,FOODS_3_120,WI_1,9.081566275947141
2016-05-10,FOODS_3_202,CA_1,13.183667098891021
2016-05-10,FOODS_3_202,TX_1,22.4281003056362
2016-05-10,FOODS_3_202,WI_1,9.475919894696743
2016-05-10,FOODS_3_226,CA_1,5.314049229179461
2016-05-10,FOODS_3_226,TX_1,13.01549319241927
2016-05-10,FOODS_3_226,WI_1,29.655202450538532
2016-05-10,FOODS_3_228,CA_1,5.3952942280416485
2016-05-10,FOODS_3_228,TX_1,4.3218615385312935
2016-05-10,FOODS_3_228,WI_1,2.7636636425165455
2016-05-10,FOODS_3_234,CA_1,6.810202021908281
2016-05-10,FOODS_3_234,TX_1,7.245680218356008
2016-05-10,FOODS_3_234,WI_1,4.708092684077216
2016-05-10,FOODS_3_252,CA_1,29.99733565480184
2016-05-10,FOODS_3_252,TX_1,25.31098281602712
2016-05-10,FOODS_3_252,WI_1,7.360156555911245
2016-05-10,FOODS_3_281,CA_1,7.581077465977006
2016-05-10,FOODS_3_281,TX_1,2.744470027263436
2016-05-10,FOODS_3_281,WI_1,5.327315222856684
2016-05-10,FOODS_3_282,CA_1,18.380604363397413
2016-05-10,FOODS_3_282,TX_1,12.702776722308984
2016-05-10,FOODS_3_282,WI_1,10.893634928737288
2016-05-10,FOODS_3_288,CA_1,13.439258693380784
2016-05-10,FOODS_3_288,TX_1,12.730494220720908
2016-05-10,FOODS_3_288,WI_1,8.351960172767921
2016-05-10,FOODS_3_295,CA_1,17.309205883075105
2016-05-10,FOODS_3_295,TX_1,6.292198022444784
2016-05-10,FOODS_3_295,WI_1,7.489788243873441
2016-05-10,FOODS_3_318,CA_1,8.607463129177853
2016-05-10,FOODS_3_318,TX_1,6.881012418254926
2016-05-10,FOODS_3_318,WI_1,11.590499980912465
2016-05-10,FOODS_3_319,CA_1,6.438890068235217
2016-05-10,FOODS_3_319,TX_1,7.109852340915885
2016-05-10,FOODS_3_319,WI_1,6.0892416556908335
2016-05-10,FOODS_3_329,CA_1,10.795594594952744
2016-05-10,FOODS_3_329,TX_1,11.076847952040266
2016-05-10,FOODS_3_329,WI_1,7.247303577147573
2016-05-10,FOODS_3_362,CA_1,13.110884332658422
2016-05-10,FOODS_3_362,TX_1,7.034562527720201
2016-05-10,FOODS_3_362,WI_1,8.631940549432453
2016-05-10,FOODS_3_376,CA_1,4.146135987655562
2016-05-10,FOODS_3_376,TX_1,8.799468135797424
2016-05-10,FOODS_3_376,WI_1,2.7661767561360544
2016-05-10,FOODS_3_377,CA_1,7.24079550150616
2016-05-10,FOODS_3_377,TX_1,10.8573918072965
2016-05-10,FOODS_3_377,WI_1,3.851736666268095
2016-05-10,FOODS_3_389,CA_1,6.465088185023875
2016-05-10,FOODS_3_389,TX_1,12.798914667829706
2016-05-10,FOODS_3_389,WI_1,2.334233841582347
2016-05-10,FOODS_3_406,CA_1,11.103367476802038
2016-05-10,FOODS_3_406,TX_1,3.700399044265065
2016-05-10,FOODS_3_406,WI_1,4.931604543002544
2016-05-10,FOODS_3_455,CA_1,7.46664417392416
2016-05-10,FOODS_3_455,TX_1,9.31906658348292
2016-05-10,FOODS_3_455,WI_1,0.9781358496198213
2016-05-10,FOODS_3_458,CA_1,6.264265353356519
2016-05-10,FOODS_3_458,TX_1,5.348741996592721
2016-05-10,FOODS_3_458,WI_1,3.3052785026584943
2016-05-10,FOODS_3_462,CA_1,4.993658788125222
2016-05-10,FOODS_3_462,TX_1,8.316113813898298
2016-05-10,FOODS_3_462,WI_1,3.5355181446675004
2016-05-10,FOODS_3_491,CA_1,8.35267435371765
2016-05-10,FOODS_3_491,TX_1,5.04869066611354
2016-05-10,FOODS_3_491,WI_1,16.06544677254087
2016-05-10,FOODS_3_499,CA_1,11.96607395694659
2016-05-10,FOODS_3_499,TX_1,7.301390891943913
2016-05-10,FOODS_3_499,WI_1,5.341105814115736
2016-05-10,FOODS_3_501,CA_1,14.4094807383775
2016-05-10,FOODS_3_501,TX_1,5.3326826701808265
2016-05-10,FOODS_3_501,WI_1,6.147843847151981
2016-05-10,FOODS_3_516,CA_1,7.943541344266166
2016-05-10,FOODS_3_516,TX_1,6.490186892543023
2016-05-10,FOODS_3_516,WI_1,8.434184663695632
2016-05-10,FOODS_3_541,CA_1,4.384225893306035
2016-05-10,FOODS_3_541,TX_1,4.974287568217279
2016-05-10,FOODS_3_541,WI_1,7.109852340915885
2016-05-10,FOODS_3_547,CA_1,6.655838660705297
2016-05-10,FOODS_3_547,TX_1,4.862273928870446
2016-05-10,FOODS_3_547,WI_1,3.5703856814147614
2016-05-10,FOODS_3_555,CA_1,16.346271429181225
2016-05-10,FOODS_3_555,TX_1,24.144781428650678
2016-05-10,FOODS_3_555,WI_1,8.046835198480812
2016-05-10,FOODS_3_586,CA_1,31.335605006841416
2016-05-10,FOODS_3_586,TX_1,47.22926340702239
2016-05-10,FOODS_3_586,WI_1,12.914152728894075
2016-05-10,FOODS_3_587,CA_1,17.538975837873274
2016-05-10,FOODS_3_587,TX_1,18.780920555012525
2016-05-10,FOODS_3_587,WI_1,12.351508107784433
2016-05-10,FOODS_3_607,CA_1,9.669353682147168
2016-05-10,FOODS_3_607,TX_1,12.800176413495503
2016-05-10,FOODS_3_607,WI_1,2.675797657467251
2016-05-10,FOODS_3_635,CA_1,4.35959718679939
2016-05-10,FOODS_3_635,TX_1,5.155157442062884
2016-05-10,FOODS_3_635,WI_1,6.0892416556908335
2016-05-10,FOODS_3_668,CA_1,7.21458046065208
2016-05-10,FOODS_3_668,TX_1,2.2102330363513953
2016-05-10,FOODS_3_668,WI_1,9.415203340245505
2016-05-10,FOODS_3_681,CA_1,16.321149036004826
2016-05-10,FOODS_3_681,TX_1,33.20404533348825
2016-05-10,FOODS_3_681,WI_1,2.6560698382099117
2016-05-10,FOODS_3_694,CA_1,9.376454605968506
2016-05-10,FOODS_3_694,TX_1,16.054020368204924
2016-05-10,FOODS_3_694,WI_1,17.45904557813766
2016-05-10,FOODS_3_702,CA_1,11.320009991577116
2016-05-10,FOODS_3_702,TX_1,5.060506774626506
2016-05-10,FOODS_3_702,WI_1,18.22435083029543
2016-05-10,FOODS_3_711,CA_1,3.350478679257178
2016-05-10,FOODS_3_711,TX_1,3.572411216972729
2016-05-10,FOODS_3_711,WI_1,4.753713383335317
2016-05-10,FOODS_3_714,CA_1,15.326123139987647
2016-05-10,FOODS_3_714,TX_1,16.926316603975565
2016-05-10,FOODS_3_714,WI_1,15.886446463696831
2016-05-10,FOODS_3_723,CA_1,10.820585072580352
2016-05-10,FOODS_3_723,TX_1,15.966413187109502
2016-05-10,FOODS_3_723,WI_1,9.244412363059995
2016-05-10,FOODS_3_739,CA_1,12.078137737071343
2016-05-10,FOODS_3_739,TX_1,11.017176119932753
2016-05-10,FOODS_3_739,WI_1,8.227470519975228
2016-05-10,FOODS_3_741,CA_1,12.650887252763775
2016-05-10,FOODS_3_741,TX_1,1.8319479906016425
2016-05-10,FOODS_3_741,WI_1,1.4368442014864917
2016-05-10,FOODS_3_744,CA_1,7.703811127059054
2016-05-10,FOODS_3_744,TX_1,2.020114910305447
2016-05-10,FOODS_3_744,WI_1,4.810050696247961
2016-05-10,FOODS_3_752,CA_1,3.9816883386752835
2016-05-10,FOODS_3_752,TX_1,4.140286750964052
2016-05-10,FOODS_3_752,WI_1,4.589417816977149
2016-05-10,FOODS_3_755,CA_1,10.867831873302523
2016-05-10,FOODS_3_755,TX_1,2.5219860499786235
2016-05-10,FOODS_3_755,WI_1,3.5561204698911832
2016-05-10,FOODS_3_764,CA_1,6.07524756907496
2016-05-10,FOODS_3_764,TX_1,6.313594081862903
2016-05-10,FOODS_3_764,WI_1,6.472185114359977
2016-05-10,FOODS_3_785,CA_1,11.71936584736718
2016-05-10,FOODS_3_785,TX_1,9.926704828352081
2016-05-10,FOODS_3_785,WI_1,11.814809334848398
2016-05-10,FOODS_3_808,CA_1,3.38250015137617
2016-05-10,FOODS_3_808,TX_1,4.271733387931945
2016-05-10,FOODS_3_808,WI_1,7.857164818195946
2016-05-10,FOODS_3_811,CA_1,16.659674829690978
2016-05-10,FOODS_3_811,TX_1,14.443750130539202
2016-05-10,FOODS_3_811,WI_1,2.8541306662773938
2016-05-10,HOBBIES_1_268,CA_1,11.93735743976783
2016-05-10,HOBBIES_1_268,TX_1,4.29587094701337
2016-05-10,HOBBIES_1_268,WI_1,4.947417253893447
2016-05-10,HOBBIES_1_348,CA_1,5.882973902237527
2016-05-10,HOBBIES_1_348,TX_1,3.6759462500000506
2016-05-10,HOBBIES_1_348,WI_1,4.994483330372714
2016-05-10,HOBBIES_1_371,CA_1,8.134564286421757
2016-05-10,HOBBIES_1_371,TX_1,2.6274992569089397
2016-05-10,HOBBIES_1_371,WI_1,6.4681609827508915
2016-05-10,HOUSEHOLD_1_303,CA_1,5.5344556606394555
2016-05-10,HOUSEHOLD_1_303,TX_1,5.360362919805458
2016-05-10,HOUSEHOLD_1_303,WI_1,3.5425734585009057
2016-05-10,HOUSEHOLD_1_327,CA_1,5.417781046918508
2016-05-10,HOUSEHOLD_1_327,TX_1,4.164669227671327
2016-05-10,HOUSEHOLD_1_327,WI_1,3.3726350904571616
2016-05-10,HOUSEHOLD_1_334,CA_1,10.399441823165496
2016-05-10,HOUSEHOLD_1_334,TX_1,8.512311667087847
2016-05-10,HOUSEHOLD_1_334,WI_1,5.349494199365766
2016-05-10,HOUSEHOLD_1_459,CA_1,2.59778627927048
2016-05-10,HOUSEHOLD_1_459,TX_1,6.361101135949431
2016-05-10,HOUSEHOLD_1_459,WI_1,5.828426245400991
2016-05-10,HOUSEHOLD_1_521,CA_1,5.379013799887835
2016-05-10,HOUSEHOLD_1_521,TX_1,9.24450026704483
2016-05-10,HOUSEHOLD_1_521,WI_1,3.374374260599282
2016-05-11,FOODS_1_004,CA_1,6.400167318680257
2016-05-11,FOODS_1_004,TX_1,6.400167318680257
2016-05-11,FOODS_1_004,WI_1,6.400167318680257
2016-05-11,FOODS_1_018,CA_1,9.099492778085022
2016-05-11,FOODS_1_018,TX_1,6.323118220825246
2016-05-11,FOODS_1_018,WI_1,10.311677423679562
2016-05-11,FOODS_1_032,CA_1,1.962539964494872
2016-05-11,FOODS_1_032,TX_1,5.347565672620634
2016-05-11,FOODS_1_032,WI_1,7.851928226727207
2016-05-11,FOODS_1_043,CA_1,6.400167318680257
2016-05-11,FOODS_1_043,TX_1,5.642178692792215
2016-05-11,FOODS_1_043,WI_1,6.400167318680257
2016-05-11,FOODS_1_046,CA_1,6.655593866525753
2016-05-11,FOODS_1_046,TX_1,1.782571959986698
2016-05-11,FOODS_1_046,WI_1,6.801516244371877
2016-05-11,FOODS_1_085,CA_1,7.791978239936807
2016-05-11,FOODS_1_085,TX_1,3.6399244527726164
2016-05-11,FOODS_1_085,WI_1,11.587856555952209
2016-05-11,FOODS_1_218,CA_1,6.795184394795515
2016-05-11,FOODS_1_218,TX_1,7.81103025054291
2016-05-11,FOODS_1_218,WI_1,8.347923219045308
2016-05-11,FOODS_2_019,CA_1,14.672538309472886
2016-05-11,FOODS_2_019,TX_1,1.958224347838771
2016-05-11,FOODS_2_019,WI_1,0.966287400691847
2016-05-11,FOODS_2_181,CA_1,5.583890647145595
2016-05-11,FOODS_2_181,TX_1,15.195887738966903
2016-05-11,FOODS_2_181,WI_1,5.812411820276059
2016-05-11,FOODS_2_197,CA_1,16.851729633327903
2016-05-11,FOODS_2_197,TX_1,3.1903600723780694
2016-05-11,FOODS_2_197,WI_1,2.126162361574459
2016-05-11,FOODS_2_276,CA_1,9.865508525329426
2016-05-11,FOODS_2_276,TX_1,3.2771248016387826
2016-05-11,FOODS_2_276,WI_1,3.116537305352963
2016-05-11,FOODS_2_347,CA_1,8.61644627115862
2016-05-11,FOODS_2_347,TX_1,5.84355530886673
2016-05-11,FOODS_2_347,WI_1,3.9906261911171295
2016-05-11,FOODS_2_360,CA_1,7.757663932893177
2016-05-11,FOODS_2_360,TX_1,5.23351191376864
2016-05-11,FOODS_2_360,WI_1,12.393841738202564
2016-05-11,FOODS_3_007,CA_1,5.252390247718678
2016-05-11,FOODS_3_007,TX_1,3.573934037091476
2016-05-11,FOODS_3_007,WI_1,4.781219639835611
2016-05-11,FOODS_3_030,CA_1,6.835485927743763
2016-05-11,FOODS_3_030,TX_1,7.5887580656593885
2016-05-11,FOODS_3_030,WI_1,5.608474710204526
2016-05-11,FOODS_3_042,CA_1,2.975371705620649
2016-05-11,FOODS_3_042,TX_1,2.4646183194049534
2016-05-11,FOODS_3_042,WI_1,12.239582370596487
2016-05-11,FOODS_3_080,CA_1,15.030169009806224
2016-05-11,FOODS_3_080,TX_1,5.421308875874133
2016-05-11,FOODS_3_080,WI_1,11.4153586620246
2016-05-11,FOODS_3_090,CA_1,43.20719366309831
2016-05-11,FOODS_3_090,TX_1,41.133038898070254
2016-05-11,FOODS_3_090,WI_1,17.395288870410845
2016-05-11,FOODS_3_099,CA_1,11.936805198928985
2016-05-11,FOODS_3_099,TX_1,8.95666407868653
2016-05-11,FOODS_3_099,WI_1,7.360133772851243
2016-05-11,FOODS_3_120,CA_1,30.886729794929078
2016-05-11,FOODS_3_120,TX_1,14.170001874180045
2016-05-11,FOODS_3_120,WI_1,9.314406712346186
2016-05-11,FOODS_3_202,CA_1,13.219414118511931
2016-05-11,FOODS_3_202,TX_1,21.170889808851463
2016-05-11,FOODS_3_202,WI_1,9.582460201806446
2016-05-11,FOODS_3_226,CA_1,5.607161332646477
2016-05-11,FOODS_3_226,TX_1,12.921828350719714
2016-05-11,FOODS_3_226,WI_1,30.51018469193915
2016-05-11,FOODS_3_228,CA_1,5.750613852992118
2016-05-11,FOODS_3_228,TX_1,3.925194616137832
2016-05-11,FOODS_3_228,WI_1,2.9848832263579768
2016-05-11,FOODS_3_234,CA_1,6.544684299503047
2016-05-11,FOODS_3_234,TX_1,7.762867355589719
2016-05-11,FOODS_3_234,WI_1,5.215563106722143
2016-05-11,FOODS_3_252,CA_1,31.131303037450287
2016-05-11,FOODS_3_252,TX_1,25.193652603385743
2016-05-11,FOODS_3_252,WI_1,7.450454252784901
2016-05-11,FOODS_3_281,CA_1,7.717843008134589
2016-05-11,FOODS_3_281,TX_1,2.903916203139803
2016-05-11,FOODS_3_281,WI_1,5.626439059181958
2016-05-11,FOODS_3_282,CA_1,17.756578737267343
2016-05-11,FOODS_3_282,TX_1,12.361585935713828
2016-05-11,FOODS_3_282,WI_1,11.18824838091167
2016-05-11,FOODS_3_288,CA_1,14.86217794439371
2016-05-11,FOODS_3_288,TX_1,12.067427644728859
2016-05-11,FOODS_3_288,WI_1,8.213719954583567
2016-05-11,FOODS_3_295,CA_1,16.643891874505286
2016-05-11,FOODS_3_295,TX_1,6.306925095238613
2016-05-11,FOODS_3_295,WI_1,7.663914461576158
2016-05-11,FOODS_3_318,CA_1,8.793646279607945
2016-05-11,FOODS_3_318,TX_1,6.799136174559748
2016-05-11,FOODS_3_318,WI_1,11.78112651990457
2016-05-11,FOODS_3_319,CA_1,6.431275669602123
2016-05-11,FOODS_3_319,TX_1,7.07718024658778
2016-05-11,FOODS_3_319,WI_1,6.163890286087221
2016-05-11,FOODS_3_329,CA_1,10.912324973414151
2016-05-11,FOODS_3_329,TX_1,10.888173242773384
2016-05-11,FOODS_3_329,WI_1,7.328009346956601
2016-05-11,FOODS_3_362,CA_1,14.242468425223779
2016-05-11,FOODS_3_362,TX_1,6.863384801994557
2016-05-11,FOODS_3_362,WI_1,8.605903002788489
2016-05-11,FOODS_3_376,CA_1,4.470354686377649
2016-05-11,FOODS_3_376,TX_1,9.126147741402496
2016-05-11,FOODS_3_376,WI_1,2.8820440953358757
2016-05-11,FOODS_3_377,CA_1,7.329267620088144
2016-05-11,FOODS_3_377,TX_1,11.484504327355028
2016-05-11,FOODS_3_377,WI_1,3.9037229188256424
2016-05-11,FOODS_3_389,CA_1,6.516992274881628
2016-05-11,FOODS_3_389,TX_1,12.541092483371676
2016-05-11,FOODS_3_389,WI_1,2.499975235862733
2016-05-11,FOODS_3_406,CA_1,11.301479958326993
2016-05-11,FOODS_3_406,TX_1,3.8260446052957007
2016-05-11,FOODS_3_406,WI_1,5.234096434519147
2016-05-11,FOODS_3_455,CA_1,7.599245899072979
2016-05-11,FOODS_3_455,TX_1,10.315378600840791
2016-05-11,FOODS_3_455,WI_1,0.9850479003381039
2016-05-11,FOODS_3_458,CA_1,6.471522165293923
2016-05-11,FOODS_3_458,TX_1,5.802940068836107
2016-05-11,FOODS_3_458,WI_1,3.580922119360277
2016-05-11,FOODS_3_462,CA_1,5.157632355196862
2016-05-11,FOODS_3_462,TX_1,8.050861840838817
2016-05-11,FOODS_3_462,WI_1,3.5271983823614783
2016-05-11,FOODS_3_491,CA_1,8.739800119529598
2016-05-11,FOODS_3_491,TX_1,5.235884481150219
2016-05-11,FOODS_3_491,WI_1,15.233069714382898
2016-05-11,FOODS_3_499,CA_1,11.775629662898204
2016-05-11,FOODS_3_499,TX_1,8.148801352298294
2016-05-11,FOODS_3_499,WI_1,5.695238887142783
2016-05-11,FOODS_3_501,CA_1,14.929861692212393
2016-05-11,FOODS_3_501,TX_1,5.605907182965326
2016-05-11,FOODS_3_501,WI_1,6.237094375597658
2016-05-11,FOODS_3_516,CA_1,8.470092778157646
2016-05-11,FOODS_3_516,TX_1,6.576605606912998
2016-05-11,FOODS_3_516,WI_1,8.65439432561821
2016-05-11,FOODS_3_541,CA_1,4.202668163264056
2016-05-11,FOODS_3_541,TX_1,5.321503011131496
2016-05-11,FOODS_3_541,WI_1,7.07718024658778
2016-05-11,FOODS_3_547,CA_1,6.529590783617168
2016-05-11,FOODS_3_547,TX_1,3.6586836140056884
2016-05-11,FOODS_3_547,WI_1,3.819842050503459
2016-05-11,FOODS_3_555,CA_1,15.174780625919674
2016-05-11,FOODS_3_555,TX_1,23.371355931517755
2016-05-11,FOODS_3_555,WI_1,8.079821974145029
2016-05-11,FOODS_3_586,CA_1,30.262646419777848
2016-05-11,FOODS_3_586,TX_1,47.4831502173267
2016-05-11,FOODS_3_586,WI_1,12.525697892728322
2016-05-11,FOODS_3_587,CA_1,17.130379606357977
2016-05-11,FOODS_3_587,TX_1,18.236299571764988
2016-05-11,FOODS_3_587,WI_1,12.206636977483264
2016-05-11,FOODS_3_607,CA_1,10.37348255493514
2016-05-11,FOODS_3_607,TX_1,12.227093160029696
2016-05-11,FOODS_3_607,WI_1,3.192056212814923
2016-05-11,FOODS_3_635,CA_1,4.402930314992287
2016-05-11,FOODS_3_635,TX_1,5.185005542519332
2016-05-11,FOODS_3_635,WI_1,6.163890286087221
2016-05-11,FOODS_3_668,CA_1,6.933224951376824
2016-05-11,FOODS_3_668,TX_1,2.261341190928793
2016-05-11,FOODS_3_668,WI_1,9.569136780263639
2016-05-11,FOODS_3_681,CA_1,15.32764220391859
2016-05-11,FOODS_3_681,TX_1,32.74358365887524
2016-05-11,FOODS_3_681,WI_1,2.9607121551808837
2016-05-11,FOODS_3_694,CA_1,9.583727048275083
2016-05-11,FOODS_3_694,TX_1,15.155501947891459
2016-05-11,FOODS_3_694,WI_1,17.034611798639958
2016-05-11,FOODS_3_702,CA_1,11.072877511003345
2016-05-11,FOODS_3_702,TX_1,5.501086643740743
2016-05-11,FOODS_3_702,WI_1,17.273167720488225
2016-05-11,FOODS_3_711,CA_1,3.4722980034594064
2016-05-11,FOODS_3_711,TX_1,3.710990439528402
2016-05-11,FOODS_3_711,WI_1,5.336456272399857
2016-05-11,FOODS_3_714,CA_1,14.991810792273279
2016-05-11,FOODS_3_714,TX_1,16.637007927614878
2016-05-11,FOODS_3_714,WI_1,15.119355163652944
2016-05-11,FOODS_3_723,CA_1,11.413966185335862
2016-05-11,FOODS_3_723,TX_1,14.716424160954718
2016-05-11,FOODS_3_723,WI_1,9.501305599954174
2016-05-11,FOODS_3_739,CA_1,12.271009892403729
2016-05-11,FOODS_3_739,TX_1,11.03154994481301
2016-05-11,FOODS_3_739,WI_1,8.021750968574016
2016-05-11,FOODS_3_741,CA_1,12.385154444149562
2016-05-11,FOODS_3_741,TX_1,1.903861108960199
2016-05-11,FOODS_3_741,WI_1,1.5384008718879534
2016-05-11,FOODS_3_744,CA_1,8.018928497234771
2016-05-11,FOODS_3_744,TX_1,2.1068115787259365
2016-05-11,FOODS_3_744,WI_1,5.044899855259493
2016-05-11,FOODS_3_752,CA_1,4.756369513022895
2016-05-11,FOODS_3_752,TX_1,4.615802394282223
2016-05-11,FOODS_3_752,WI_1,5.130242324787909
2016-05-11,FOODS_3_755,CA_1,10.652023042529729
2016-05-11,FOODS_3_755,TX_1,2.5930412694699765
2016-05-11,FOODS_3_755,WI_1,3.7756736729458265
2016-05-11,FOODS_3_764,CA_1,6.4299356340679505
2016-05-11,FOODS_3_764,TX_1,6.571947718665225
2016-05-11,FOODS_3_764,WI_1,6.622131833355387
2016-05-11,FOODS_3_785,CA_1,12.748680731386123
2016-05-11,FOODS_3_785,TX_1,10.2448812114528
2016-05-11,FOODS_3_785,WI_1,12.691365507298308
2016-05-11,FOODS_3_808,CA_1,3.4061841476831773
2016-05-11,FOODS_3_808,TX_1,4.394944679273629
2016-05-11,FOODS_3_808,WI_1,7.975803209782057
2016-05-11,FOODS_3_811,CA_1,15.259351764911743
2016-05-11,FOODS_3_811,TX_1,13.285986391071209
2016-05-11,FOODS_3_811,WI_1,3.129251889655558
2016-05-11,HOBBIES_1_268,CA_1,10.315939708621599
2016-05-11,HOBBIES_1_268,TX_1,4.579956561405626
2016-05-11,HOBBIES_1_268,WI_1,5.308072876278585
2016-05-11,HOBBIES_1_348,CA_1,6.289285073318346
2016-05-11,HOBBIES_1_348,TX_1,3.8377795723117134
2016-05-11,HOBBIES_1_348,WI_1,5.1564377475714185
2016-05-11,HOBBIES_1_371,CA_1,7.485108040490825
2016-05-11,HOBBIES_1_371,TX_1,2.863432102942123
2016-05-11,HOBBIES_1_371,WI_1,6.8833434836125855
2016-05-11,HOUSEHOLD_1_303,CA_1,5.618940605784965
2016-05-11,HOUSEHOLD_1_303,TX_1,5.608112400173327
2016-05-11,HOUSEHOLD_1_303,WI_1,3.533140928749961
2016-05-11,HOUSEHOLD_1_327,CA_1,5.691375581146383
2016-05-11,HOUSEHOLD_1_327,TX_1,4.341511154096979
2016-05-11,HOUSEHOLD_1_327,WI_1,3.5242955938030565
2016-05-11,HOUSEHOLD_1_334,CA_1,9.552957803268184
2016-05-11,HOUSEHOLD_1_334,TX_1,8.413200232624003
2016-05-11,HOUSEHOLD_1_334,WI_1,5.641666808192346
2016-05-11,HOUSEHOLD_1_459,CA_1,2.697516954419558
2016-05-11,HOUSEHOLD_1_459,TX_1,6.3220535691220485
2016-05-11,HOUSEHOLD_1_459,WI_1,5.673908642437961
2016-05-11,HOUSEHOLD_1_521,CA_1,5.597602967290607
2016-05-11,HOUSEHOLD_1_521,TX_1,9.537564466272134
2016-05-11,HOUSEHOLD_1_521,WI_1,3.5284302061683324
2016-05-12,FOODS_1_004,CA_1,6.459949529237592
2016-05-12,FOODS_1_004,TX_1,6.459949529237592
2016-05-12,FOODS_1_004,WI_1,6.459949529237592
2016-05-12,FOODS_1_018,CA_1,9.31033264805433
2016-05-12,FOODS_1_018,TX_1,6.296120291107795
2016-05-12,FOODS_1_018,WI_1,10.393351336188893
2016-05-12,FOODS_1_032,CA_1,2.034127811381782
2016-05-12,FOODS_1_032,TX_1,5.280888289141486
2016-05-12,FOODS_1_032,WI_1,7.940641677140537
2016-05-12,FOODS_1_043,CA_1,6.459949529237592
2016-05-12,FOODS_1_043,TX_1,5.584262306171984
2016-05-12,FOODS_1_043,WI_1,6.459949529237592
2016-05-12,FOODS_1_046,CA_1,6.674281566615226
2016-05-12,FOODS_1_046,TX_1,1.957267553690999
2016-05-12,FOODS_1_046,WI_1,6.726807880738046
2016-05-12,FOODS_1_085,CA_1,8.100127552894103
2016-05-12,FOODS_1_085,TX_1,3.684327170679602
2016-05-12,FOODS_1_085,WI_1,11.397744038136175
2016-05-12,FOODS_1_218,CA_1,6.848426918859843
2016-05-12,FOODS_1_218,TX_1,7.827746171006903
2016-05-12,FOODS_1_218,WI_1,8.341448062543932
2016-05-12,FOODS_2_019,CA_1,13.459489185466117
2016-05-12,FOODS_2_019,TX_1,1.9760180604410715
2016-05-12,FOODS_2_019,WI_1,0.9099874178377436
2016-05-12,FOODS_2_181,CA_1,5.651479802555702
2016-05-12,FOODS_2_181,TX_1,15.165445771358195
2016-05-12,FOODS_2_181,WI_1,6.143897760509934
2016-05-12,FOODS_2_197,CA_1,16.969129424743073
2016-05-12,FOODS_2_197,TX_1,3.1953518705570594
2016-05-12,FOODS_2_197,WI_1,2.096146407007917
2016-05-12,FOODS_2_276,CA_1,9.835052824877247
2016-05-12,FOODS_2_276,TX_1,3.297105503112888
2016-05-12,FOODS_2_276,WI_1,3.1314507285899635
2016-05-12,FOODS_2_347,CA_1,8.586382469573943
2016-05-12,FOODS_2_347,TX_1,5.829957554166221
2016-05-12,FOODS_2_347,WI_1,4.040003563466808
2016-05-12,FOODS_2_360,CA_1,7.472648910688913
2016-05-12,FOODS_2_360,TX_1,5.4749135150873665
2016-05-12,FOODS_2_360,WI_1,11.905802951847614
2016-05-12,FOODS_3_007,CA_1,5.579469249234209
2016-05-12,FOODS_3_007,TX_1,3.5213801255858415
2016-05-12,FOODS_3_007,WI_1,4.549833113052334
2016-05-12,FOODS_3_030,CA_1,6.846968654459257
2016-05-12,FOODS_3_030,TX_1,7.5899441854680045
2016-05-12,FOODS_3_030,WI_1,5.671542173982769
2016-05-12,FOODS_3_042,CA_1,2.9989190355422903
2016-05-12,FOODS_3_042,TX_1,2.5141611603473923
2016-05-12,FOODS_3_042,WI_1,12.269886892590169
2016-05-12,FOODS_3_080,CA_1,14.84980231292567
2016-05-12,FOODS_3_080,TX_1,5.439346854964144
2016-05-12,FOODS_3_080,WI_1,11.495878471128957
2016-05-12,FOODS_3_090,CA_1,43.96394333389883
2016-05-12,FOODS_3_090,TX_1,41.5990306717622
2016-05-12,FOODS_3_090,WI_1,17.415883840793473
2016-05-12,FOODS_3_099,CA_1,12.458276641836655
2016-05-12,FOODS_3_099,TX_1,8.907122344908943
2016-05-12,FOODS_3_099,WI_1,7.277984587624811
2016-05-12,FOODS_3_120,CA_1,37.0393636143889
2016-05-12,FOODS_3_120,TX_1,13.48606535685012
2016-05-12,FOODS_3_120,WI_1,9.175533922215697
2016-05-12,FOODS_3_202,CA_1,13.268790423548769
2016-05-12,FOODS_3_202,TX_1,21.874373892674683
2016-05-12,FOODS_3_202,WI_1,9.861782018240625
2016-05-12,FOODS_3_226,CA_1,5.581260675367206
2016-05-12,FOODS_3_226,TX_1,12.851675137742031
2016-05-12,FOODS_3_226,WI_1,30.383715285055956
2016-05-12,FOODS_3_228,CA_1,5.809624046771392
2016-05-12,FOODS_3_228,TX_1,3.974096383419168
2016-05-12,FOODS_3_228,WI_1,2.977200406167414
2016-05-12,FOODS_3_234,CA_1,6.2220609349332605
2016-05-12,FOODS_3_234,TX_1,7.180047929742111
2016-05-12,FOODS_3_234,WI_1,5.266792761579068
2016-05-12,FOODS_3_252,CA_1,31.01657866376893
2016-05-12,FOODS_3_252,TX_1,25.359673593766264
2016-05-12,FOODS_3_252,WI_1,7.5373834204775845
2016-05-12,FOODS_3_281,CA_1,7.706810944233387
2016-05-12,FOODS_3_281,TX_1,2.9239982597138083
2016-05-12,FOODS_3_281,WI_1,5.952757663425425
2016-05-12,FOODS_3_282,CA_1,17.455889166654536
2016-05-12,FOODS_3_282,TX_1,11.784035088217257
2016-05-12,FOODS_3_282,WI_1,11.093800555640073
2016-05-12,FOODS_3_288,CA_1,13.71148830892952
2016-05-12,FOODS_3_288,TX_1,12.210783422301567
2016-05-12,FOODS_3_288,WI_1,8.583425115392282
2016-05-12,FOODS_3_295,CA_1,16.781992011979593
2016-05-12,FOODS_3_295,TX_1,6.299818382987833
2016-05-12,FOODS_3_295,WI_1,7.876296301334549
2016-05-12,FOODS_3_318,CA_1,8.616179502028219
2016-05-12,FOODS_3_318,TX_1,6.789755996099616
2016-05-12,FOODS_3_318,WI_1,11.917907589326239
2016-05-12,FOODS_3_319,CA_1,6.126329527157173
2016-05-12,FOODS_3_319,TX_1,7.007569079345981
2016-05-12,FOODS_3_319,WI_1,6.173336192804811
2016-05-12,FOODS_3_329,CA_1,10.542722789658859
2016-05-12,FOODS_3_329,TX_1,11.113326047865298
2016-05-12,FOODS_3_329,WI_1,7.31909908768553
2016-05-12,FOODS_3_362,CA_1,12.829524899278503
2016-05-12,FOODS_3_362,TX_1,6.8988169071121765
2016-05-12,FOODS_3_362,WI_1,8.205947924183532
2016-05-12,FOODS_3_376,CA_1,4.298084052900791
2016-05-12,FOODS_3_376,TX_1,9.226289206664216
2016-05-12,FOODS_3_376,WI_1,2.9408113065272277
2016-05-12,FOODS_3_377,CA_1,7.386598845838586
2016-05-12,FOODS_3_377,TX_1,11.344017304837843
2016-05-12,FOODS_3_377,WI_1,3.539771062697488
2016-05-12,FOODS_3_389,CA_1,6.660961473432986
2016-05-12,FOODS_3_389,TX_1,12.618774223383868
2016-05-12,FOODS_3_389,WI_1,2.6330539603686858
2016-05-12,FOODS_3_406,CA_1,11.156046833315436
2016-05-12,FOODS_3_406,TX_1,3.7861076130284492
2016-05-12,FOODS_3_406,WI_1,5.23660245253166
2016-05-12,FOODS_3_455,CA_1,7.821518119426644
2016-05-12,FOODS_3_455,TX_1,10.327309584119167
2016-05-12,FOODS_3_455,WI_1,1.0070042756772468
2016-05-12,FOODS_3_458,CA_1,6.476945197760124
2016-05-12,FOODS_3_458,TX_1,5.6935154660312435
2016-05-12,FOODS_3_458,WI_1,3.5527410401102686
2016-05-12,FOODS_3_462,CA_1,5.171407638455914
2016-05-12,FOODS_3_462,TX_1,8.07609837415106
2016-05-12,FOODS_3_462,WI_1,3.7312557349316324
2016-05-12,FOODS_3_491,CA_1,8.896560510505282
2016-05-12,FOODS_3_491,TX_1,5.307771179016536
2016-05-12,FOODS_3_491,WI_1,15.517481632941486
2016-05-12,FOODS_3_499,CA_1,11.85284764517889
2016-05-12,FOODS_3_499,TX_1,7.23765530336704
2016-05-12,FOODS_3_499,WI_1,5.711096529375659
2016-05-12,FOODS_3_501,CA_1,13.73833202937018
2016-05-12,FOODS_3_501,TX_1,5.578736319478716
2016-05-12,FOODS_3_501,WI_1,6.305916540783078
2016-05-12,FOODS_3_516,CA_1,8.082309231973662
2016-05-12,FOODS_3_516,TX_1,6.629138560794242
2016-05-12,FOODS_3_516,WI_1,8.795775897773124
2016-05-12,FOODS_3_541,CA_1,4.713937844712447
2016-05-12,FOODS_3_541,TX_1,5.145807924101194
2016-05-12,FOODS_3_541,WI_1,7.007569079345981
2016-05-12,FOODS_3_547,CA_1,5.993819803532321
2016-05-12,FOODS_3_547,TX_1,3.7951573510241015
2016-05-12,FOODS_3_547,WI_1,3.842781487787527
2016-05-12,FOODS_3_555,CA_1,15.165300301794106
2016-05-12,FOODS_3_555,TX_1,23.53111304179708
2016-05-12,FOODS_3_555,WI_1,8.14445001981292
2016-05-12,FOODS_3_586,CA_1,33.476502736782216
2016-05-12,FOODS_3_586,TX_1,47.664982292570656
2016-05-12,FOODS_3_586,WI_1,12.641445814425985
2016-05-12,FOODS_3_587,CA_1,17.014092946750488
2016-05-12,FOODS_3_587,TX_1,18.0244185838404
2016-05-12,FOODS_3_587,WI_1,12.336229268681587
2016-05-12,FOODS_3_607,CA_1,10.410305688418793
2016-05-12,FOODS_3_607,TX_1,12.077536116071764
2016-05-12,FOODS_3_607,WI_1,3.118190808687881
2016-05-12,FOODS_3_635,CA_1,4.3654232547890945
2016-05-12,FOODS_3_635,TX_1,5.205567881450659
2016-05-12,FOODS_3_635,WI_1,6.173336192804811
2016-05-12,FOODS_3_668,CA_1,6.933566638125832
2016-05-12,FOODS_3_668,TX_1,2.293912085720071
2016-05-12,FOODS_3_668,WI_1,9.594893228904196
2016-05-12,FOODS_3_681,CA_1,15.270670321458926
2016-05-12,FOODS_3_681,TX_1,32.00796138465953
2016-05-12,FOODS_3_681,WI_1,2.893314090381793
2016-05-12,FOODS_3_694,CA_1,10.494000273070178
2016-05-12,FOODS_3_694,TX_1,15.361234849744381
2016-05-12,FOODS_3_694,WI_1,17.097759764866602
2016-05-12,FOODS_3_702,CA_1,11.204804681070396
2016-05-12,FOODS_3_702,TX_1,5.40793931127855
2016-05-12,FOODS_3_702,WI_1,17.295020698475774
2016-05-12,FOODS_3_711,CA_1,3.514359331371029
2016-05-12,FOODS_3_711,TX_1,3.820716258312774
2016-05-12,FOODS_3_711,WI_1,5.118785752102594
2016-05-12,FOODS_3_714,CA_1,15.189922900662637
2016-05-12,FOODS_3_714,TX_1,16.85603505612065
2016-05-12,FOODS_3_714,WI_1,15.280129649417576
2016-05-12,FOODS_3_723,CA_1,11.52325603149597
2016-05-12,FOODS_3_723,TX_1,14.787138656666503
2016-05-12,FOODS_3_723,WI_1,9.525551016111018
2016-05-12,FOODS_3_739,CA_1,11.904554986369414
2016-05-12,FOODS_3_739,TX_1,10.886044859280505
2016-05-12,FOODS_3_739,WI_1,8.4219522010734
2016-05-12,FOODS_3_741,CA_1,12.246808202150296
2016-05-12,FOODS_3_741,TX_1,1.95328292623068
2016-05-12,FOODS_3_741,WI_1,1.594225008304531
2016-05-12,FOODS_3_744,CA_1,7.99691805977261
2016-05-12,FOODS_3_744,TX_1,2.189484789565748
2016-05-12,FOODS_3_744,WI_1,5.23176358896779
2016-05-12,FOODS_3_752,CA_1,4.848044884746983
2016-05-12,FOODS_3_752,TX_1,4.83281037560135
2016-05-12,FOODS_3_752,WI_1,5.167633799861803
2016-05-12,FOODS_3_755,CA_1,10.500819527556114
2016-05-12,FOODS_3_755,TX_1,2.8873946348532873
2016-05-12,FOODS_3_755,WI_1,3.759021799665677
2016-05-12,FOODS_3_764,CA_1,6.4737830768973454
2016-05-12,FOODS_3_764,TX_1,6.430771584354406
2016-05-12,FOODS_3_764,WI_1,6.6215755172901645
2016-05-12,FOODS_3_785,CA_1,12.528234973266272
2016-05-12,FOODS_3_785,TX_1,10.482255153091465
2016-05-12,FOODS_3_785,WI_1,12.71529529401755
2016-05-12,FOODS_3_808,CA_1,3.106216763959679
2016-05-12,FOODS_3_808,TX_1,3.564904019549758
2016-05-12,FOODS_3_808,WI_1,8.212688609301104
2016-05-12,FOODS_3_811,CA_1,15.102220679799762
2016-05-12,FOODS_3_811,TX_1,13.405864912798489
2016-05-12,FOODS_3_811,WI_1,3.1055082549087016
2016-05-12,HOBBIES_1_268,CA_1,11.516053192902184
2016-05-12,HOBBIES_1_268,TX_1,4.816425209087575
2016-05-12,HOBBIES_1_268,WI_1,5.224109499308316
2016-05-12,HOBBIES_1_348,CA_1,6.200294942475094
2016-05-12,HOBBIES_1_348,TX_1,3.838908005268098
2016-05-12,HOBBIES_1_348,WI_1,5.044456973159974
2016-05-12,HOBBIES_1_371,CA_1,7.083119849107398
2016-05-12,HOBBIES_1_371,TX_1,2.8735706185797727
2016-05-12,HOBBIES_1_371,WI_1,6.767831535872834
2016-05-12,HOUSEHOLD_1_303,CA_1,5.688764573901798
2016-05-12,HOUSEHOLD_1_303,TX_1,5.710147175693987
2016-05-12,HOUSEHOLD_1_303,WI_1,3.574416626205432
2016-05-12,HOUSEHOLD_1_327,CA_1,5.68472955778662
2016-05-12,HOUSEHOLD_1_327,TX_1,4.544841253110817
2016-05-12,HOUSEHOLD_1_327,WI_1,3.491186261665981
2016-05-12,HOUSEHOLD_1_334,CA_1,9.516776036438937
2016-05-12,HOUSEHOLD_1_334,TX_1,8.488412639265096
2016-05-12,HOUSEHOLD_1_334,WI_1,5.645644247074361
2016-05-12,HOUSEHOLD_1_459,CA_1,2.7542558061887905
2016-05-12,HOUSEHOLD_1_459,TX_1,6.2737987566740445
2016-05-12,HOUSEHOLD_1_459,WI_1,5.814021856952053
2016-05-12,HOUSEHOLD_1_521,CA_1,5.590953266102999
2016-05-12,HOUSEHOLD_1_521,TX_1,9.529475127432512
2016-05-12,HOUSEHOLD_1_521,WI_1,3.510907286570035
2016-05-13,FOODS_1_004,CA_1,7.464830115272399
2016-05-13,FOODS_1_004,TX_1,7.464830115272399
2016-05-13,FOODS_1_004,WI_1,7.464830115272399
2016-05-13,FOODS_1_018,CA_1,11.153340800502455
2016-05-13,FOODS_1_018,TX_1,6.8602017218396565
2016-05-13,FOODS_1_018,WI_1,11.979715791187175
2016-05-13,FOODS_1_032,CA_1,2.133610273747996
2016-05-13,FOODS_1_032,TX_1,5.768739383095083
2016-05-13,FOODS_1_032,WI_1,9.567106286298692
2016-05-13,FOODS_1_043,CA_1,7.464830115272399
2016-05-13,FOODS_1_043,TX_1,6.0781309192409365
2016-05-13,FOODS_1_043,WI_1,7.464830115272399
2016-05-13,FOODS_1_046,CA_1,9.24563003806958
2016-05-13,FOODS_1_046,TX_1,2.060093840845643
2016-05-13,FOODS_1_046,WI_1,8.464910130850834
2016-05-13,FOODS_1_085,CA_1,10.221890689454222
2016-05-13,FOODS_1_085,TX_1,4.485049837977561
2016-05-13,FOODS_1_085,WI_1,13.810391551429877
2016-05-13,FOODS_1_218,CA_1,8.001425688433207
2016-05-13,FOODS_1_218,TX_1,9.593174338842495
2016-05-13,FOODS_1_218,WI_1,10.295689388448631
2016-05-13,FOODS_2_019,CA_1,14.662413269137721
2016-05-13,FOODS_2_019,TX_1,2.0106060016824983
2016-05-13,FOODS_2_019,WI_1,1.072327636585269
2016-05-13,FOODS_2_181,CA_1,6.24170489135292
2016-05-13,FOODS_2_181,TX_1,18.486830972115108
2016-05-13,FOODS_2_181,WI_1,6.751173494292679
2016-05-13,FOODS_2_197,CA_1,18.562229470354456
2016-05-13,FOODS_2_197,TX_1,3.0895671804943703
2016-05-13,FOODS_2_197,WI_1,2.179684506065089
2016-05-13,FOODS_2_276,CA_1,9.66161511477244
2016-05-13,FOODS_2_276,TX_1,3.6860355139024814
2016-05-13,FOODS_2_276,WI_1,3.0429953620341417
2016-05-13,FOODS_2_347,CA_1,9.74164710353949
2016-05-13,FOODS_2_347,TX_1,6.5202279244900385
2016-05-13,FOODS_2_347,WI_1,4.697557149638808
2016-05-13,FOODS_2_360,CA_1,9.096069498708827
2016-05-13,FOODS_2_360,TX_1,5.875390142084566
2016-05-13,FOODS_2_360,WI_1,13.036173562651415
2016-05-13,FOODS_3_007,CA_1,4.837388833673179
2016-05-13,FOODS_3_007,TX_1,3.911522529522586
2016-05-13,FOODS_3_007,WI_1,4.221159373255296
2016-05-13,FOODS_3_030,CA_1,7.877021546180731
2016-05-13,FOODS_3_030,TX_1,9.519748730596396
2016-05-13,FOODS_3_030,WI_1,6.4368503096294525
2016-05-13,FOODS_3_042,CA_1,3.4151026955796766
2016-05-13,FOODS_3_042,TX_1,2.5969589353427573
2016-05-13,FOODS_3_042,WI_1,15.694945471553838
2016-05-13,FOODS_3_080,CA_1,18.381725797656333
2016-05-13,FOODS_3_080,TX_1,6.062499866330627
2016-05-13,FOODS_3_080,WI_1,14.32524653419587
2016-05-13,FOODS_3_090,CA_1,55.98977579901531
2016-05-13,FOODS_3_090,TX_1,52.26544790407736
2016-05-13,FOODS_3_090,WI_1,21.38419664964731
2016-05-13,FOODS_3_099,CA_1,13.344997462001873
2016-05-13,FOODS_3_099,TX_1,9.396105736180962
2016-05-13,FOODS_3_099,WI_1,8.29517257422708
2016-05-13,FOODS_3_120,CA_1,43.361195645297414
2016-05-13,FOODS_3_120,TX_1,15.673570453257609
2016-05-13,FOODS_3_120,WI_1,11.248315812580215
2016-05-13,FOODS_3_202,CA_1,15.19682995429343
2016-05-13,FOODS_3_202,TX_1,24.139478884809588
2016-05-13,FOODS_3_202,WI_1,11.726997289999224
2016-05-13,FOODS_3_226,CA_1,6.33553579156055
2016-05-13,FOODS_3_226,TX_1,15.20655070298342
2016-05-13,FOODS_3_226,WI_1,39.60770945263325
2016-05-13,FOODS_3_228,CA_1,6.598985430788928
2016-05-13,FOODS_3_228,TX_1,4.7941430154923905
2016-05-13,FOODS_3_228,WI_1,3.3454851141558213
2016-05-13,FOODS_3_234,CA_1,7.9840791895062475
2016-05-13,FOODS_3_234,TX_1,8.779984580260392
2016-05-13,FOODS_3_234,WI_1,6.09186857811431
2016-05-13,FOODS_3_252,CA_1,35.25828954935358
2016-05-13,FOODS_3_252,TX_1,29.38655137726523
2016-05-13,FOODS_3_252,WI_1,9.20430902112123
2016-05-13,FOODS_3_281,CA_1,9.804142189640556
2016-05-13,FOODS_3_281,TX_1,3.549186997798223
2016-05-13,FOODS_3_281,WI_1,6.3944912283189534
2016-05-13,FOODS_3_282,CA_1,18.759218024823397
2016-05-13,FOODS_3_282,TX_1,13.46954393609647
2016-05-13,FOODS_3_282,WI_1,12.87851120075753
2016-05-13,FOODS_3_288,CA_1,16.639502370512833
2016-05-13,FOODS_3_288,TX_1,14.524412132504795
2016-05-13,FOODS_3_288,WI_1,10.699877126277622
2016-05-13,FOODS_3_295,CA_1,18.825545178125946
2016-05-13,FOODS_3_295,TX_1,6.569802824112661
2016-05-13,FOODS_3_295,WI_1,9.758484563887167
2016-05-13,FOODS_3_318,CA_1,10.826255475124519
2016-05-13,FOODS_3_318,TX_1,7.961242571972912
2016-05-13,FOODS_3_318,WI_1,14.526104805427485
2016-05-13,FOODS_3_319,CA_1,8.015070968600867
2016-05-13,FOODS_3_319,TX_1,7.8278102718352205
2016-05-13,FOODS_3_319,WI_1,6.840677167125379
2016-05-13,FOODS_3_329,CA_1,12.792668207330003
2016-05-13,FOODS_3_329,TX_1,11.40984534705312
2016-05-13,FOODS_3_329,WI_1,8.39538012384932
2016-05-13,FOODS_3_362,CA_1,13.931010082900215
2016-05-13,FOODS_3_362,TX_1,7.832129159892415
2016-05-13,FOODS_3_362,WI_1,9.483842001816386
2016-05-13,FOODS_3_376,CA_1,5.1519160286217724
2016-05-13,FOODS_3_376,TX_1,11.530984861982613
2016-05-13,FOODS_3_376,WI_1,3.3281660840305203
2016-05-13,FOODS_3_377,CA_1,8.87678252072941
2016-05-13,FOODS_3_377,TX_1,13.885298958002606
2016-05-13,FOODS_3_377,WI_1,4.547873323670666
2016-05-13,FOODS_3_389,CA_1,7.471028295380254
2016-05-13,FOODS_3_389,TX_1,15.631405433992065
2016-05-13,FOODS_3_389,WI_1,3.22929621107081
2016-05-13,FOODS_3_406,CA_1,12.918896226817822
2016-05-13,FOODS_3_406,TX_1,4.568020768392061
2016-05-13,FOODS_3_406,WI_1,5.685802328628419
2016-05-13,FOODS_3_455,CA_1,8.79341823365188
2016-05-13,FOODS_3_455,TX_1,10.5907652517462
2016-05-13,FOODS_3_455,WI_1,1.0708906729568783
2016-05-13,FOODS_3_458,CA_1,7.154762355635197
2016-05-13,FOODS_3_458,TX_1,6.463228206110629
2016-05-13,FOODS_3_458,WI_1,4.403224545176346
2016-05-13,FOODS_3_462,CA_1,6.070282756235262
2016-05-13,FOODS_3_462,TX_1,10.82358933473325
2016-05-13,FOODS_3_462,WI_1,4.455103635460319
2016-05-13,FOODS_3_491,CA_1,10.461610026713391
2016-05-13,FOODS_3_491,TX_1,6.023747892410699
2016-05-13,FOODS_3_491,WI_1,19.07379052234589
2016-05-13,FOODS_3_499,CA_1,13.067592338437564
2016-05-13,FOODS_3_499,TX_1,7.555150165410273
2016-05-13,FOODS_3_499,WI_1,6.320348056300153
2016-05-13,FOODS_3_501,CA_1,14.502171640113689
2016-05-13,FOODS_3_501,TX_1,5.974560862948193
2016-05-13,FOODS_3_501,WI_1,7.306016657398395
2016-05-13,FOODS_3_516,CA_1,9.505104272253108
2016-05-13,FOODS_3_516,TX_1,7.491430842311529
2016-05-13,FOODS_3_516,WI_1,10.043833971076086
2016-05-13,FOODS_3_541,CA_1,4.842871251002016
2016-05-13,FOODS_3_541,TX_1,5.233007247777964
2016-05-13,FOODS_3_541,WI_1,7.8278102718352205
2016-05-13,FOODS_3_547,CA_1,5.540047268665456
2016-05-13,FOODS_3_547,TX_1,4.352577438717486
2016-05-13,FOODS_3_547,WI_1,4.249192313531649
2016-05-13,FOODS_3_555,CA_1,18.070147231320426
2016-05-13,FOODS_3_555,TX_1,27.476617079017743
2016-05-13,FOODS_3_555,WI_1,10.704386347036529
2016-05-13,FOODS_3_586,CA_1,38.16344557284212
2016-05-13,FOODS_3_586,TX_1,56.86922157819464
2016-05-13,FOODS_3_586,WI_1,16.032596215950818
2016-05-13,FOODS_3_587,CA_1,19.628172466518844
2016-05-13,FOODS_3_587,TX_1,19.534526281043078
2016-05-13,FOODS_3_587,WI_1,13.529567290639925
2016-05-13,FOODS_3_607,CA_1,11.743092975023696
2016-05-13,FOODS_3_607,TX_1,15.756943937445023
2016-05-13,FOODS_3_607,WI_1,3.1548354795473883
2016-05-13,FOODS_3_635,CA_1,4.889904341197378
2016-05-13,FOODS_3_635,TX_1,5.382268050800545
2016-05-13,FOODS_3_635,WI_1,6.840677167125379
2016-05-13,FOODS_3_668,CA_1,8.091015002251206
2016-05-13,FOODS_3_668,TX_1,2.375834629259337
2016-05-13,FOODS_3_668,WI_1,11.772601705283456
2016-05-13,FOODS_3_681,CA_1,18.674595037275857
2016-05-13,FOODS_3_681,TX_1,35.68560795987778
2016-05-13,FOODS_3_681,WI_1,3.3657379670815923
2016-05-13,FOODS_3_694,CA_1,11.310906489323399
2016-05-13,FOODS_3_694,TX_1,18.28196055147331
2016-05-13,FOODS_3_694,WI_1,21.18211519676072
2016-05-13,FOODS_3_702,CA_1,12.122586111273312
2016-05-13,FOODS_3_702,TX_1,5.995158193747938
2016-05-13,FOODS_3_702,WI_1,19.018305218247516
2016-05-13,FOODS_3_711,CA_1,4.104406733637452
2016-05-13,FOODS_3_711,TX_1,5.202010121690036
2016-05-13,FOODS_3_711,WI_1,5.876981376584505
2016-05-13,FOODS_3_714,CA_1,18.65603579602408
2016-05-13,FOODS_3_714,TX_1,21.028427179695477
2016-05-13,FOODS_3_714,WI_1,19.111139177871983
2016-05-13,FOODS_3_723,CA_1,14.102123377277834
2016-05-13,FOODS_3_723,TX_1,18.982317725337637
2016-05-13,FOODS_3_723,WI_1,11.857707258416456
2016-05-13,FOODS_3_739,CA_1,14.40081206897704
2016-05-13,FOODS_3_739,TX_1,14.033192288289278
2016-05-13,FOODS_3_739,WI_1,10.164835315926931
2016-05-13,FOODS_3_741,CA_1,16.49344582625497
2016-05-13,FOODS_3_741,TX_1,1.9930277133162264
2016-05-13,FOODS_3_741,WI_1,1.610792529081596
2016-05-13,FOODS_3_744,CA_1,9.572697961692583
2016-05-13,FOODS_3_744,TX_1,2.4703968137346535
2016-05-13,FOODS_3_744,WI_1,5.9324054746899275
2016-05-13,FOODS_3_752,CA_1,5.8302895203628875
2016-05-13,FOODS_3_752,TX_1,5.642477044625943
2016-05-13,FOODS_3_752,WI_1,6.34645493205069
2016-05-13,FOODS_3_755,CA_1,12.538439097569333
2016-05-13,FOODS_3_755,TX_1,2.712308422562707
2016-05-13,FOODS_3_755,WI_1,4.73462212487251
2016-05-13,FOODS_3_764,CA_1,7.387396560490937
2016-05-13,FOODS_3_764,TX_1,7.458102143252257
2016-05-13,FOODS_3_764,WI_1,7.339910720234385
2016-05-13,FOODS_3_785,CA_1,13.976921112700689
2016-05-13,FOODS_3_785,TX_1,12.723253036241003
2016-05-13,FOODS_3_785,WI_1,13.292053681296386
2016-05-13,FOODS_3_808,CA_1,3.7527227508097103
2016-05-13,FOODS_3_808,TX_1,4.686922580988786
2016-05-13,FOODS_3_808,WI_1,8.45814512988031
2016-05-13,FOODS_3_811,CA_1,17.17993078947571
2016-05-13,FOODS_3_811,TX_1,15.800979828064317
2016-05-13,FOODS_3_811,WI_1,3.812982778660142
2016-05-13,HOBBIES_1_268,CA_1,13.404541294336328
2016-05-13,HOBBIES_1_268,TX_1,5.2428699286443585
2016-05-13,HOBBIES_1_268,WI_1,6.0039260001391
2016-05-13,HOBBIES_1_348,CA_1,6.235552771730936
2016-05-13,HOBBIES_1_348,TX_1,4.875036899738632
2016-05-13,HOBBIES_1_348,WI_1,5.629502372671811
2016-05-13,HOBBIES_1_371,CA_1,9.610003800194749
2016-05-13,HOBBIES_1_371,TX_1,3.1080832168169485
2016-05-13,HOBBIES_1_371,WI_1,6.721982757161031
2016-05-13,HOUSEHOLD_1_303,CA_1,6.8188745687225865
2016-05-13,HOUSEHOLD_1_303,TX_1,6.0025366194074055
2016-05-13,HOUSEHOLD_1_303,WI_1,5.021706190460885
2016-05-13,HOUSEHOLD_1_327,CA_1,6.479560703968321
2016-05-13,HOUSEHOLD_1_327,TX_1,4.91093050650886
2016-05-13,HOUSEHOLD_1_327,WI_1,4.535201549124087
2016-05-13,HOUSEHOLD_1_334,CA_1,11.963440973114198
2016-05-13,HOUSEHOLD_1_334,TX_1,10.767611518794194
2016-05-13,HOUSEHOLD_1_334,WI_1,6.1790536645928285
2016-05-13,HOUSEHOLD_1_459,CA_1,3.0768497577506504
2016-05-13,HOUSEHOLD_1_459,TX_1,7.2285455110963275
2016-05-13,HOUSEHOLD_1_459,WI_1,6.274079652701232
2016-05-13,HOUSEHOLD_1_521,CA_1,6.3314628116708995
2016-05-13,HOUSEHOLD_1_521,TX_1,10.687435342999438
2016-05-13,HOUSEHOLD_1_521,WI_1,4.6349201530894195
2016-05-14,FOODS_1_004,CA_1,8.988767393100531
2016-05-14,FOODS_1_004,TX_1,8.988767393100531
2016-05-14,FOODS_1_004,WI_1,8.988767393100531
2016-05-14,FOODS_1_018,CA_1,13.600585718168155
2016-05-14,FOODS_1_018,TX_1,9.12832570557574
2016-05-14,FOODS_1_018,WI_1,15.08663404935919
2016-05-14,FOODS_1_032,CA_1,3.0118104705128044
2016-05-14,FOODS_1_032,TX_1,7.244069406793679
2016-05-14,FOODS_1_032,WI_1,10.658739791467596
2016-05-14,FOODS_1_043,CA_1,8.988767393100531
2016-05-14,FOODS_1_043,TX_1,7.471739933743443
2016-05-14,FOODS_1_043,WI_1,8.988767393100531
2016-05-14,FOODS_1_046,CA_1,10.370942423276915
2016-05-14,FOODS_1_046,TX_1,2.416582945060884
2016-05-14,FOODS_1_046,WI_1,10.691336551575166
2016-05-14,FOODS_1_085,CA_1,12.005824199790101
2016-05-14,FOODS_1_085,TX_1,5.35659739075047
2016-05-14,FOODS_1_085,WI_1,16.4780759730224
2016-05-14,FOODS_1_218,CA_1,9.132201809129489
2016-05-14,FOODS_1_218,TX_1,11.168094583679217
2016-05-14,FOODS_1_218,WI_1,11.152854880351446
2016-05-14,FOODS_2_019,CA_1,20.664970842170515
2016-05-14,FOODS_2_019,TX_1,2.504466850126414
2016-05-14,FOODS_2_019,WI_1,1.8728719927997437
2016-05-14,FOODS_2_181,CA_1,7.456919791309164
2016-05-14,FOODS_2_181,TX_1,23.18044663654131
2016-05-14,FOODS_2_181,WI_1,8.358208642818527
2016-05-14,FOODS_2_197,CA_1,25.066202038012946
2016-05-14,FOODS_2_197,TX_1,3.806943095837495
2016-05-14,FOODS_2_197,WI_1,2.774033623181403
2016-05-14,FOODS_2_276,CA_1,13.427091695527213
2016-05-14,FOODS_2_276,TX_1,4.253557149145027
2016-05-14,FOODS_2_276,WI_1,3.762520929576236
2016-05-14,FOODS_2_347,CA_1,11.182439745144961
2016-05-14,FOODS_2_347,TX_1,7.836165912256129
2016-05-14,FOODS_2_347,WI_1,5.9571941171173215
2016-05-14,FOODS_2_360,CA_1,10.871337092302293
2016-05-14,FOODS_2_360,TX_1,7.592538573603602
2016-05-14,FOODS_2_360,WI_1,18.36495644119276
2016-05-14,FOODS_3_007,CA_1,6.036437771104158
2016-05-14,FOODS_3_007,TX_1,4.0631084785146045
2016-05-14,FOODS_3_007,WI_1,5.737896248417565
2016-05-14,FOODS_3_030,CA_1,9.404528325547727
2016-05-14,FOODS_3_030,TX_1,11.450716632001456
2016-05-14,FOODS_3_030,WI_1,8.269797931381829
2016-05-14,FOODS_3_042,CA_1,3.9285497041831
2016-05-14,FOODS_3_042,TX_1,3.0512330297143837
2016-05-14,FOODS_3_042,WI_1,19.398626710145383
2016-05-14,FOODS_3_080,CA_1,22.957433289477116
2016-05-14,FOODS_3_080,TX_1,7.250621224729099
2016-05-14,FOODS_3_080,WI_1,17.642418942202156
2016-05-14,FOODS_3_090,CA_1,67.27861942010439
2016-05-14,FOODS_3_090,TX_1,64.1148317623286
2016-05-14,FOODS_3_090,WI_1,25.641368059214383
2016-05-14,FOODS_3_099,CA_1,18.727880450086957
2016-05-14,FOODS_3_099,TX_1,11.10235494867083
2016-05-14,FOODS_3_099,WI_1,10.683595839520617
2016-05-14,FOODS_3_120,CA_1,54.4330353508425
2016-05-14,FOODS_3_120,TX_1,20.663883211613914
2016-05-14,FOODS_3_120,WI_1,13.965565462723799
2016-05-14,FOODS_3_202,CA_1,20.708342544061864
2016-05-14,FOODS_3_202,TX_1,37.422929796494095
2016-05-14,FOODS_3_202,WI_1,15.48586432315339
2016-05-14,FOODS_3_226,CA_1,7.464962875121388
2016-05-14,FOODS_3_226,TX_1,19.292716004507692
2016-05-14,FOODS_3_226,WI_1,47.92401956823031
2016-05-14,FOODS_3_228,CA_1,7.91817280237294
2016-05-14,FOODS_3_228,TX_1,5.789541164813693
2016-05-14,FOODS_3_228,WI_1,3.9659424937292824
2016-05-14,FOODS_3_234,CA_1,9.644509613851298
2016-05-14,FOODS_3_234,TX_1,8.968448725753493
2016-05-14,FOODS_3_234,WI_1,7.490135192490609
2016-05-14,FOODS_3_252,CA_1,50.40925736834592
2016-05-14,FOODS_3_252,TX_1,39.47567946411973
2016-05-14,FOODS_3_252,WI_1,11.792173469291447
2016-05-14,FOODS_3_281,CA_1,12.363570001760536
2016-05-14,FOODS_3_281,TX_1,3.7864359926214473
2016-05-14,FOODS_3_281,WI_1,7.936549661781698
2016-05-14,FOODS_3_282,CA_1,25.882876614153556
2016-05-14,FOODS_3_282,TX_1,18.37200658350504
2016-05-14,FOODS_3_282,WI_1,15.40022624511327
2016-05-14,FOODS_3_288,CA_1,20.532488978627644
2016-05-14,FOODS_3_288,TX_1,17.99010896033561
2016-05-14,FOODS_3_288,WI_1,11.269266864165484
2016-05-14,FOODS_3_295,CA_1,23.94066534568554
2016-05-14,FOODS_3_295,TX_1,9.360913096804408
2016-05-14,FOODS_3_295,WI_1,11.900338193889766
2016-05-14,FOODS_3_318,CA_1,11.656143007980502
2016-05-14,FOODS_3_318,TX_1,9.487221605607173
2016-05-14,FOODS_3_318,WI_1,18.217028302414818
2016-05-14,FOODS_3_319,CA_1,8.965382993874345
2016-05-14,FOODS_3_319,TX_1,10.749782567155034
2016-05-14,FOODS_3_319,WI_1,7.5826398004626165
2016-05-14,FOODS_3_329,CA_1,15.810857294363228
2016-05-14,FOODS_3_329,TX_1,14.978917426381333
2016-05-14,FOODS_3_329,WI_1,10.49821446378975
2016-05-14,FOODS_3_362,CA_1,19.610570000957168
2016-05-14,FOODS_3_362,TX_1,9.429984834202497
2016-05-14,FOODS_3_362,WI_1,11.593824175315724
2016-05-14,FOODS_3_376,CA_1,6.264855581446579
2016-05-14,FOODS_3_376,TX_1,13.489193360124194
2016-05-14,FOODS_3_376,WI_1,4.026536922604205
2016-05-14,FOODS_3_377,CA_1,10.835303363438364
2016-05-14,FOODS_3_377,TX_1,16.358878169920473
2016-05-14,FOODS_3_377,WI_1,5.549796844239093
2016-05-14,FOODS_3_389,CA_1,8.942783299778577
2016-05-14,FOODS_3_389,TX_1,18.89288785734048
2016-05-14,FOODS_3_389,WI_1,3.8554286179381347
2016-05-14,FOODS_3_406,CA_1,16.56558986011487
2016-05-14,FOODS_3_406,TX_1,5.159659634383797
2016-05-14,FOODS_3_406,WI_1,7.413062743436196
2016-05-14,FOODS_3_455,CA_1,10.122643972976045
2016-05-14,FOODS_3_455,TX_1,14.342953054785744
2016-05-14,FOODS_3_455,WI_1,1.4990861118746956
2016-05-14,FOODS_3_458,CA_1,8.553624343690995
2016-05-14,FOODS_3_458,TX_1,7.777631888942832
2016-05-14,FOODS_3_458,WI_1,5.173375021614041
2016-05-14,FOODS_3_462,CA_1,7.259000630994828
2016-05-14,FOODS_3_462,TX_1,11.598664763594979
2016-05-14,FOODS_3_462,WI_1,4.90863248364684
2016-05-14,FOODS_3_491,CA_1,13.269881225021047
2016-05-14,FOODS_3_491,TX_1,7.362677577759182
2016-05-14,FOODS_3_491,WI_1,23.167312275089753
2016-05-14,FOODS_3_499,CA_1,18.451076018350637
2016-05-14,FOODS_3_499,TX_1,9.997375810070212
2016-05-14,FOODS_3_499,WI_1,7.75427753582094
2016-05-14,FOODS_3_501,CA_1,20.17910172244892
2016-05-14,FOODS_3_501,TX_1,7.435250395624849
2016-05-14,FOODS_3_501,WI_1,9.111028043840184
2016-05-14,FOODS_3_516,CA_1,12.663510119485597
2016-05-14,FOODS_3_516,TX_1,9.897043912575485
2016-05-14,FOODS_3_516,WI_1,13.200402791368571
2016-05-14,FOODS_3_541,CA_1,5.643693625834319
2016-05-14,FOODS_3_541,TX_1,7.11890802605453
2016-05-14,FOODS_3_541,WI_1,10.749782567155034
2016-05-14,FOODS_3_547,CA_1,6.557614274565808
2016-05-14,FOODS_3_547,TX_1,5.596652627422597
2016-05-14,FOODS_3_547,WI_1,5.405456305026347
2016-05-14,FOODS_3_555,CA_1,23.596325250181067
2016-05-14,FOODS_3_555,TX_1,33.88963509773571
2016-05-14,FOODS_3_555,WI_1,12.812925977002434
2016-05-14,FOODS_3_586,CA_1,48.58246316477442
2016-05-14,FOODS_3_586,TX_1,71.71254016779967
2016-05-14,FOODS_3_586,WI_1,20.545370976112928
2016-05-14,FOODS_3_587,CA_1,25.907476407782266
2016-05-14,FOODS_3_587,TX_1,26.39505655337973
2016-05-14,FOODS_3_587,WI_1,18.115250164417994
2016-05-14,FOODS_3_607,CA_1,14.891888891762239
2016-05-14,FOODS_3_607,TX_1,19.442772332402658
2016-05-14,FOODS_3_607,WI_1,3.851624325455063
2016-05-14,FOODS_3_635,CA_1,5.949734518092482
2016-05-14,FOODS_3_635,TX_1,6.611234418082026
2016-05-14,FOODS_3_635,WI_1,7.5826398004626165
2016-05-14,FOODS_3_668,CA_1,10.25186624026227
2016-05-14,FOODS_3_668,TX_1,2.9022240313063783
2016-05-14,FOODS_3_668,WI_1,13.738154016233759
2016-05-14,FOODS_3_681,CA_1,22.65342333828869
2016-05-14,FOODS_3_681,TX_1,48.517308740592455
2016-05-14,FOODS_3_681,WI_1,3.8957082896229003
2016-05-14,FOODS_3_694,CA_1,14.767202794030041
2016-05-14,FOODS_3_694,TX_1,22.856306077431967
2016-05-14,FOODS_3_694,WI_1,26.40206791016187
2016-05-14,FOODS_3_702,CA_1,15.54040972336723
2016-05-14,FOODS_3_702,TX_1,7.480690861189861
2016-05-14,FOODS_3_702,WI_1,26.680494313047426
2016-05-14,FOODS_3_711,CA_1,4.513400118031679
2016-05-14,FOODS_3_711,TX_1,5.045099863767832
2016-05-14,FOODS_3_711,WI_1,7.103854623046179
2016-05-14,FOODS_3_714,CA_1,24.618500411988684
2016-05-14,FOODS_3_714,TX_1,27.196406436726605
2016-05-14,FOODS_3_714,WI_1,24.44205782684334
2016-05-14,FOODS_3_723,CA_1,17.175493671014138
2016-05-14,FOODS_3_723,TX_1,22.062059795916554
2016-05-14,FOODS_3_723,WI_1,14.77693580786975
2016-05-14,FOODS_3_739,CA_1,17.234411453331305
2016-05-14,FOODS_3_739,TX_1,15.50644098187343
2016-05-14,FOODS_3_739,WI_1,12.156140686718176
2016-05-14,FOODS_3_741,CA_1,18.653676224718694
2016-05-14,FOODS_3_741,TX_1,2.3214313768464825
2016-05-14,FOODS_3_741,WI_1,2.130855036595743
2016-05-14,FOODS_3_744,CA_1,11.339537028940658
2016-05-14,FOODS_3_744,TX_1,2.8876098255146503
2016-05-14,FOODS_3_744,WI_1,7.187683318103874
2016-05-14,FOODS_3_752,CA_1,7.006359148736092
2016-05-14,FOODS_3_752,TX_1,7.343703895906512
2016-05-14,FOODS_3_752,WI_1,7.369598871239431
2016-05-14,FOODS_3_755,CA_1,15.961721367021006
2016-05-14,FOODS_3_755,TX_1,3.3453030831805965
2016-05-14,FOODS_3_755,WI_1,5.560637003476043
2016-05-14,FOODS_3_764,CA_1,9.062569157796245
2016-05-14,FOODS_3_764,TX_1,8.95247520199632
2016-05-14,FOODS_3_764,WI_1,8.678864164090646
2016-05-14,FOODS_3_785,CA_1,18.84019714078126
2016-05-14,FOODS_3_785,TX_1,15.312080651829984
2016-05-14,FOODS_3_785,WI_1,18.064891396443528
2016-05-14,FOODS_3_808,CA_1,4.405160834103757
2016-05-14,FOODS_3_808,TX_1,5.640834052364013
2016-05-14,FOODS_3_808,WI_1,10.809653709052094
2016-05-14,FOODS_3_811,CA_1,23.061612757469632
2016-05-14,FOODS_3_811,TX_1,19.421476387871348
2016-05-14,FOODS_3_811,WI_1,4.385902718396499
2016-05-14,HOBBIES_1_268,CA_1,8.006597768470067
2016-05-14,HOBBIES_1_268,TX_1,6.2601396903822435
2016-05-14,HOBBIES_1_268,WI_1,7.7760247895117445
2016-05-14,HOBBIES_1_348,CA_1,8.766304800873687
2016-05-14,HOBBIES_1_348,TX_1,5.039361176492705
2016-05-14,HOBBIES_1_348,WI_1,7.186291733478506
2016-05-14,HOBBIES_1_371,CA_1,11.552130936298866
2016-05-14,HOBBIES_1_371,TX_1,3.5696182850268787
2016-05-14,HOBBIES_1_371,WI_1,10.520026010302901
2016-05-14,HOUSEHOLD_1_303,CA_1,7.55347477667077
2016-05-14,HOUSEHOLD_1_303,TX_1,7.803729716164018
2016-05-14,HOUSEHOLD_1_303,WI_1,5.239590475234326
2016-05-14,HOUSEHOLD_1_327,CA_1,8.941846024092332
2016-05-14,HOUSEHOLD_1_327,TX_1,6.189642995171276
2016-05-14,HOUSEHOLD_1_327,WI_1,5.00930722668186
2016-05-14,HOUSEHOLD_1_334,CA_1,14.39125583395977
2016-05-14,HOUSEHOLD_1_334,TX_1,11.838406855709396
2016-05-14,HOUSEHOLD_1_334,WI_1,8.397899573986406
2016-05-14,HOUSEHOLD_1_459,CA_1,3.655177361855163
2016-05-14,HOUSEHOLD_1_459,TX_1,8.973442323049333
2016-05-14,HOUSEHOLD_1_459,WI_1,8.049874806461121
2016-05-14,HOUSEHOLD_1_521,CA_1,7.487076026292814
2016-05-14,HOUSEHOLD_1_521,TX_1,15.252488261843283
2016-05-14,HOUSEHOLD_1_521,WI_1,5.086992817102838
2016-05-15,FOODS_1_004,CA_1,8.836105859279947
2016-05-15,FOODS_1_004,TX_1,8.836105859279947
2016-05-15,FOODS_1_004,WI_1,8.836105859279947
2016-05-15,FOODS_1_018,CA_1,13.490694142431265
2016-05-15,FOODS_1_018,TX_1,8.756518459929854
2016-05-15,FOODS_1_018,WI_1,15.457068153618115
2016-05-15,FOODS_1_032,CA_1,2.8246373901177706
2016-05-15,FOODS_1_032,TX_1,7.457641972799472
2016-05-15,FOODS_1_032,WI_1,10.483903804729188
2016-05-15,FOODS_1_043,CA_1,8.836105859279947
2016-05-15,FOODS_1_043,TX_1,7.509971311764474
2016-05-15,FOODS_1_043,WI_1,8.836105859279947
2016-05-15,FOODS_1_046,CA_1,10.404287811321245
2016-05-15,FOODS_1_046,TX_1,2.4387632606235625
2016-05-15,FOODS_1_046,WI_1,10.368908437006528
2016-05-15,FOODS_1_085,CA_1,11.17584985756593
2016-05-15,FOODS_1_085,TX_1,4.979651609047842
2016-05-15,FOODS_1_085,WI_1,15.808180593893832
2016-05-15,FOODS_1_218,CA_1,9.365493583505046
2016-05-15,FOODS_1_218,TX_1,11.009322022529318
2016-05-15,FOODS_1_218,WI_1,10.701758383731342
2016-05-15,FOODS_2_019,CA_1,21.28329058223404
2016-05-15,FOODS_2_019,TX_1,2.5245764682221985
2016-05-15,FOODS_2_019,WI_1,2.1010319035381513
2016-05-15,FOODS_2_181,CA_1,7.567893517115775
2016-05-15,FOODS_2_181,TX_1,22.98588819142701
2016-05-15,FOODS_2_181,WI_1,8.20799374170816
2016-05-15,FOODS_2_197,CA_1,25.443073543356668
2016-05-15,FOODS_2_197,TX_1,3.891839128540872
2016-05-15,FOODS_2_197,WI_1,2.7909227223458184
2016-05-15,FOODS_2_276,CA_1,13.986596791661157
2016-05-15,FOODS_2_276,TX_1,4.019672373058268
2016-05-15,FOODS_2_276,WI_1,3.823008833036481
2016-05-15,FOODS_2_347,CA_1,11.57308817203266
2016-05-15,FOODS_2_347,TX_1,8.289369099699604
2016-05-15,FOODS_2_347,WI_1,5.926047591920882
2016-05-15,FOODS_2_360,CA_1,11.214142487948452
2016-05-15,FOODS_2_360,TX_1,6.946605681062106
2016-05-15,FOODS_2_360,WI_1,17.96432501237588
2016-05-15,FOODS_3_007,CA_1,7.981421466553872
2016-05-15,FOODS_3_007,TX_1,3.9749174830726277
2016-05-15,FOODS_3_007,WI_1,6.225436994205513
2016-05-15,FOODS_3_030,CA_1,10.164361093288399
2016-05-15,FOODS_3_030,TX_1,10.471077359899557
2016-05-15,FOODS_3_030,WI_1,7.719507810595122
2016-05-15,FOODS_3_042,CA_1,3.8629668320894526
2016-05-15,FOODS_3_042,TX_1,3.0851530018135014
2016-05-15,FOODS_3_042,WI_1,19.5311593509621
2016-05-15,FOODS_3_080,CA_1,23.01962610278184
2016-05-15,FOODS_3_080,TX_1,7.2625540459799005
2016-05-15,FOODS_3_080,WI_1,16.711310078387058
2016-05-15,FOODS_3_090,CA_1,68.7880028497638
2016-05-15,FOODS_3_090,TX_1,66.99235769847687
2016-05-15,FOODS_3_090,WI_1,25.346108949114452
2016-05-15,FOODS_3_099,CA_1,19.066829328609945
2016-05-15,FOODS_3_099,TX_1,12.367830856908709
2016-05-15,FOODS_3_099,WI_1,10.188867589814404
2016-05-15,FOODS_3_120,CA_1,55.9402593178374
2016-05-15,FOODS_3_120,TX_1,21.017430433240893
2016-05-15,FOODS_3_120,WI_1,14.275397098796716
2016-05-15,FOODS_3_202,CA_1,20.7962865765065
2016-05-15,FOODS_3_202,TX_1,38.91326664415878
2016-05-15,FOODS_3_202,WI_1,14.760285598572874
2016-05-15,FOODS_3_226,CA_1,7.637291194405346
2016-05-15,FOODS_3_226,TX_1,18.751249170932343
2016-05-15,FOODS_3_226,WI_1,49.16680096601368
2016-05-15,FOODS_3_228,CA_1,7.8565757202230815
2016-05-15,FOODS_3_228,TX_1,5.9022111624250195
2016-05-15,FOODS_3_228,WI_1,4.087658741523802
2016-05-15,FOODS_3_234,CA_1,9.15362250197939
2016-05-15,FOODS_3_234,TX_1,10.574143467573064
2016-05-15,FOODS_3_234,WI_1,7.719144055472571
2016-05-15,FOODS_3_252,CA_1,48.99758732768283
2016-05-15,FOODS_3_252,TX_1,40.04254449422178
2016-05-15,FOODS_3_252,WI_1,11.46439685316504
2016-05-15,FOODS_3_281,CA_1,12.005473689460349
2016-05-15,FOODS_3_281,TX_1,3.7662724350368895
2016-05-15,FOODS_3_281,WI_1,7.758511546331771
2016-05-15,FOODS_3_282,CA_1,30.914762777672312
2016-05-15,FOODS_3_282,TX_1,18.51306595886536
2016-05-15,FOODS_3_282,WI_1,15.618915667812239
2016-05-15,FOODS_3_288,CA_1,20.706748594087244
2016-05-15,FOODS_3_288,TX_1,18.484568078414206
2016-05-15,FOODS_3_288,WI_1,12.138261838255916
2016-05-15,FOODS_3_295,CA_1,27.552412734800246
2016-05-15,FOODS_3_295,TX_1,9.267792697633409
2016-05-15,FOODS_3_295,WI_1,12.11380780413576
2016-05-15,FOODS_3_318,CA_1,11.39728198384415
2016-05-15,FOODS_3_318,TX_1,9.30374715514655
2016-05-15,FOODS_3_318,WI_1,17.447320177530408
2016-05-15,FOODS_3_319,CA_1,8.940374444644295
2016-05-15,FOODS_3_319,TX_1,10.97960787630368
2016-05-15,FOODS_3_319,WI_1,7.22881327062013
2016-05-15,FOODS_3_329,CA_1,15.925741746570207
2016-05-15,FOODS_3_329,TX_1,15.932245885337343
2016-05-15,FOODS_3_329,WI_1,10.438405866033975
2016-05-15,FOODS_3_362,CA_1,20.693086232855514
2016-05-15,FOODS_3_362,TX_1,10.37110688500084
2016-05-15,FOODS_3_362,WI_1,12.265947361896599
2016-05-15,FOODS_3_376,CA_1,6.3205714687287875
2016-05-15,FOODS_3_376,TX_1,14.399999075206146
2016-05-15,FOODS_3_376,WI_1,3.933917267320603
2016-05-15,FOODS_3_377,CA_1,10.388288995687176
2016-05-15,FOODS_3_377,TX_1,15.963180298778173
2016-05-15,FOODS_3_377,WI_1,5.2768884579514825
2016-05-15,FOODS_3_389,CA_1,9.135277396398354
2016-05-15,FOODS_3_389,TX_1,18.13009737515489
2016-05-15,FOODS_3_389,WI_1,3.8599843033921406
2016-05-15,FOODS_3_406,CA_1,17.607126987075638
2016-05-15,FOODS_3_406,TX_1,5.344773365545179
2016-05-15,FOODS_3_406,WI_1,7.407970068298622
2016-05-15,FOODS_3_455,CA_1,11.299511673622119
2016-05-15,FOODS_3_455,TX_1,14.618264767121534
2016-05-15,FOODS_3_455,WI_1,1.3078686871766314
2016-05-15,FOODS_3_458,CA_1,8.456004232016737
2016-05-15,FOODS_3_458,TX_1,7.75338498859092
2016-05-15,FOODS_3_458,WI_1,4.998113309421795
2016-05-15,FOODS_3_462,CA_1,7.210791332959467
2016-05-15,FOODS_3_462,TX_1,12.120272123663938
2016-05-15,FOODS_3_462,WI_1,4.70635314877086
2016-05-15,FOODS_3_491,CA_1,12.651595006807709
2016-05-15,FOODS_3_491,TX_1,7.274478918417642
2016-05-15,FOODS_3_491,WI_1,23.442578294638288
2016-05-15,FOODS_3_499,CA_1,15.999709939299782
2016-05-15,FOODS_3_499,TX_1,9.034410399337583
2016-05-15,FOODS_3_499,WI_1,7.735426625368018
2016-05-15,FOODS_3_501,CA_1,22.5291814662967
2016-05-15,FOODS_3_501,TX_1,7.735395612469592
2016-05-15,FOODS_3_501,WI_1,9.465620290704328
2016-05-15,FOODS_3_516,CA_1,12.149876994187956
2016-05-15,FOODS_3_516,TX_1,9.136639849740028
2016-05-15,FOODS_3_516,WI_1,11.83719834792241
2016-05-15,FOODS_3_541,CA_1,5.563480536760997
2016-05-15,FOODS_3_541,TX_1,6.370240526840296
2016-05-15,FOODS_3_541,WI_1,10.97960787630368
2016-05-15,FOODS_3_547,CA_1,7.030478563379761
2016-05-15,FOODS_3_547,TX_1,5.291047026103164
2016-05-15,FOODS_3_547,WI_1,4.8641888588639555
2016-05-15,FOODS_3_555,CA_1,23.37984163326951
2016-05-15,FOODS_3_555,TX_1,36.37332803781455
2016-05-15,FOODS_3_555,WI_1,12.06435335359093
2016-05-15,FOODS_3_586,CA_1,52.11192101796146
2016-05-15,FOODS_3_586,TX_1,72.08530758082411
2016-05-15,FOODS_3_586,WI_1,18.260303375939188
2016-05-15,FOODS_3_587,CA_1,28.679586400506295
2016-05-15,FOODS_3_587,TX_1,26.697398829712764
2016-05-15,FOODS_3_587,WI_1,18.074186337072288
2016-05-15,FOODS_3_607,CA_1,15.710745990716525
2016-05-15,FOODS_3_607,TX_1,18.767730044902574
2016-05-15,FOODS_3_607,WI_1,3.8145956713524676
2016-05-15,FOODS_3_635,CA_1,5.912533406916635
2016-05-15,FOODS_3_635,TX_1,6.105503998050778
2016-05-15,FOODS_3_635,WI_1,7.22881327062013
2016-05-15,FOODS_3_668,CA_1,10.080712730027388
2016-05-15,FOODS_3_668,TX_1,2.9155643332935237
2016-05-15,FOODS_3_668,WI_1,14.38012028977578
2016-05-15,FOODS_3_681,CA_1,23.3291878454843
2016-05-15,FOODS_3_681,TX_1,46.986222746617095
2016-05-15,FOODS_3_681,WI_1,3.9008176450914336
2016-05-15,FOODS_3_694,CA_1,14.625309322626551
2016-05-15,FOODS_3_694,TX_1,23.380645259571278
2016-05-15,FOODS_3_694,WI_1,27.41193571219998
2016-05-15,FOODS_3_702,CA_1,15.745163045969697
2016-05-15,FOODS_3_702,TX_1,7.3335934866526555
2016-05-15,FOODS_3_702,WI_1,26.335961043616933
2016-05-15,FOODS_3_711,CA_1,4.628569614640561
2016-05-15,FOODS_3_711,TX_1,5.243870181562171
2016-05-15,FOODS_3_711,WI_1,7.742312411940537
2016-05-15,FOODS_3_714,CA_1,24.482005658078606
2016-05-15,FOODS_3_714,TX_1,24.89720371421724
2016-05-15,FOODS_3_714,WI_1,24.58452372164494
2016-05-15,FOODS_3_723,CA_1,16.360835969821792
2016-05-15,FOODS_3_723,TX_1,20.898902986330654
2016-05-15,FOODS_3_723,WI_1,14.343581684698636
2016-05-15,FOODS_3_739,CA_1,17.204556535354396
2016-05-15,FOODS_3_739,TX_1,15.859590656135424
2016-05-15,FOODS_3_739,WI_1,11.588617239607709
2016-05-15,FOODS_3_741,CA_1,19.368333662901332
2016-05-15,FOODS_3_741,TX_1,2.2960431695190606
2016-05-15,FOODS_3_741,WI_1,1.971254052038536
2016-05-15,FOODS_3_744,CA_1,11.54490114737283
2016-05-15,FOODS_3_744,TX_1,2.947274520900659
2016-05-15,FOODS_3_744,WI_1,7.1974547197048855
2016-05-15,FOODS_3_752,CA_1,6.328335663776561
2016-05-15,FOODS_3_752,TX_1,7.075216565916869
2016-05-15,FOODS_3_752,WI_1,7.4497598726469905
2016-05-15,FOODS_3_755,CA_1,15.973219823420909
2016-05-15,FOODS_3_755,TX_1,3.4366756993030783
2016-05-15,FOODS_3_755,WI_1,5.500664998665969
2016-05-15,FOODS_3_764,CA_1,9.604471062581787
2016-05-15,FOODS_3_764,TX_1,8.660917591789904
2016-05-15,FOODS_3_764,WI_1,9.128478240973699
2016-05-15,FOODS_3_785,CA_1,18.55925102241787
2016-05-15,FOODS_3_785,TX_1,16.1748032541945
2016-05-15,FOODS_3_785,WI_1,18.968689661148122
2016-05-15,FOODS_3_808,CA_1,4.2822260289256
2016-05-15,FOODS_3_808,TX_1,5.755872020264317
2016-05-15,FOODS_3_808,WI_1,10.363299584469576
2016-05-15,FOODS_3_811,CA_1,24.170672699192636
2016-05-15,FOODS_3_811,TX_1,19.90252403181056
2016-05-15,FOODS_3_811,WI_1,4.308968524900459
2016-05-15,HOBBIES_1_268,CA_1,17.857582310652216
2016-05-15,HOBBIES_1_268,TX_1,6.922635030303447
2016-05-15,HOBBIES_1_268,WI_1,8.334577737600434
2016-05-15,HOBBIES_1_348,CA_1,9.320401451746504
2016-05-15,HOBBIES_1_348,TX_1,5.109112343572165
2016-05-15,HOBBIES_1_348,WI_1,7.585777575542804
2016-05-15,HOBBIES_1_371,CA_1,11.233308473742868
2016-05-15,HOBBIES_1_371,TX_1,8.246617090614961
2016-05-15,HOBBIES_1_371,WI_1,9.5235037511213
2016-05-15,HOUSEHOLD_1_303,CA_1,7.932771555005018
2016-05-15,HOUSEHOLD_1_303,TX_1,7.788445404701362
2016-05-15,HOUSEHOLD_1_303,WI_1,5.046977672478769
2016-05-15,HOUSEHOLD_1_327,CA_1,8.589258468558025
2016-05-15,HOUSEHOLD_1_327,TX_1,5.742973839066639
2016-05-15,HOUSEHOLD_1_327,WI_1,4.778237761672993
2016-05-15,HOUSEHOLD_1_334,CA_1,14.799161821613652
2016-05-15,HOUSEHOLD_1_334,TX_1,11.969934933800543
2016-05-15,HOUSEHOLD_1_334,WI_1,7.587773840801236
2016-05-15,HOUSEHOLD_1_459,CA_1,3.718479353617159
2016-05-15,HOUSEHOLD_1_459,TX_1,8.741664241736869
2016-05-15,HOUSEHOLD_1_459,WI_1,7.768660079452365
2016-05-15,HOUSEHOLD_1_521,CA_1,7.50285138712896
2016-05-15,HOUSEHOLD_1_521,TX_1,15.286817545876973
2016-05-15,HOUSEHOLD_1_521,WI_1,4.7991659131299365
2016-05-16,FOODS_1_004,CA_1,5.593094999774957
2016-05-16,FOODS_1_004,TX_1,5.593094999774957
2016-05-16,FOODS_1_004,WI_1,5.593094999774957
2016-05-16,FOODS_1_018,CA_1,9.044251111373416
2016-05-16,FOODS_1_018,TX_1,6.054117948590224
2016-05-16,FOODS_1_018,WI_1,10.436781171992031
2016-05-16,FOODS_1_032,CA_1,2.2659337917081355
2016-05-16,FOODS_1_032,TX_1,4.92049490752442
2016-05-16,FOODS_1_032,WI_1,7.7561683752160135
2016-05-16,FOODS_1_043,CA_1,5.593094999774957
2016-05-16,FOODS_1_043,TX_1,4.999063579987909
2016-05-16,FOODS_1_043,WI_1,5.593094999774957
2016-05-16,FOODS_1_046,CA_1,7.4768432652766545
2016-05-16,FOODS_1_046,TX_1,1.8914685285860366
2016-05-16,FOODS_1_046,WI_1,7.12869741273696
2016-05-16,FOODS_1_085,CA_1,7.915784253533217
2016-05-16,FOODS_1_085,TX_1,3.4915967911189556
2016-05-16,FOODS_1_085,WI_1,12.048900083222886
2016-05-16,FOODS_1_218,CA_1,6.5033877094112675
2016-05-16,FOODS_1_218,TX_1,8.933116135412085
2016-05-16,FOODS_1_218,WI_1,7.98045844334223
2016-05-16,FOODS_2_019,CA_1,14.946288710772919
2016-05-16,FOODS_2_019,TX_1,1.9016060731324946
2016-05-16,FOODS_2_019,WI_1,0.954987480195233
2016-05-16,FOODS_2_181,CA_1,5.303438070816724
2016-05-16,FOODS_2_181,TX_1,15.920149197503438
2016-05-16,FOODS_2_181,WI_1,6.09078059099692
2016-05-16,FOODS_2_197,CA_1,17.810208641956034
2016-05-16,FOODS_2_197,TX_1,2.7247561175550237
2016-05-16,FOODS_2_197,WI_1,1.9585614460291005
2016-05-16,FOODS_2_276,CA_1,9.083667133500093
2016-05-16,FOODS_2_276,TX_1,3.438554777717972
2016-05-16,FOODS_2_276,WI_1,2.6548002001318696
2016-05-16,FOODS_2_347,CA_1,8.702970715043845
2016-05-16,FOODS_2_347,TX_1,5.598153786087716
2016-05-16,FOODS_2_347,WI_1,3.7505289121440586
2016-05-16,FOODS_2_360,CA_1,7.950176203946187
2016-05-16,FOODS_2_360,TX_1,4.916322776725423
2016-05-16,FOODS_2_360,WI_1,12.599269450037118
2016-05-16,FOODS_3_007,CA_1,5.063986370442124
2016-05-16,FOODS_3_007,TX_1,3.2370326366479687
2016-05-16,FOODS_3_007,WI_1,3.76160489085467
2016-05-16,FOODS_3_030,CA_1,6.712216546351656
2016-05-16,FOODS_3_030,TX_1,7.995047011815879
2016-05-16,FOODS_3_030,WI_1,5.469222826783197
2016-05-16,FOODS_3_042,CA_1,2.767181263842522
2016-05-16,FOODS_3_042,TX_1,2.248602812758895
2016-05-16,FOODS_3_042,WI_1,12.65775672918412
2016-05-16,FOODS_3_080,CA_1,15.172726407218926
2016-05-16,FOODS_3_080,TX_1,5.212060225477705
2016-05-16,FOODS_3_080,WI_1,11.55096660470106
2016-05-16,FOODS_3_090,CA_1,42.683636038438905
2016-05-16,FOODS_3_090,TX_1,43.13184697526553
2016-05-16,FOODS_3_090,WI_1,16.92161639189376
2016-05-16,FOODS_3_099,CA_1,13.985675913715186
2016-05-16,FOODS_3_099,TX_1,8.78047613034576
2016-05-16,FOODS_3_099,WI_1,7.435281094882489
2016-05-16,FOODS_3_120,CA_1,31.826415765163002
2016-05-16,FOODS_3_120,TX_1,15.945165487649524
2016-05-16,FOODS_3_120,WI_1,9.236875883114017
2016-05-16,FOODS_3_202,CA_1,14.695655973072444
2016-05-16,FOODS_3_202,TX_1,23.118253912611685
2016-05-16,FOODS_3_202,WI_1,9.577557728789909
2016-05-16,FOODS_3_226,CA_1,5.286699234436373
2016-05-16,FOODS_3_226,TX_1,12.714373328203429
2016-05-16,FOODS_3_226,WI_1,32.8567717721909
2016-05-16,FOODS_3_228,CA_1,5.9853314779165965
2016-05-16,FOODS_3_228,TX_1,3.8121665763894748
2016-05-16,FOODS_3_228,WI_1,2.801522897799899
2016-05-16,FOODS_3_234,CA_1,6.000261764780528
2016-05-16,FOODS_3_234,TX_1,7.071125372785052
2016-05-16,FOODS_3_234,WI_1,5.060911087329307
2016-05-16,FOODS_3_252,CA_1,30.52142238069127
2016-05-16,FOODS_3_252,TX_1,23.946301196790937
2016-05-16,FOODS_3_252,WI_1,8.230252492441867
2016-05-16,FOODS_3_281,CA_1,7.926330265889728
2016-05-16,FOODS_3_281,TX_1,2.745844288130867
2016-05-16,FOODS_3_281,WI_1,5.382701836823644
2016-05-16,FOODS_3_282,CA_1,19.1893642696676
2016-05-16,FOODS_3_282,TX_1,17.122599770676892
2016-05-16,FOODS_3_282,WI_1,10.554940999174173
2016-05-16,FOODS_3_288,CA_1,13.695094440516428
2016-05-16,FOODS_3_288,TX_1,12.908138617790007
2016-05-16,FOODS_3_288,WI_1,8.181139410946313
2016-05-16,FOODS_3_295,CA_1,17.771518105978114
2016-05-16,FOODS_3_295,TX_1,6.098614897256514
2016-05-16,FOODS_3_295,WI_1,8.511042539752776
2016-05-16,FOODS_3_318,CA_1,8.287457339574098
2016-05-16,FOODS_3_318,TX_1,7.126848098492812
2016-05-16,FOODS_3_318,WI_1,12.220435244218235
2016-05-16,FOODS_3_319,CA_1,5.714451244095016
2016-05-16,FOODS_3_319,TX_1,6.878367735147557
2016-05-16,FOODS_3_319,WI_1,5.072151648186936
2016-05-16,FOODS_3_329,CA_1,10.246390261388644
2016-05-16,FOODS_3_329,TX_1,10.710106637646057
2016-05-16,FOODS_3_329,WI_1,7.54530995423698
2016-05-16,FOODS_3_362,CA_1,15.00259100303954
2016-05-16,FOODS_3_362,TX_1,7.299994354378755
2016-05-16,FOODS_3_362,WI_1,8.540634436232034
2016-05-16,FOODS_3_376,CA_1,5.017285912107409
2016-05-16,FOODS_3_376,TX_1,8.889189327475961
2016-05-16,FOODS_3_376,WI_1,2.8231842577735375
2016-05-16,FOODS_3_377,CA_1,7.396948684618942
2016-05-16,FOODS_3_377,TX_1,11.012045030247215
2016-05-16,FOODS_3_377,WI_1,3.6694970998860463
2016-05-16,FOODS_3_389,CA_1,6.534242919480099
2016-05-16,FOODS_3_389,TX_1,12.925678965489913
2016-05-16,FOODS_3_389,WI_1,2.5591062775116717
2016-05-16,FOODS_3_406,CA_1,11.359941426106518
2016-05-16,FOODS_3_406,TX_1,3.685497802483571
2016-05-16,FOODS_3_406,WI_1,5.1811617505098
2016-05-16,FOODS_3_455,CA_1,7.7827836587903905
2016-05-16,FOODS_3_455,TX_1,9.392775165606182
2016-05-16,FOODS_3_455,WI_1,1.0181597283083865
2016-05-16,FOODS_3_458,CA_1,6.139068428640411
2016-05-16,FOODS_3_458,TX_1,6.087140338956416
2016-05-16,FOODS_3_458,WI_1,3.434268666583393
2016-05-16,FOODS_3_462,CA_1,5.209321183314984
2016-05-16,FOODS_3_462,TX_1,8.051670632403143
2016-05-16,FOODS_3_462,WI_1,3.4332001878554506
2016-05-16,FOODS_3_491,CA_1,8.574330073520398
2016-05-16,FOODS_3_491,TX_1,5.1161140974045916
2016-05-16,FOODS_3_491,WI_1,15.348055921476615
2016-05-16,FOODS_3_499,CA_1,11.505521414643566
2016-05-16,FOODS_3_499,TX_1,6.597940927867414
2016-05-16,FOODS_3_499,WI_1,5.353508644209153
2016-05-16,FOODS_3_501,CA_1,16.237918519828455
2016-05-16,FOODS_3_501,TX_1,5.3250719494739736
2016-05-16,FOODS_3_501,WI_1,5.969596467919164
2016-05-16,FOODS_3_516,CA_1,8.143660159432912
2016-05-16,FOODS_3_516,TX_1,6.492392628385849
2016-05-16,FOODS_3_516,WI_1,8.198294950767666
2016-05-16,FOODS_3_541,CA_1,4.03774649707695
2016-05-16,FOODS_3_541,TX_1,4.370568923359636
2016-05-16,FOODS_3_541,WI_1,6.878367735147557
2016-05-16,FOODS_3_547,CA_1,4.509435125633116
2016-05-16,FOODS_3_547,TX_1,3.6056042214374147
2016-05-16,FOODS_3_547,WI_1,3.843150303626509
2016-05-16,FOODS_3_555,CA_1,15.240044974170685
2016-05-16,FOODS_3_555,TX_1,24.56118287799086
2016-05-16,FOODS_3_555,WI_1,8.11229366875326
2016-05-16,FOODS_3_586,CA_1,32.69153463243633
2016-05-16,FOODS_3_586,TX_1,50.0921452525603
2016-05-16,FOODS_3_586,WI_1,12.665566012418854
2016-05-16,FOODS_3_587,CA_1,18.376922967798397
2016-05-16,FOODS_3_587,TX_1,19.489535841538935
2016-05-16,FOODS_3_587,WI_1,12.349978597713045
2016-05-16,FOODS_3_607,CA_1,10.197268755153681
2016-05-16,FOODS_3_607,TX_1,13.60772982184412
2016-05-16,FOODS_3_607,WI_1,2.728990893923684
2016-05-16,FOODS_3_635,CA_1,3.917932133506616
2016-05-16,FOODS_3_635,TX_1,4.287275668992099
2016-05-16,FOODS_3_635,WI_1,5.072151648186936
2016-05-16,FOODS_3_668,CA_1,6.947790639598622
2016-05-16,FOODS_3_668,TX_1,2.1998489007872974
2016-05-16,FOODS_3_668,WI_1,9.355313119697502
2016-05-16,FOODS_3_681,CA_1,15.685794596314288
2016-05-16,FOODS_3_681,TX_1,33.660261702273274
2016-05-16,FOODS_3_681,WI_1,2.770305617904616
2016-05-16,FOODS_3_694,CA_1,9.386862915149699
2016-05-16,FOODS_3_694,TX_1,15.27243608832369
2016-05-16,FOODS_3_694,WI_1,17.972137422256054
2016-05-16,FOODS_3_702,CA_1,10.568498799391264
2016-05-16,FOODS_3_702,TX_1,5.168146219545114
2016-05-16,FOODS_3_702,WI_1,18.451140357305785
2016-05-16,FOODS_3_711,CA_1,3.516836058270779
2016-05-16,FOODS_3_711,TX_1,3.4582783114308198
2016-05-16,FOODS_3_711,WI_1,4.876344506982495
2016-05-16,FOODS_3_714,CA_1,15.140722290402163
2016-05-16,FOODS_3_714,TX_1,16.995897165810607
2016-05-16,FOODS_3_714,WI_1,15.343863323817775
2016-05-16,FOODS_3_723,CA_1,11.356541264953337
2016-05-16,FOODS_3_723,TX_1,14.654560297648294
2016-05-16,FOODS_3_723,WI_1,9.341186497581852
2016-05-16,FOODS_3_739,CA_1,12.637222617530913
2016-05-16,FOODS_3_739,TX_1,10.62530733624985
2016-05-16,FOODS_3_739,WI_1,8.032675293207069
2016-05-16,FOODS_3_741,CA_1,12.915311084597507
2016-05-16,FOODS_3_741,TX_1,1.8314859245245754
2016-05-16,FOODS_3_741,WI_1,1.413062123161966
2016-05-16,FOODS_3_744,CA_1,8.12092785670022
2016-05-16,FOODS_3_744,TX_1,2.2175915414339102
2016-05-16,FOODS_3_744,WI_1,5.143478851245383
2016-05-16,FOODS_3_752,CA_1,4.394181035683652
2016-05-16,FOODS_3_752,TX_1,5.100553053965629
2016-05-16,FOODS_3_752,WI_1,5.152671147813045
2016-05-16,FOODS_3_755,CA_1,10.798958482683362
2016-05-16,FOODS_3_755,TX_1,2.4782516809329262
2016-05-16,FOODS_3_755,WI_1,3.5751778876196436
2016-05-16,FOODS_3_764,CA_1,6.436085995172261
2016-05-16,FOODS_3_764,TX_1,6.17862917216667
2016-05-16,FOODS_3_764,WI_1,6.924478948351976
2016-05-16,FOODS_3_785,CA_1,13.785080096026956
2016-05-16,FOODS_3_785,TX_1,10.457624632533568
2016-05-16,FOODS_3_785,WI_1,13.322530656254873
2016-05-16,FOODS_3_808,CA_1,2.7818197097934627
2016-05-16,FOODS_3_808,TX_1,3.5080937850924685
2016-05-16,FOODS_3_808,WI_1,7.207685369061367
2016-05-16,FOODS_3_811,CA_1,15.568793176494363
2016-05-16,FOODS_3_811,TX_1,13.48524138713552
2016-05-16,FOODS_3_811,WI_1,2.974682725091674
2016-05-16,HOBBIES_1_268,CA_1,9.6982795300725
2016-05-16,HOBBIES_1_268,TX_1,5.39233343059887
2016-05-16,HOBBIES_1_268,WI_1,4.855244424454867
2016-05-16,HOBBIES_1_348,CA_1,5.87840548012463
2016-05-16,HOBBIES_1_348,TX_1,3.5715804747632016
2016-05-16,HOBBIES_1_348,WI_1,4.93545391162112
2016-05-16,HOBBIES_1_371,CA_1,9.257417925393321
2016-05-16,HOBBIES_1_371,TX_1,3.1032297888552383
2016-05-16,HOBBIES_1_371,WI_1,7.710657096491193
2016-05-16,HOUSEHOLD_1_303,CA_1,5.321445782210467
2016-05-16,HOUSEHOLD_1_303,TX_1,6.057999639627366
2016-05-16,HOUSEHOLD_1_303,WI_1,3.570033626406582
2016-05-16,HOUSEHOLD_1_327,CA_1,5.353140211700898
2016-05-16,HOUSEHOLD_1_327,TX_1,4.06155331652431
2016-05-16,HOUSEHOLD_1_327,WI_1,3.502079457423897
2016-05-16,HOUSEHOLD_1_334,CA_1,9.440860670441536
2016-05-16,HOUSEHOLD_1_334,TX_1,8.060455190842907
2016-05-16,HOUSEHOLD_1_334,WI_1,5.3348518832208836
2016-05-16,HOUSEHOLD_1_459,CA_1,2.7152986102478165
2016-05-16,HOUSEHOLD_1_459,TX_1,6.094405748619434
2016-05-16,HOUSEHOLD_1_459,WI_1,5.366334732681855
2016-05-16,HOUSEHOLD_1_521,CA_1,5.276915045833837
2016-05-16,HOUSEHOLD_1_521,TX_1,9.448207035364696
2016-05-16,HOUSEHOLD_1_521,WI_1,3.521399262072507
2016-05-17,FOODS_1_004,CA_1,5.437531713320298
2016-05-17,FOODS_1_004,TX_1,5.437531713320298
2016-05-17,FOODS_1_004,WI_1,5.437531713320298
2016-05-17,FOODS_1_018,CA_1,8.788682620624101
2016-05-17,FOODS_1_018,TX_1,5.982492332726066
2016-05-17,FOODS_1_018,WI_1,10.251753052343872
2016-05-17,FOODS_1_032,CA_1,2.380475253245621
2016-05-17,FOODS_1_032,TX_1,5.003144680037965
2016-05-17,FOODS_1_032,WI_1,7.382166018139991
2016-05-17,FOODS_1_043,CA_1,5.437531713320298
2016-05-17,FOODS_1_043,TX_1,4.9033972965544015
2016-05-17,FOODS_1_043,WI_1,5.437531713320298
2016-05-17,FOODS_1_046,CA_1,7.160674652773372
2016-05-17,FOODS_1_046,TX_1,1.8983929341946528
2016-05-17,FOODS_1_046,WI_1,6.297573805456775
2016-05-17,FOODS_1_085,CA_1,7.74190697761899
2016-05-17,FOODS_1_085,TX_1,3.522085065534682
2016-05-17,FOODS_1_085,WI_1,11.447683063188945
2016-05-17,FOODS_1_218,CA_1,6.198035771935822
2016-05-17,FOODS_1_218,TX_1,7.548259945294407
2016-05-17,FOODS_1_218,WI_1,8.041152060742915
2016-05-17,FOODS_2_019,CA_1,13.210183826820897
2016-05-17,FOODS_2_019,TX_1,1.903710373524853
2016-05-17,FOODS_2_019,WI_1,0.9778160078024807
2016-05-17,FOODS_2_181,CA_1,5.114604667323376
2016-05-17,FOODS_2_181,TX_1,14.797377888070942
2016-05-17,FOODS_2_181,WI_1,5.8731542485370145
2016-05-17,FOODS_2_197,CA_1,16.60093030892608
2016-05-17,FOODS_2_197,TX_1,2.719104974647119
2016-05-17,FOODS_2_197,WI_1,1.9509274408345667
2016-05-17,FOODS_2_276,CA_1,8.884164964037767
2016-05-17,FOODS_2_276,TX_1,2.942041935406379
2016-05-17,FOODS_2_276,WI_1,2.6548002001318696
2016-05-17,FOODS_2_347,CA_1,7.917993074282768
2016-05-17,FOODS_2_347,TX_1,5.228624450958609
2016-05-17,FOODS_2_347,WI_1,3.6901077899617882
2016-05-17,FOODS_2_360,CA_1,7.463898538783484
2016-05-17,FOODS_2_360,TX_1,5.076527962614103
2016-05-17,FOODS_2_360,WI_1,11.958862238297465
2016-05-17,FOODS_3_007,CA_1,4.8964042056126225
2016-05-17,FOODS_3_007,TX_1,3.3787952433348516
2016-05-17,FOODS_3_007,WI_1,3.712154256523494
2016-05-17,FOODS_3_030,CA_1,6.652517617138958
2016-05-17,FOODS_3_030,TX_1,7.561890306302407
2016-05-17,FOODS_3_030,WI_1,5.227705241416203
2016-05-17,FOODS_3_042,CA_1,2.766961342117511
2016-05-17,FOODS_3_042,TX_1,2.237064988642843
2016-05-17,FOODS_3_042,WI_1,12.326818570900057
2016-05-17,FOODS_3_080,CA_1,14.893979289546587
2016-05-17,FOODS_3_080,TX_1,5.026876400694229
2016-05-17,FOODS_3_080,WI_1,10.884911149920738
2016-05-17,FOODS_3_090,CA_1,42.91081705579885
2016-05-17,FOODS_3_090,TX_1,39.93031710343923
2016-05-17,FOODS_3_090,WI_1,16.677307229737742
2016-05-17,FOODS_3_099,CA_1,11.699356306155305
2016-05-17,FOODS_3_099,TX_1,7.918445974402062
2016-05-17,FOODS_3_099,WI_1,7.103132424484467
2016-05-17,FOODS_3_120,CA_1,36.51402433870806
2016-05-17,FOODS_3_120,TX_1,13.419424357487634
2016-05-17,FOODS_3_120,WI_1,8.698509240750884
2016-05-17,FOODS_3_202,CA_1,13.124105609248291
2016-05-17,FOODS_3_202,TX_1,22.398108314761817
2016-05-17,FOODS_3_202,WI_1,9.185905507261735
2016-05-17,FOODS_3_226,CA_1,5.092176989087266
2016-05-17,FOODS_3_226,TX_1,12.59105442444673
2016-05-17,FOODS_3_226,WI_1,29.433215378879858
2016-05-17,FOODS_3_228,CA_1,5.898281245094678
2016-05-17,FOODS_3_228,TX_1,3.985470134822697
2016-05-17,FOODS_3_228,WI_1,2.8528525003695604
2016-05-17,FOODS_3_234,CA_1,6.010185499401157
2016-05-17,FOODS_3_234,TX_1,6.709859817117917
2016-05-17,FOODS_3_234,WI_1,4.738025428062912
2016-05-17,FOODS_3_252,CA_1,30.266381634109536
2016-05-17,FOODS_3_252,TX_1,24.882205000801132
2016-05-17,FOODS_3_252,WI_1,7.500259631551694
2016-05-17,FOODS_3_281,CA_1,7.737373484009866
2016-05-17,FOODS_3_281,TX_1,2.69980060052726
2016-05-17,FOODS_3_281,WI_1,5.264994096063255
2016-05-17,FOODS_3_282,CA_1,17.21097767119689
2016-05-17,FOODS_3_282,TX_1,12.104733671943245
2016-05-17,FOODS_3_282,WI_1,10.414450403567646
2016-05-17,FOODS_3_288,CA_1,13.40066433917445
2016-05-17,FOODS_3_288,TX_1,12.305620071588637
2016-05-17,FOODS_3_288,WI_1,7.882074020272411
2016-05-17,FOODS_3_295,CA_1,16.429802586779843
2016-05-17,FOODS_3_295,TX_1,5.850218070375603
2016-05-17,FOODS_3_295,WI_1,7.598358636466903
2016-05-17,FOODS_3_318,CA_1,8.215995471669087
2016-05-17,FOODS_3_318,TX_1,6.684456915501613
2016-05-17,FOODS_3_318,WI_1,11.812067387335766
2016-05-17,FOODS_3_319,CA_1,5.406980327048441
2016-05-17,FOODS_3_319,TX_1,5.991462139266041
2016-05-17,FOODS_3_319,WI_1,4.879421823802033
2016-05-17,FOODS_3_329,CA_1,10.290661796971918
2016-05-17,FOODS_3_329,TX_1,10.098752138289756
2016-05-17,FOODS_3_329,WI_1,7.16048395693951
2016-05-17,FOODS_3_362,CA_1,12.394084449372672
2016-05-17,FOODS_3_362,TX_1,6.91633437455368
2016-05-17,FOODS_3_362,WI_1,7.803452226472018
2016-05-17,FOODS_3_376,CA_1,3.988998229063007
2016-05-17,FOODS_3_376,TX_1,8.84987251192823
2016-05-17,FOODS_3_376,WI_1,2.768931357037185
2016-05-17,FOODS_3_377,CA_1,7.135458201799477
2016-05-17,FOODS_3_377,TX_1,10.988804542780496
2016-05-17,FOODS_3_377,WI_1,3.718012910016947
2016-05-17,FOODS_3_389,CA_1,6.730421283392015
2016-05-17,FOODS_3_389,TX_1,12.288489385927011
2016-05-17,FOODS_3_389,WI_1,2.556818595256556
2016-05-17,FOODS_3_406,CA_1,10.870311645998664
2016-05-17,FOODS_3_406,TX_1,3.655438765196128
2016-05-17,FOODS_3_406,WI_1,4.987792399354942
2016-05-17,FOODS_3_455,CA_1,7.1565875771133225
2016-05-17,FOODS_3_455,TX_1,9.237832580253171
2016-05-17,FOODS_3_455,WI_1,1.0174237678621778
2016-05-17,FOODS_3_458,CA_1,6.013268022203008
2016-05-17,FOODS_3_458,TX_1,5.488417130883107
2016-05-17,FOODS_3_458,WI_1,3.38597189020322
2016-05-17,FOODS_3_462,CA_1,5.024733624379952
2016-05-17,FOODS_3_462,TX_1,7.823298147193936
2016-05-17,FOODS_3_462,WI_1,3.394661972766901
2016-05-17,FOODS_3_491,CA_1,8.500798928952163
2016-05-17,FOODS_3_491,TX_1,5.090993217532994
2016-05-17,FOODS_3_491,WI_1,14.982796061159165
2016-05-17,FOODS_3_499,CA_1,10.936727760894527
2016-05-17,FOODS_3_499,TX_1,6.598836731304351
2016-05-17,FOODS_3_499,WI_1,5.295262161432719
2016-05-17,FOODS_3_501,CA_1,13.144951056387269
2016-05-17,FOODS_3_501,TX_1,5.055339405314049
2016-05-17,FOODS_3_501,WI_1,5.837513160946843
2016-05-17,FOODS_3_516,CA_1,7.878439334474709
2016-05-17,FOODS_3_516,TX_1,6.09060304636293
2016-05-17,FOODS_3_516,WI_1,7.886598335140466
2016-05-17,FOODS_3_541,CA_1,3.456076833990526
2016-05-17,FOODS_3_541,TX_1,4.1979847929433625
2016-05-17,FOODS_3_541,WI_1,5.991462139266041
2016-05-17,FOODS_3_547,CA_1,4.089424596168157
2016-05-17,FOODS_3_547,TX_1,3.695971019547924
2016-05-17,FOODS_3_547,WI_1,3.804317669083044
2016-05-17,FOODS_3_555,CA_1,15.060932649699808
2016-05-17,FOODS_3_555,TX_1,23.49456172340838
2016-05-17,FOODS_3_555,WI_1,7.850736945984235
2016-05-17,FOODS_3_586,CA_1,31.969177239003766
2016-05-17,FOODS_3_586,TX_1,47.462246576428136
2016-05-17,FOODS_3_586,WI_1,12.590346283332549
2016-05-17,FOODS_3_587,CA_1,16.40111446620051
2016-05-17,FOODS_3_587,TX_1,17.30248945689054
2016-05-17,FOODS_3_587,WI_1,12.100049549500234
2016-05-17,FOODS_3_607,CA_1,9.371290320908361
2016-05-17,FOODS_3_607,TX_1,12.364456617858375
2016-05-17,FOODS_3_607,WI_1,2.726130378422454
2016-05-17,FOODS_3_635,CA_1,3.6255123641650506
2016-05-17,FOODS_3_635,TX_1,4.254276362172899
2016-05-17,FOODS_3_635,WI_1,4.879421823802033
2016-05-17,FOODS_3_668,CA_1,6.79073409124593
2016-05-17,FOODS_3_668,TX_1,2.2157307030334477
2016-05-17,FOODS_3_668,WI_1,9.182802342926776
2016-05-17,FOODS_3_681,CA_1,15.097216091513442
2016-05-17,FOODS_3_681,TX_1,31.940424586117295
2016-05-17,FOODS_3_681,WI_1,2.7131454785312026
2016-05-17,FOODS_3_694,CA_1,9.13206314936911
2016-05-17,FOODS_3_694,TX_1,15.133744397259445
2016-05-17,FOODS_3_694,WI_1,16.51518826547857
2016-05-17,FOODS_3_702,CA_1,10.49101147858108
2016-05-17,FOODS_3_702,TX_1,5.009273793025886
2016-05-17,FOODS_3_702,WI_1,16.77867222776346
2016-05-17,FOODS_3_711,CA_1,3.5484409795875353
2016-05-17,FOODS_3_711,TX_1,3.4905262529976624
2016-05-17,FOODS_3_711,WI_1,4.638411430036624
2016-05-17,FOODS_3_714,CA_1,14.63729857159708
2016-05-17,FOODS_3_714,TX_1,16.087154600499716
2016-05-17,FOODS_3_714,WI_1,14.832517960320788
2016-05-17,FOODS_3_723,CA_1,11.162591752125309
2016-05-17,FOODS_3_723,TX_1,14.118987659364258
2016-05-17,FOODS_3_723,WI_1,9.155704382934216
2016-05-17,FOODS_3_739,CA_1,11.40641595643868
2016-05-17,FOODS_3_739,TX_1,10.573053168420206
2016-05-17,FOODS_3_739,WI_1,7.801887507569912
2016-05-17,FOODS_3_741,CA_1,12.492659086584178
2016-05-17,FOODS_3_741,TX_1,1.8466787851689572
2016-05-17,FOODS_3_741,WI_1,1.497403411461364
2016-05-17,FOODS_3_744,CA_1,7.891301025666295
2016-05-17,FOODS_3_744,TX_1,2.236316271932641
2016-05-17,FOODS_3_744,WI_1,5.018097162663869
2016-05-17,FOODS_3_752,CA_1,4.76855104166212
2016-05-17,FOODS_3_752,TX_1,4.887419236022558
2016-05-17,FOODS_3_752,WI_1,5.194064072998429
2016-05-17,FOODS_3_755,CA_1,10.325290405809302
2016-05-17,FOODS_3_755,TX_1,2.491301571218879
2016-05-17,FOODS_3_755,WI_1,3.853948125134003
2016-05-17,FOODS_3_764,CA_1,5.976215920927692
2016-05-17,FOODS_3_764,TX_1,6.1148916561645565
2016-05-17,FOODS_3_764,WI_1,6.384074334552764
2016-05-17,FOODS_3_785,CA_1,12.709573369136512
2016-05-17,FOODS_3_785,TX_1,10.317769591310114
2016-05-17,FOODS_3_785,WI_1,12.36722691056767
2016-05-17,FOODS_3_808,CA_1,2.7600113039824645
2016-05-17,FOODS_3_808,TX_1,3.5729478902429457
2016-05-17,FOODS_3_808,WI_1,6.171925896903662
2016-05-17,FOODS_3_811,CA_1,14.692348659055014
2016-05-17,FOODS_3_811,TX_1,13.252267041653118
2016-05-17,FOODS_3_811,WI_1,2.979458514122273
2016-05-17,HOBBIES_1_268,CA_1,9.460793392014265
2016-05-17,HOBBIES_1_268,TX_1,4.749301535671566
2016-05-17,HOBBIES_1_268,WI_1,4.911891427220073
2016-05-17,HOBBIES_1_348,CA_1,5.960214288167748
2016-05-17,HOBBIES_1_348,TX_1,3.524786898327851
2016-05-17,HOBBIES_1_348,WI_1,4.869090081643463
2016-05-17,HOBBIES_1_371,CA_1,8.37281648042094
2016-05-17,HOBBIES_1_371,TX_1,3.0624694273485606
2016-05-17,HOBBIES_1_371,WI_1,6.699511305151521
2016-05-17,HOUSEHOLD_1_303,CA_1,5.287173072572335
2016-05-17,HOUSEHOLD_1_303,TX_1,5.822103168809662
2016-05-17,HOUSEHOLD_1_303,WI_1,3.5084999497907137
2016-05-17,HOUSEHOLD_1_327,CA_1,5.252038312355474
2016-05-17,HOUSEHOLD_1_327,TX_1,3.5708585878281576
2016-05-17,HOUSEHOLD_1_327,WI_1,3.5006022126647864
2016-05-17,HOUSEHOLD_1_334,CA_1,9.212561821834022
2016-05-17,HOUSEHOLD_1_334,TX_1,7.744097061619864
2016-05-17,HOUSEHOLD_1_334,WI_1,5.304578602526252
2016-05-17,HOUSEHOLD_1_459,CA_1,2.7152986102478174
2016-05-17,HOUSEHOLD_1_459,TX_1,6.114782282231187
2016-05-17,HOUSEHOLD_1_459,WI_1,5.248003988150582
2016-05-17,HOUSEHOLD_1_521,CA_1,5.106479452908949
2016-05-17,HOUSEHOLD_1_521,TX_1,9.822925707487887
2016-05-17,HOUSEHOLD_1_521,WI_1,3.5217590553996008
2016-05-18,FOODS_1_004,CA_1,5.340826139480838
2016-05-18,FOODS_1_004,TX_1,5.340826139480838
2016-05-18,FOODS_1_004,WI_1,5.340826139480838
2016-05-18,FOODS_1_018,CA_1,8.69458169937691
2016-05-18,FOODS_1_018,TX_1,5.934609838385105
2016-05-18,FOODS_1_018,WI_1,10.267018303570996
2016-05-18,FOODS_1_032,CA_1,2.5329041945012922
2016-05-18,FOODS_1_032,TX_1,4.997688158035011
2016-05-18,FOODS_1_032,WI_1,7.415207091658864
2016-05-18,FOODS_1_043,CA_1,5.340826139480838
2016-05-18,FOODS_1_043,TX_1,5.143244735374368
2016-05-18,FOODS_1_043,WI_1,5.340826139480838
2016-05-18,FOODS_1_046,CA_1,7.016997905704539
2016-05-18,FOODS_1_046,TX_1,1.8664332260946608
2016-05-18,FOODS_1_046,WI_1,6.348230050228047
2016-05-18,FOODS_1_085,CA_1,7.813883732597917
2016-05-18,FOODS_1_085,TX_1,3.540813047148406
2016-05-18,FOODS_1_085,WI_1,11.568686533879768
2016-05-18,FOODS_1_218,CA_1,6.146467212406378
2016-05-18,FOODS_1_218,TX_1,7.588512050590747
2016-05-18,FOODS_1_218,WI_1,7.784490214308108
2016-05-18,FOODS_2_019,CA_1,13.557090295517323
2016-05-18,FOODS_2_019,TX_1,1.907643570435691
2016-05-18,FOODS_2_019,WI_1,0.9106862444929321
2016-05-18,FOODS_2_181,CA_1,5.111638825532326
2016-05-18,FOODS_2_181,TX_1,14.49934081536754
2016-05-18,FOODS_2_181,WI_1,5.928448626890734
2016-05-18,FOODS_2_197,CA_1,16.842068745114002
2016-05-18,FOODS_2_197,TX_1,2.718318922667994
2016-05-18,FOODS_2_197,WI_1,2.097077384791402
2016-05-18,FOODS_2_276,CA_1,8.608816797834004
2016-05-18,FOODS_2_276,TX_1,2.957614212148583
2016-05-18,FOODS_2_276,WI_1,2.6529470051126727
2016-05-18,FOODS_2_347,CA_1,8.18255186148397
2016-05-18,FOODS_2_347,TX_1,5.435246318797287
2016-05-18,FOODS_2_347,WI_1,3.720419631438338
2016-05-18,FOODS_2_360,CA_1,7.4441732996636425
2016-05-18,FOODS_2_360,TX_1,4.6859903820662945
2016-05-18,FOODS_2_360,WI_1,12.519348856108452
2016-05-18,FOODS_3_007,CA_1,4.70769109992341
2016-05-18,FOODS_3_007,TX_1,3.433904958377496
2016-05-18,FOODS_3_007,WI_1,3.70924166390908
2016-05-18,FOODS_3_030,CA_1,6.732862839171385
2016-05-18,FOODS_3_030,TX_1,7.955443154530953
2016-05-18,FOODS_3_030,WI_1,5.261062413976909
2016-05-18,FOODS_3_042,CA_1,2.7972597362104086
2016-05-18,FOODS_3_042,TX_1,2.2962527710502574
2016-05-18,FOODS_3_042,WI_1,12.073784286235886
2016-05-18,FOODS_3_080,CA_1,15.234083518047951
2016-05-18,FOODS_3_080,TX_1,5.008242240862669
2016-05-18,FOODS_3_080,WI_1,10.763596510482733
2016-05-18,FOODS_3_090,CA_1,42.14768951599174
2016-05-18,FOODS_3_090,TX_1,41.78106986743082
2016-05-18,FOODS_3_090,WI_1,16.49337940670391
2016-05-18,FOODS_3_099,CA_1,12.012650675239861
2016-05-18,FOODS_3_099,TX_1,8.2220418814967
2016-05-18,FOODS_3_099,WI_1,7.152979819080468
2016-05-18,FOODS_3_120,CA_1,38.27464943663159
2016-05-18,FOODS_3_120,TX_1,13.484833199187674
2016-05-18,FOODS_3_120,WI_1,8.62309362723473
2016-05-18,FOODS_3_202,CA_1,13.064660820179993
2016-05-18,FOODS_3_202,TX_1,21.880740198796307
2016-05-18,FOODS_3_202,WI_1,9.191073800989376
2016-05-18,FOODS_3_226,CA_1,5.080933838892843
2016-05-18,FOODS_3_226,TX_1,12.10571382149091
2016-05-18,FOODS_3_226,WI_1,29.729451940786888
2016-05-18,FOODS_3_228,CA_1,5.866969681140946
2016-05-18,FOODS_3_228,TX_1,3.743598931640884
2016-05-18,FOODS_3_228,WI_1,2.9088975986551753
2016-05-18,FOODS_3_234,CA_1,5.944133646826762
2016-05-18,FOODS_3_234,TX_1,6.551001535504754
2016-05-18,FOODS_3_234,WI_1,4.700214656236332
2016-05-18,FOODS_3_252,CA_1,29.34282799251147
2016-05-18,FOODS_3_252,TX_1,24.337016387046006
2016-05-18,FOODS_3_252,WI_1,7.993326330019112
2016-05-18,FOODS_3_281,CA_1,7.950953809821763
2016-05-18,FOODS_3_281,TX_1,2.696911699805199
2016-05-18,FOODS_3_281,WI_1,5.200587997644825
2016-05-18,FOODS_3_282,CA_1,17.10919365533729
2016-05-18,FOODS_3_282,TX_1,11.661234270458783
2016-05-18,FOODS_3_282,WI_1,10.390818965655091
2016-05-18,FOODS_3_288,CA_1,13.446947202688683
2016-05-18,FOODS_3_288,TX_1,12.247662044399576
2016-05-18,FOODS_3_288,WI_1,8.02813930462042
2016-05-18,FOODS_3_295,CA_1,17.460502964050303
2016-05-18,FOODS_3_295,TX_1,5.86935463712295
2016-05-18,FOODS_3_295,WI_1,8.225071276746617
2016-05-18,FOODS_3_318,CA_1,7.878163415112417
2016-05-18,FOODS_3_318,TX_1,6.746099317977478
2016-05-18,FOODS_3_318,WI_1,11.858018627976888
2016-05-18,FOODS_3_319,CA_1,5.320963492681381
2016-05-18,FOODS_3_319,TX_1,5.948647507513143
2016-05-18,FOODS_3_319,WI_1,4.7948285608721655
2016-05-18,FOODS_3_329,CA_1,10.102679819196492
2016-05-18,FOODS_3_329,TX_1,9.702065882189126
2016-05-18,FOODS_3_329,WI_1,7.185337352062568
2016-05-18,FOODS_3_362,CA_1,12.448812381851182
2016-05-18,FOODS_3_362,TX_1,6.648640562651808
2016-05-18,FOODS_3_362,WI_1,7.842759738421718
2016-05-18,FOODS_3_376,CA_1,4.124744558076564
2016-05-18,FOODS_3_376,TX_1,8.870840219966269
2016-05-18,FOODS_3_376,WI_1,2.7446807987555375
2016-05-18,FOODS_3_377,CA_1,7.10254981225829
2016-05-18,FOODS_3_377,TX_1,10.7280993275834
2016-05-18,FOODS_3_377,WI_1,3.7164837208908903
2016-05-18,FOODS_3_389,CA_1,6.21817416050649
2016-05-18,FOODS_3_389,TX_1,12.116772936491323
2016-05-18,FOODS_3_389,WI_1,2.6338635776417543
2016-05-18,FOODS_3_406,CA_1,10.554017347715973
2016-05-18,FOODS_3_406,TX_1,3.580042301032021
2016-05-18,FOODS_3_406,WI_1,4.952188788728663
2016-05-18,FOODS_3_455,CA_1,7.156492056557575
2016-05-18,FOODS_3_455,TX_1,9.173350013402036
2016-05-18,FOODS_3_455,WI_1,1.0234154053567934
2016-05-18,FOODS_3_458,CA_1,5.962633424561801
2016-05-18,FOODS_3_458,TX_1,5.228964956378304
2016-05-18,FOODS_3_458,WI_1,3.457444713861709
2016-05-18,FOODS_3_462,CA_1,5.050030980998677
2016-05-18,FOODS_3_462,TX_1,7.826657924301759
2016-05-18,FOODS_3_462,WI_1,3.395724587020983
2016-05-18,FOODS_3_491,CA_1,8.334562590836143
2016-05-18,FOODS_3_491,TX_1,5.018976628043777
2016-05-18,FOODS_3_491,WI_1,14.926384574517588
2016-05-18,FOODS_3_499,CA_1,10.814580296240132
2016-05-18,FOODS_3_499,TX_1,6.2042023753600235
2016-05-18,FOODS_3_499,WI_1,5.413603239582557
2016-05-18,FOODS_3_501,CA_1,12.533109424801967
2016-05-18,FOODS_3_501,TX_1,5.055223983316855
2016-05-18,FOODS_3_501,WI_1,5.893502283042262
2016-05-18,FOODS_3_516,CA_1,7.831213676578649
2016-05-18,FOODS_3_516,TX_1,6.132029687811612
2016-05-18,FOODS_3_516,WI_1,7.892024457781707
2016-05-18,FOODS_3_541,CA_1,3.5430592134304355
2016-05-18,FOODS_3_541,TX_1,4.22206270556148
2016-05-18,FOODS_3_541,WI_1,5.948647507513143
2016-05-18,FOODS_3_547,CA_1,4.072734731322609
2016-05-18,FOODS_3_547,TX_1,3.6825217312575664
2016-05-18,FOODS_3_547,WI_1,3.955127435786585
2016-05-18,FOODS_3_555,CA_1,14.831900847592742
2016-05-18,FOODS_3_555,TX_1,23.016732902996853
2016-05-18,FOODS_3_555,WI_1,7.835656752230268
2016-05-18,FOODS_3_586,CA_1,31.401360288911793
2016-05-18,FOODS_3_586,TX_1,46.14271443067686
2016-05-18,FOODS_3_586,WI_1,12.299226741265201
2016-05-18,FOODS_3_587,CA_1,16.314792986119393
2016-05-18,FOODS_3_587,TX_1,17.096616203564654
2016-05-18,FOODS_3_587,WI_1,11.525531764280103
2016-05-18,FOODS_3_607,CA_1,9.395044329274123
2016-05-18,FOODS_3_607,TX_1,11.72139815693931
2016-05-18,FOODS_3_607,WI_1,2.723021555975384
2016-05-18,FOODS_3_635,CA_1,3.552717605885838
2016-05-18,FOODS_3_635,TX_1,4.113024512377979
2016-05-18,FOODS_3_635,WI_1,4.7948285608721655
2016-05-18,FOODS_3_668,CA_1,6.772867433163526
2016-05-18,FOODS_3_668,TX_1,2.2067580818676746
2016-05-18,FOODS_3_668,WI_1,9.172739424616712
2016-05-18,FOODS_3_681,CA_1,14.85329393206748
2016-05-18,FOODS_3_681,TX_1,30.046048714956004
2016-05-18,FOODS_3_681,WI_1,2.7616199679310913
2016-05-18,FOODS_3_694,CA_1,9.156187716788718
2016-05-18,FOODS_3_694,TX_1,14.869291875312252
2016-05-18,FOODS_3_694,WI_1,16.304884184102683
2016-05-18,FOODS_3_702,CA_1,10.085255637904162
2016-05-18,FOODS_3_702,TX_1,5.018598274732395
2016-05-18,FOODS_3_702,WI_1,16.727824168191656
2016-05-18,FOODS_3_711,CA_1,3.7169710981526367
2016-05-18,FOODS_3_711,TX_1,3.5413258885064782
2016-05-18,FOODS_3_711,WI_1,4.7226537091633345
2016-05-18,FOODS_3_714,CA_1,14.781958791831835
2016-05-18,FOODS_3_714,TX_1,16.51428997654987
2016-05-18,FOODS_3_714,WI_1,14.818785113388936
2016-05-18,FOODS_3_723,CA_1,11.314518894060786
2016-05-18,FOODS_3_723,TX_1,14.188711923757115
2016-05-18,FOODS_3_723,WI_1,9.149085370822117
2016-05-18,FOODS_3_739,CA_1,11.089910076913231
2016-05-18,FOODS_3_739,TX_1,10.530772117741426
2016-05-18,FOODS_3_739,WI_1,8.350406246286584
2016-05-18,FOODS_3_741,CA_1,12.038790826047457
2016-05-18,FOODS_3_741,TX_1,1.8571041552671244
2016-05-18,FOODS_3_741,WI_1,1.4742029551680589
2016-05-18,FOODS_3_744,CA_1,7.678343974121828
2016-05-18,FOODS_3_744,TX_1,2.232172467797341
2016-05-18,FOODS_3_744,WI_1,5.038477394361567
2016-05-18,FOODS_3_752,CA_1,4.725861610850126
2016-05-18,FOODS_3_752,TX_1,4.74760983821585
2016-05-18,FOODS_3_752,WI_1,5.419541736416991
2016-05-18,FOODS_3_755,CA_1,10.470674098885118
2016-05-18,FOODS_3_755,TX_1,2.5315451301156044
2016-05-18,FOODS_3_755,WI_1,3.893494307221068
2016-05-18,FOODS_3_764,CA_1,5.994818837557613
2016-05-18,FOODS_3_764,TX_1,6.034569148062773
2016-05-18,FOODS_3_764,WI_1,6.243008157354222
2016-05-18,FOODS_3_785,CA_1,13.423612581173522
2016-05-18,FOODS_3_785,TX_1,10.492131398376635
2016-05-18,FOODS_3_785,WI_1,12.078108757860136
2016-05-18,FOODS_3_808,CA_1,2.6270909666978275
2016-05-18,FOODS_3_808,TX_1,3.5179533590215466
2016-05-18,FOODS_3_808,WI_1,6.079159165039374
2016-05-18,FOODS_3_811,CA_1,14.700009728077982
2016-05-18,FOODS_3_811,TX_1,13.234359438272408
2016-05-18,FOODS_3_811,WI_1,3.005059850720009
2016-05-18,HOBBIES_1_268,CA_1,10.81092717419659
2016-05-18,HOBBIES_1_268,TX_1,5.15221101516328
2016-05-18,HOBBIES_1_268,WI_1,4.8425631131952125
2016-05-18,HOBBIES_1_348,CA_1,5.881884576304511
2016-05-18,HOBBIES_1_348,TX_1,3.5107698797052262
2016-05-18,HOBBIES_1_348,WI_1,4.89847006426474
2016-05-18,HOBBIES_1_371,CA_1,8.026737196067584
2016-05-18,HOBBIES_1_371,TX_1,3.1042653156959044
2016-05-18,HOBBIES_1_371,WI_1,6.763845539860181
2016-05-18,HOUSEHOLD_1_303,CA_1,5.174729409491484
2016-05-18,HOUSEHOLD_1_303,TX_1,5.871907165979637
2016-05-18,HOUSEHOLD_1_303,WI_1,3.725928490850334
2016-05-18,HOUSEHOLD_1_327,CA_1,5.2162093725435295
2016-05-18,HOUSEHOLD_1_327,TX_1,3.817925395780926
2016-05-18,HOUSEHOLD_1_327,WI_1,3.4926890228614114
2016-05-18,HOUSEHOLD_1_334,CA_1,9.19823022022476
2016-05-18,HOUSEHOLD_1_334,TX_1,7.786868518202161
2016-05-18,HOUSEHOLD_1_334,WI_1,5.198670102638881
2016-05-18,HOUSEHOLD_1_459,CA_1,2.7445261253560513
2016-05-18,HOUSEHOLD_1_459,TX_1,6.08224973191133
2016-05-18,HOUSEHOLD_1_459,WI_1,5.270377559543622
2016-05-18,HOUSEHOLD_1_521,CA_1,5.037546483036452
2016-05-18,HOUSEHOLD_1_521,TX_1,10.067195725010235
2016-05-18,HOUSEHOLD_1_521,WI_1,3.508620707317232
2016-05-19,FOODS_1_004,CA_1,5.037613355794628
2016-05-19,FOODS_1_004,TX_1,5.037613355794628
2016-05-19,FOODS_1_004,WI_1,5.037613355794628
2016-05-19,FOODS_1_018,CA_1,8.89314886809968
2016-05-19,FOODS_1_018,TX_1,5.992010442376934
2016-05-19,FOODS_1_018,WI_1,10.171410644314065
2016-05-19,FOODS_1_032,CA_1,2.4956339787563575
2016-05-19,FOODS_1_032,TX_1,5.015483519748629
2016-05-19,FOODS_1_032,WI_1,7.184674437680456
2016-05-19,FOODS_1_043,CA_1,5.037613355794628
2016-05-19,FOODS_1_043,TX_1,5.027636328132396
2016-05-19,FOODS_1_043,WI_1,5.037613355794628
2016-05-19,FOODS_1_046,CA_1,7.018346848734868
2016-05-19,FOODS_1_046,TX_1,2.037216654109838
2016-05-19,FOODS_1_046,WI_1,6.458106694820194
2016-05-19,FOODS_1_085,CA_1,8.386354364567117
2016-05-19,FOODS_1_085,TX_1,3.528452234004572
2016-05-19,FOODS_1_085,WI_1,10.97901164046297
2016-05-19,FOODS_1_218,CA_1,6.1971726586299996
2016-05-19,FOODS_1_218,TX_1,7.800190006597038
2016-05-19,FOODS_1_218,WI_1,8.166363814078865
2016-05-19,FOODS_2_019,CA_1,13.224894506293914
2016-05-19,FOODS_2_019,TX_1,1.9319903817020696
2016-05-19,FOODS_2_019,WI_1,0.9710352127979253
2016-05-19,FOODS_2_181,CA_1,5.125205095219476
2016-05-19,FOODS_2_181,TX_1,14.62724926766607
2016-05-19,FOODS_2_181,WI_1,5.965992431298232
2016-05-19,FOODS_2_197,CA_1,15.799275198531925
2016-05-19,FOODS_2_197,TX_1,2.693350764283574
2016-05-19,FOODS_2_197,WI_1,2.02842873088517
2016-05-19,FOODS_2_276,CA_1,8.719679009200014
2016-05-19,FOODS_2_276,TX_1,2.988713121363046
2016-05-19,FOODS_2_276,WI_1,2.6563054812834803
2016-05-19,FOODS_2_347,CA_1,7.834423521819498
2016-05-19,FOODS_2_347,TX_1,5.821861689581789
2016-05-19,FOODS_2_347,WI_1,3.7198210993301357
2016-05-19,FOODS_2_360,CA_1,7.447557708394378
2016-05-19,FOODS_2_360,TX_1,4.904302118462418
2016-05-19,FOODS_2_360,WI_1,11.688579646764941
2016-05-19,FOODS_3_007,CA_1,5.057326142062072
2016-05-19,FOODS_3_007,TX_1,3.5473124323726015
2016-05-19,FOODS_3_007,WI_1,3.594320398087337
2016-05-19,FOODS_3_030,CA_1,6.748537455062051
2016-05-19,FOODS_3_030,TX_1,7.630924421724364
2016-05-19,FOODS_3_030,WI_1,5.2170573403713005
2016-05-19,FOODS_3_042,CA_1,2.7601635013519
2016-05-19,FOODS_3_042,TX_1,2.290081209645628
2016-05-19,FOODS_3_042,WI_1,12.531368032282419
2016-05-19,FOODS_3_080,CA_1,14.803155271623154
2016-05-19,FOODS_3_080,TX_1,5.0609747431840875
2016-05-19,FOODS_3_080,WI_1,10.984887932360024
2016-05-19,FOODS_3_090,CA_1,43.449342303393514
2016-05-19,FOODS_3_090,TX_1,40.389682602516174
2016-05-19,FOODS_3_090,WI_1,17.027531139162768
2016-05-19,FOODS_3_099,CA_1,11.392803025099708
2016-05-19,FOODS_3_099,TX_1,7.8985908647614735
2016-05-19,FOODS_3_099,WI_1,7.103835679658596
2016-05-19,FOODS_3_120,CA_1,37.33897137041001
2016-05-19,FOODS_3_120,TX_1,13.415304403098942
2016-05-19,FOODS_3_120,WI_1,8.747366024922638
2016-05-19,FOODS_3_202,CA_1,13.167349171159579
2016-05-19,FOODS_3_202,TX_1,21.81064902393624
2016-05-19,FOODS_3_202,WI_1,9.187478097296896
2016-05-19,FOODS_3_226,CA_1,5.126909315866178
2016-05-19,FOODS_3_226,TX_1,12.40235332078528
2016-05-19,FOODS_3_226,WI_1,29.19582396059311
2016-05-19,FOODS_3_228,CA_1,5.899409574811686
2016-05-19,FOODS_3_228,TX_1,3.922379048069394
2016-05-19,FOODS_3_228,WI_1,2.957325354181628
2016-05-19,FOODS_3_234,CA_1,5.534399394806594
2016-05-19,FOODS_3_234,TX_1,6.391112178087926
2016-05-19,FOODS_3_234,WI_1,4.816994773257592
2016-05-19,FOODS_3_252,CA_1,30.42663721916269
2016-05-19,FOODS_3_252,TX_1,24.209285551569
2016-05-19,FOODS_3_252,WI_1,7.532781067234083
2016-05-19,FOODS_3_281,CA_1,7.742129062901088
2016-05-19,FOODS_3_281,TX_1,2.6979474055080623
2016-05-19,FOODS_3_281,WI_1,5.2591819567345555
2016-05-19,FOODS_3_282,CA_1,17.12619478227614
2016-05-19,FOODS_3_282,TX_1,11.0719775171882
2016-05-19,FOODS_3_282,WI_1,10.273799381768171
2016-05-19,FOODS_3_288,CA_1,13.40535711050706
2016-05-19,FOODS_3_288,TX_1,12.33413247753268
2016-05-19,FOODS_3_288,WI_1,7.91781544287602
2016-05-19,FOODS_3_295,CA_1,16.690241062802624
2016-05-19,FOODS_3_295,TX_1,5.844685559607294
2016-05-19,FOODS_3_295,WI_1,7.5711140154005925
2016-05-19,FOODS_3_318,CA_1,8.20711426057115
2016-05-19,FOODS_3_318,TX_1,6.750855080025042
2016-05-19,FOODS_3_318,WI_1,11.956067520670535
2016-05-19,FOODS_3_319,CA_1,5.10937912007812
2016-05-19,FOODS_3_319,TX_1,5.637265508654604
2016-05-19,FOODS_3_319,WI_1,4.642134775146519
2016-05-19,FOODS_3_329,CA_1,10.133100741374623
2016-05-19,FOODS_3_329,TX_1,9.404312475561452
2016-05-19,FOODS_3_329,WI_1,7.023608213394004
2016-05-19,FOODS_3_362,CA_1,12.097505148900359
2016-05-19,FOODS_3_362,TX_1,6.661426054208855
2016-05-19,FOODS_3_362,WI_1,7.812120906634496
2016-05-19,FOODS_3_376,CA_1,4.097333259337672
2016-05-19,FOODS_3_376,TX_1,8.872521463681021
2016-05-19,FOODS_3_376,WI_1,2.7008464173649696
2016-05-19,FOODS_3_377,CA_1,7.134798434103043
2016-05-19,FOODS_3_377,TX_1,10.609138221628717
2016-05-19,FOODS_3_377,WI_1,3.5401836530260145
2016-05-19,FOODS_3_389,CA_1,6.174917490694575
2016-05-19,FOODS_3_389,TX_1,12.320543151629199
2016-05-19,FOODS_3_389,WI_1,2.6771768664754263
2016-05-19,FOODS_3_406,CA_1,10.298028264008854
2016-05-19,FOODS_3_406,TX_1,3.561726314344656
2016-05-19,FOODS_3_406,WI_1,4.965244344284219
2016-05-19,FOODS_3_455,CA_1,7.142614328705431
2016-05-19,FOODS_3_455,TX_1,9.155118883456721
2016-05-19,FOODS_3_455,WI_1,1.0262624613669984
2016-05-19,FOODS_3_458,CA_1,5.972476758482152
2016-05-19,FOODS_3_458,TX_1,5.646408562213867
2016-05-19,FOODS_3_458,WI_1,3.6664315184640115
2016-05-19,FOODS_3_462,CA_1,5.013969096524151
2016-05-19,FOODS_3_462,TX_1,7.890531797522592
2016-05-19,FOODS_3_462,WI_1,3.383815507118031
2016-05-19,FOODS_3_491,CA_1,8.543568389959512
2016-05-19,FOODS_3_491,TX_1,5.063978465758643
2016-05-19,FOODS_3_491,WI_1,14.907029137658933
2016-05-19,FOODS_3_499,CA_1,10.907415986556266
2016-05-19,FOODS_3_499,TX_1,6.215211814264191
2016-05-19,FOODS_3_499,WI_1,5.40048042626538
2016-05-19,FOODS_3_501,CA_1,12.59871707130989
2016-05-19,FOODS_3_501,TX_1,4.927664657324762
2016-05-19,FOODS_3_501,WI_1,5.742018222030722
2016-05-19,FOODS_3_516,CA_1,7.797522549821865
2016-05-19,FOODS_3_516,TX_1,6.125789854215975
2016-05-19,FOODS_3_516,WI_1,7.985023038712895
2016-05-19,FOODS_3_541,CA_1,3.578543772982885
2016-05-19,FOODS_3_541,TX_1,4.353715428770817
2016-05-19,FOODS_3_541,WI_1,5.637265508654604
2016-05-19,FOODS_3_547,CA_1,4.290971764392801
2016-05-19,FOODS_3_547,TX_1,3.600529842111241
2016-05-19,FOODS_3_547,WI_1,3.8448190903500152
2016-05-19,FOODS_3_555,CA_1,14.856050066871536
2016-05-19,FOODS_3_555,TX_1,23.258929203586064
2016-05-19,FOODS_3_555,WI_1,7.8827626584786294
2016-05-19,FOODS_3_586,CA_1,32.50335477492738
2016-05-19,FOODS_3_586,TX_1,48.11215225159701
2016-05-19,FOODS_3_586,WI_1,11.9992536763062
2016-05-19,FOODS_3_587,CA_1,16.38270691724719
2016-05-19,FOODS_3_587,TX_1,17.102983749076127
2016-05-19,FOODS_3_587,WI_1,11.885563561164577
2016-05-19,FOODS_3_607,CA_1,9.360288684842798
2016-05-19,FOODS_3_607,TX_1,11.880419453913841
2016-05-19,FOODS_3_607,WI_1,2.706092094240282
2016-05-19,FOODS_3_635,CA_1,3.4909514859239046
2016-05-19,FOODS_3_635,TX_1,4.2356134755477
2016-05-19,FOODS_3_635,WI_1,4.642134775146519
2016-05-19,FOODS_3_668,CA_1,6.688534034207907
2016-05-19,FOODS_3_668,TX_1,2.264681047928187
2016-05-19,FOODS_3_668,WI_1,9.001983752277372
2016-05-19,FOODS_3_681,CA_1,15.100646299171258
2016-05-19,FOODS_3_681,TX_1,29.930126704866453
2016-05-19,FOODS_3_681,WI_1,2.858066331763888
2016-05-19,FOODS_3_694,CA_1,9.198796038172619
2016-05-19,FOODS_3_694,TX_1,14.938871900282065
2016-05-19,FOODS_3_694,WI_1,16.482205415629434
2016-05-19,FOODS_3_702,CA_1,10.408525795001255
2016-05-19,FOODS_3_702,TX_1,5.050394007607879
2016-05-19,FOODS_3_702,WI_1,16.433849649878567
2016-05-19,FOODS_3_711,CA_1,4.338538800414665
2016-05-19,FOODS_3_711,TX_1,3.556740611626647
2016-05-19,FOODS_3_711,WI_1,4.992787169353268
2016-05-19,FOODS_3_714,CA_1,14.85374344428757
2016-05-19,FOODS_3_714,TX_1,16.095207244430224
2016-05-19,FOODS_3_714,WI_1,14.86951176257448
2016-05-19,FOODS_3_723,CA_1,12.05881298755057
2016-05-19,FOODS_3_723,TX_1,13.833069902912298
2016-05-19,FOODS_3_723,WI_1,9.125040710858176
2016-05-19,FOODS_3_739,CA_1,11.721635722828228
2016-05-19,FOODS_3_739,TX_1,10.663666516252547
2016-05-19,FOODS_3_739,WI_1,7.756828415077961
2016-05-19,FOODS_3_741,CA_1,12.43922153492532
2016-05-19,FOODS_3_741,TX_1,1.9211468695210812
2016-05-19,FOODS_3_741,WI_1,1.5534293150536116
2016-05-19,FOODS_3_744,CA_1,7.746186599913283
2016-05-19,FOODS_3_744,TX_1,2.282859625536725
2016-05-19,FOODS_3_744,WI_1,5.0322876312159215
2016-05-19,FOODS_3_752,CA_1,5.5232834951882515
2016-05-19,FOODS_3_752,TX_1,4.706099806806405
2016-05-19,FOODS_3_752,WI_1,5.5549490412674505
2016-05-19,FOODS_3_755,CA_1,10.245376889109592
2016-05-19,FOODS_3_755,TX_1,2.616492359943603
2016-05-19,FOODS_3_755,WI_1,3.838983771089385
2016-05-19,FOODS_3_764,CA_1,6.033959213998912
2016-05-19,FOODS_3_764,TX_1,5.995000725789796
2016-05-19,FOODS_3_764,WI_1,5.934775472316014
2016-05-19,FOODS_3_785,CA_1,12.778265364256958
2016-05-19,FOODS_3_785,TX_1,10.418842042978048
2016-05-19,FOODS_3_785,WI_1,12.487724876509835
2016-05-19,FOODS_3_808,CA_1,2.641510559375327
2016-05-19,FOODS_3_808,TX_1,3.3471267008294125
2016-05-19,FOODS_3_808,WI_1,6.05814944536858
2016-05-19,FOODS_3_811,CA_1,14.490616278053858
2016-05-19,FOODS_3_811,TX_1,13.008075332561653
2016-05-19,FOODS_3_811,WI_1,3.0264353153585146
2016-05-19,HOBBIES_1_268,CA_1,10.527655941803921
2016-05-19,HOBBIES_1_268,TX_1,4.339538362247266
2016-05-19,HOBBIES_1_268,WI_1,4.738269071185641
2016-05-19,HOBBIES_1_348,CA_1,5.875190571379192
2016-05-19,HOBBIES_1_348,TX_1,3.6240917855803736
2016-05-19,HOBBIES_1_348,WI_1,4.678889311092674
2016-05-19,HOBBIES_1_371,CA_1,8.487052887384609
2016-05-19,HOBBIES_1_371,TX_1,3.118415851446946
2016-05-19,HOBBIES_1_371,WI_1,6.108173229298204
2016-05-19,HOUSEHOLD_1_303,CA_1,5.198670102638882
2016-05-19,HOUSEHOLD_1_303,TX_1,5.814720454763743
2016-05-19,HOUSEHOLD_1_303,WI_1,3.5251716177664862
2016-05-19,HOUSEHOLD_1_327,CA_1,5.218322008185507
2016-05-19,HOUSEHOLD_1_327,TX_1,3.791634984898691
2016-05-19,HOUSEHOLD_1_327,WI_1,3.4961504216354005
2016-05-19,HOUSEHOLD_1_334,CA_1,9.189524322204466
2016-05-19,HOUSEHOLD_1_334,TX_1,7.8359620832729115
2016-05-19,HOUSEHOLD_1_334,WI_1,5.196557466996904
2016-05-19,HOUSEHOLD_1_459,CA_1,2.6960547616440493
2016-05-19,HOUSEHOLD_1_459,TX_1,6.029321968709978
2016-05-19,HOUSEHOLD_1_459,WI_1,5.754384223852145
2016-05-19,HOUSEHOLD_1_521,CA_1,4.999889045248183
2016-05-19,HOUSEHOLD_1_521,TX_1,10.08435934176664
2016-05-19,HOUSEHOLD_1_521,WI_1,3.4971602821300998
2016-05-20,FOODS_1_004,CA_1,6.207300958208851
2016-05-20,FOODS_1_004,TX_1,6.207300958208851
2016-05-20,FOODS_1_004,WI_1,6.207300958208851
2016-05-20,FOODS_1_018,CA_1,11.388107781065044
2016-05-20,FOODS_1_018,TX_1,6.757086413512178
2016-05-20,FOODS_1_018,WI_1,12.3813602853642
2016-05-20,FOODS_1_032,CA_1,2.662659343191423
2016-05-20,FOODS_1_032,TX_1,5.757230509612663
2016-05-20,FOODS_1_032,WI_1,9.082456171429984
2016-05-20,FOODS_1_043,CA_1,6.207300958208851
2016-05-20,FOODS_1_043,TX_1,5.944003190299209
2016-05-20,FOODS_1_043,WI_1,6.207300958208851
2016-05-20,FOODS_1_046,CA_1,8.777216002279017
2016-05-20,FOODS_1_046,TX_1,2.05264569567707
2016-05-20,FOODS_1_046,WI_1,8.50596682379809
2016-05-20,FOODS_1_085,CA_1,10.265936879184158
2016-05-20,FOODS_1_085,TX_1,4.42862886165203
2016-05-20,FOODS_1_085,WI_1,13.813011788455846
2016-05-20,FOODS_1_218,CA_1,8.311821456230055
2016-05-20,FOODS_1_218,TX_1,9.535551877168249
2016-05-20,FOODS_1_218,WI_1,9.7474179210023
2016-05-20,FOODS_2_019,CA_1,14.712752026168353
2016-05-20,FOODS_2_019,TX_1,1.938559422879287
2016-05-20,FOODS_2_019,WI_1,1.2008599923844272
2016-05-20,FOODS_2_181,CA_1,6.008358670592112
2016-05-20,FOODS_2_181,TX_1,17.84275435365458
2016-05-20,FOODS_2_181,WI_1,6.9965189205584455
2016-05-20,FOODS_2_197,CA_1,17.753002343577073
2016-05-20,FOODS_2_197,TX_1,2.858134579602509
2016-05-20,FOODS_2_197,WI_1,2.0901584706470557
2016-05-20,FOODS_2_276,CA_1,9.478880855333573
2016-05-20,FOODS_2_276,TX_1,3.5240403389741743
2016-05-20,FOODS_2_276,WI_1,2.94724016955726
2016-05-20,FOODS_2_347,CA_1,9.683884712088815
2016-05-20,FOODS_2_347,TX_1,6.525065057092289
2016-05-20,FOODS_2_347,WI_1,4.574353057304414
2016-05-20,FOODS_2_360,CA_1,8.355947243083795
2016-05-20,FOODS_2_360,TX_1,6.039800176016322
2016-05-20,FOODS_2_360,WI_1,12.94241324866751
2016-05-20,FOODS_3_007,CA_1,5.935049378773667
2016-05-20,FOODS_3_007,TX_1,4.112057847419228
2016-05-20,FOODS_3_007,WI_1,4.566837390266821
2016-05-20,FOODS_3_030,CA_1,8.008591396978012
2016-05-20,FOODS_3_030,TX_1,9.967997786674694
2016-05-20,FOODS_3_030,WI_1,6.406096359567303
2016-05-20,FOODS_3_042,CA_1,3.0673464383909663
2016-05-20,FOODS_3_042,TX_1,2.4647219683477424
2016-05-20,FOODS_3_042,WI_1,15.734821824773544
2016-05-20,FOODS_3_080,CA_1,18.56409954385792
2016-05-20,FOODS_3_080,TX_1,5.972386012447056
2016-05-20,FOODS_3_080,WI_1,14.039851201767728
2016-05-20,FOODS_3_090,CA_1,53.36746391952826
2016-05-20,FOODS_3_090,TX_1,50.95716863246497
2016-05-20,FOODS_3_090,WI_1,20.529248875191275
2016-05-20,FOODS_3_099,CA_1,13.170874544152893
2016-05-20,FOODS_3_099,TX_1,8.502183195777997
2016-05-20,FOODS_3_099,WI_1,7.8923216416383495
2016-05-20,FOODS_3_120,CA_1,42.64762164727641
2016-05-20,FOODS_3_120,TX_1,15.328756024156139
2016-05-20,FOODS_3_120,WI_1,11.016801697008127
2016-05-20,FOODS_3_202,CA_1,14.830753520491337
2016-05-20,FOODS_3_202,TX_1,22.92120533182163
2016-05-20,FOODS_3_202,WI_1,11.767844128429676
2016-05-20,FOODS_3_226,CA_1,6.078129088501493
2016-05-20,FOODS_3_226,TX_1,15.69974574609546
2016-05-20,FOODS_3_226,WI_1,38.37661972993475
2016-05-20,FOODS_3_228,CA_1,6.618904215463474
2016-05-20,FOODS_3_228,TX_1,4.627282982910764
2016-05-20,FOODS_3_228,WI_1,4.066437513260501
2016-05-20,FOODS_3_234,CA_1,6.91870397146745
2016-05-20,FOODS_3_234,TX_1,5.994696327721939
2016-05-20,FOODS_3_234,WI_1,6.023996706921359
2016-05-20,FOODS_3_252,CA_1,36.24081079343028
2016-05-20,FOODS_3_252,TX_1,27.979578815072003
2016-05-20,FOODS_3_252,WI_1,9.442494016276127
2016-05-20,FOODS_3_281,CA_1,9.937696624111862
2016-05-20,FOODS_3_281,TX_1,3.2461763474154113
2016-05-20,FOODS_3_281,WI_1,6.291635825361184
2016-05-20,FOODS_3_282,CA_1,18.556290400601135
2016-05-20,FOODS_3_282,TX_1,13.056696837181763
2016-05-20,FOODS_3_282,WI_1,11.814341147317055
2016-05-20,FOODS_3_288,CA_1,16.912182297669037
2016-05-20,FOODS_3_288,TX_1,14.506503979390343
2016-05-20,FOODS_3_288,WI_1,10.373987953904466
2016-05-20,FOODS_3_295,CA_1,18.2131352798902
2016-05-20,FOODS_3_295,TX_1,6.832648459365918
2016-05-20,FOODS_3_295,WI_1,9.993889499082409
2016-05-20,FOODS_3_318,CA_1,10.46875954507969
2016-05-20,FOODS_3_318,TX_1,8.163661342959692
2016-05-20,FOODS_3_318,WI_1,14.85833306513179
2016-05-20,FOODS_3_319,CA_1,6.476935821243888
2016-05-20,FOODS_3_319,TX_1,6.09239317903537
2016-05-20,FOODS_3_319,WI_1,5.7234266998064065
2016-05-20,FOODS_3_329,CA_1,11.893252869064446
2016-05-20,FOODS_3_329,TX_1,9.927194499347175
2016-05-20,FOODS_3_329,WI_1,7.632375459817024
2016-05-20,FOODS_3_362,CA_1,13.697929588049137
2016-05-20,FOODS_3_362,TX_1,7.64789193645368
2016-05-20,FOODS_3_362,WI_1,8.895295461005823
2016-05-20,FOODS_3_376,CA_1,5.109361881102515
2016-05-20,FOODS_3_376,TX_1,11.199303356590057
2016-05-20,FOODS_3_376,WI_1,3.177284033183826
2016-05-20,FOODS_3_377,CA_1,8.566892875271488
2016-05-20,FOODS_3_377,TX_1,13.8914615171179
2016-05-20,FOODS_3_377,WI_1,4.521420890510136
2016-05-20,FOODS_3_389,CA_1,7.52773618387067
2016-05-20,FOODS_3_389,TX_1,14.797467982737356
2016-05-20,FOODS_3_389,WI_1,2.8672747752279317
2016-05-20,FOODS_3_406,CA_1,13.038402465552663
2016-05-20,FOODS_3_406,TX_1,4.4209103748062075
2016-05-20,FOODS_3_406,WI_1,5.773485866459569
2016-05-20,FOODS_3_455,CA_1,7.668011854068215
2016-05-20,FOODS_3_455,TX_1,10.250804446074063
2016-05-20,FOODS_3_455,WI_1,1.1387653000069797
2016-05-20,FOODS_3_458,CA_1,6.836870102754291
2016-05-20,FOODS_3_458,TX_1,6.83651078678922
2016-05-20,FOODS_3_458,WI_1,4.303095200510142
2016-05-20,FOODS_3_462,CA_1,5.99976742459825
2016-05-20,FOODS_3_462,TX_1,9.907812869711481
2016-05-20,FOODS_3_462,WI_1,4.332810982257494
2016-05-20,FOODS_3_491,CA_1,10.48443623573458
2016-05-20,FOODS_3_491,TX_1,5.9702086094071465
2016-05-20,FOODS_3_491,WI_1,19.277593650519293
2016-05-20,FOODS_3_499,CA_1,12.423854428209976
2016-05-20,FOODS_3_499,TX_1,7.381289802120066
2016-05-20,FOODS_3_499,WI_1,6.322315129451661
2016-05-20,FOODS_3_501,CA_1,13.985900754305161
2016-05-20,FOODS_3_501,TX_1,5.891537748333855
2016-05-20,FOODS_3_501,WI_1,6.486211834442795
2016-05-20,FOODS_3_516,CA_1,9.207270942195846
2016-05-20,FOODS_3_516,TX_1,7.4466556311004775
2016-05-20,FOODS_3_516,WI_1,9.45307232250031
2016-05-20,FOODS_3_541,CA_1,4.431889401674526
2016-05-20,FOODS_3_541,TX_1,5.313952047724952
2016-05-20,FOODS_3_541,WI_1,6.09239317903537
2016-05-20,FOODS_3_547,CA_1,5.49482593326486
2016-05-20,FOODS_3_547,TX_1,4.663228989577404
2016-05-20,FOODS_3_547,WI_1,4.904484186122044
2016-05-20,FOODS_3_555,CA_1,18.639354406334558
2016-05-20,FOODS_3_555,TX_1,27.541793945712417
2016-05-20,FOODS_3_555,WI_1,10.389944901715632
2016-05-20,FOODS_3_586,CA_1,36.540175458356586
2016-05-20,FOODS_3_586,TX_1,56.092676919936906
2016-05-20,FOODS_3_586,WI_1,15.365810433785855
2016-05-20,FOODS_3_587,CA_1,19.40769291465386
2016-05-20,FOODS_3_587,TX_1,18.891403490937968
2016-05-20,FOODS_3_587,WI_1,12.98989313985288
2016-05-20,FOODS_3_607,CA_1,11.211039217675252
2016-05-20,FOODS_3_607,TX_1,13.313358526962315
2016-05-20,FOODS_3_607,WI_1,3.098201056888361
2016-05-20,FOODS_3_635,CA_1,4.430974668722331
2016-05-20,FOODS_3_635,TX_1,5.0261760802343005
2016-05-20,FOODS_3_635,WI_1,5.7234266998064065
2016-05-20,FOODS_3_668,CA_1,7.847074620062496
2016-05-20,FOODS_3_668,TX_1,2.39960704353301
2016-05-20,FOODS_3_668,WI_1,11.542472100652782
2016-05-20,FOODS_3_681,CA_1,18.944410300696735
2016-05-20,FOODS_3_681,TX_1,35.18188374094702
2016-05-20,FOODS_3_681,WI_1,3.989656694813281
2016-05-20,FOODS_3_694,CA_1,11.282619715262934
2016-05-20,FOODS_3_694,TX_1,18.55040477388441
2016-05-20,FOODS_3_694,WI_1,20.91847853369045
2016-05-20,FOODS_3_702,CA_1,11.69860481287637
2016-05-20,FOODS_3_702,TX_1,5.863781987225316
2016-05-20,FOODS_3_702,WI_1,18.747812898990166
2016-05-20,FOODS_3_711,CA_1,4.353538107273205
2016-05-20,FOODS_3_711,TX_1,4.655582016658807
2016-05-20,FOODS_3_711,WI_1,5.768728944718806
2016-05-20,FOODS_3_714,CA_1,18.703510971770186
2016-05-20,FOODS_3_714,TX_1,20.294455012744198
2016-05-20,FOODS_3_714,WI_1,18.735837336698253
2016-05-20,FOODS_3_723,CA_1,14.275081941985208
2016-05-20,FOODS_3_723,TX_1,18.81447950425361
2016-05-20,FOODS_3_723,WI_1,11.460838129593718
2016-05-20,FOODS_3_739,CA_1,14.073234288784638
2016-05-20,FOODS_3_739,TX_1,13.782892524993677
2016-05-20,FOODS_3_739,WI_1,10.363455210182218
2016-05-20,FOODS_3_741,CA_1,15.541130333496822
2016-05-20,FOODS_3_741,TX_1,1.9534833444388957
2016-05-20,FOODS_3_741,WI_1,1.5354649094815676
2016-05-20,FOODS_3_744,CA_1,8.9733693921511
2016-05-20,FOODS_3_744,TX_1,2.434745252082253
2016-05-20,FOODS_3_744,WI_1,5.873979545923377
2016-05-20,FOODS_3_752,CA_1,4.718414566654222
2016-05-20,FOODS_3_752,TX_1,6.208111489205229
2016-05-20,FOODS_3_752,WI_1,5.707161047870845
2016-05-20,FOODS_3_755,CA_1,12.39306577510763
2016-05-20,FOODS_3_755,TX_1,2.836686091436019
2016-05-20,FOODS_3_755,WI_1,4.573183989616127
2016-05-20,FOODS_3_764,CA_1,7.108985076738263
2016-05-20,FOODS_3_764,TX_1,7.0839244934135195
2016-05-20,FOODS_3_764,WI_1,7.601437379515269
2016-05-20,FOODS_3_785,CA_1,14.673952909868582
2016-05-20,FOODS_3_785,TX_1,11.813398474074207
2016-05-20,FOODS_3_785,WI_1,13.424480567235383
2016-05-20,FOODS_3_808,CA_1,3.0092167641492424
2016-05-20,FOODS_3_808,TX_1,4.472975071723449
2016-05-20,FOODS_3_808,WI_1,6.285683496988551
2016-05-20,FOODS_3_811,CA_1,16.589289590906684
2016-05-20,FOODS_3_811,TX_1,15.998552943484276
2016-05-20,FOODS_3_811,WI_1,3.954575021073312
2016-05-20,HOBBIES_1_268,CA_1,13.068088685547439
2016-05-20,HOBBIES_1_268,TX_1,5.753409609523739
2016-05-20,HOBBIES_1_268,WI_1,5.858495627013571
2016-05-20,HOBBIES_1_348,CA_1,7.0127440736246305
2016-05-20,HOBBIES_1_348,TX_1,4.4176190435072185
2016-05-20,HOBBIES_1_348,WI_1,5.632295093352171
2016-05-20,HOBBIES_1_371,CA_1,10.161009536328796
2016-05-20,HOBBIES_1_371,TX_1,3.5590183768014203
2016-05-20,HOBBIES_1_371,WI_1,6.382158667831334
2016-05-20,HOUSEHOLD_1_303,CA_1,6.360389851863436
2016-05-20,HOUSEHOLD_1_303,TX_1,6.16635936829461
2016-05-20,HOUSEHOLD_1_303,WI_1,4.548259231953889
2016-05-20,HOUSEHOLD_1_327,CA_1,6.398925105267369
2016-05-20,HOUSEHOLD_1_327,TX_1,4.628985558153024
2016-05-20,HOUSEHOLD_1_327,WI_1,4.3961129724618315
2016-05-20,HOUSEHOLD_1_334,CA_1,11.704884070414252
2016-05-20,HOUSEHOLD_1_334,TX_1,9.664549189798024
2016-05-20,HOUSEHOLD_1_334,WI_1,6.257578191196598
2016-05-20,HOUSEHOLD_1_459,CA_1,3.131003807888717
2016-05-20,HOUSEHOLD_1_459,TX_1,7.111525281895072
2016-05-20,HOUSEHOLD_1_459,WI_1,6.402094782846363
2016-05-20,HOUSEHOLD_1_521,CA_1,6.118511376205819
2016-05-20,HOUSEHOLD_1_521,TX_1,11.671046096196102
2016-05-20,HOUSEHOLD_1_521,WI_1,4.431064170651749
2016-05-21,FOODS_1_004,CA_1,7.263234842813652
2016-05-21,FOODS_1_004,TX_1,7.263234842813652
2016-05-21,FOODS_1_004,WI_1,7.263234842813652
2016-05-21,FOODS_1_018,CA_1,13.842499671777563
2016-05-21,FOODS_1_018,TX_1,8.990407054386578
2016-05-21,FOODS_1_018,WI_1,15.349846188625627
2016-05-21,FOODS_1_032,CA_1,3.0810092269164358
2016-05-21,FOODS_1_032,TX_1,7.182184195426097
2016-05-21,FOODS_1_032,WI_1,10.795098102282768
2016-05-21,FOODS_1_043,CA_1,7.263234842813652
2016-05-21,FOODS_1_043,TX_1,7.380349881540666
2016-05-21,FOODS_1_043,WI_1,7.263234842813652
2016-05-21,FOODS_1_046,CA_1,10.752402126552086
2016-05-21,FOODS_1_046,TX_1,2.4927308429724384
2016-05-21,FOODS_1_046,WI_1,10.267900171344355
2016-05-21,FOODS_1_085,CA_1,11.166701502653165
2016-05-21,FOODS_1_085,TX_1,5.0600277086898835
2016-05-21,FOODS_1_085,WI_1,16.529392060038727
2016-05-21,FOODS_1_218,CA_1,9.029318220585528
2016-05-21,FOODS_1_218,TX_1,11.92254649910858
2016-05-21,FOODS_1_218,WI_1,12.603932854590614
2016-05-21,FOODS_2_019,CA_1,20.691855714104687
2016-05-21,FOODS_2_019,TX_1,2.4217458841530863
2016-05-21,FOODS_2_019,WI_1,1.8512004840432335
2016-05-21,FOODS_2_181,CA_1,7.217835334435961
2016-05-21,FOODS_2_181,TX_1,22.67407428902064
2016-05-21,FOODS_2_181,WI_1,8.48673399675244
2016-05-21,FOODS_2_197,CA_1,25.45546328552577
2016-05-21,FOODS_2_197,TX_1,3.8201479613852847
2016-05-21,FOODS_2_197,WI_1,2.868444239068203
2016-05-21,FOODS_2_276,CA_1,12.414740521985317
2016-05-21,FOODS_2_276,TX_1,3.9024130248395625
2016-05-21,FOODS_2_276,WI_1,3.722499274214241
2016-05-21,FOODS_2_347,CA_1,11.50970002423597
2016-05-21,FOODS_2_347,TX_1,7.867609555342506
2016-05-21,FOODS_2_347,WI_1,5.582553782034108
2016-05-21,FOODS_2_360,CA_1,11.330702611072208
2016-05-21,FOODS_2_360,TX_1,7.129543768058508
2016-05-21,FOODS_2_360,WI_1,17.185625703204977
2016-05-21,FOODS_3_007,CA_1,7.126908209191712
2016-05-21,FOODS_3_007,TX_1,4.577909807867738
2016-05-21,FOODS_3_007,WI_1,5.062756484223601
2016-05-21,FOODS_3_030,CA_1,9.3056614457516
2016-05-21,FOODS_3_030,TX_1,12.078253938376958
2016-05-21,FOODS_3_030,WI_1,7.795741922391791
2016-05-21,FOODS_3_042,CA_1,3.8219640650695457
2016-05-21,FOODS_3_042,TX_1,2.9248653478411764
2016-05-21,FOODS_3_042,WI_1,19.33799508027131
2016-05-21,FOODS_3_080,CA_1,22.921020538486896
2016-05-21,FOODS_3_080,TX_1,7.113324299736986
2016-05-21,FOODS_3_080,WI_1,16.417616808713614
2016-05-21,FOODS_3_090,CA_1,69.27539992941273
2016-05-21,FOODS_3_090,TX_1,63.903100398280365
2016-05-21,FOODS_3_090,WI_1,27.551509798616326
2016-05-21,FOODS_3_099,CA_1,17.903835751968778
2016-05-21,FOODS_3_099,TX_1,11.449832201089867
2016-05-21,FOODS_3_099,WI_1,10.429619221977168
2016-05-21,FOODS_3_120,CA_1,54.29703892364003
2016-05-21,FOODS_3_120,TX_1,21.13919414415307
2016-05-21,FOODS_3_120,WI_1,13.884523589758437
2016-05-21,FOODS_3_202,CA_1,20.440120646314917
2016-05-21,FOODS_3_202,TX_1,37.82948864086826
2016-05-21,FOODS_3_202,WI_1,14.369075530095245
2016-05-21,FOODS_3_226,CA_1,7.197426565557801
2016-05-21,FOODS_3_226,TX_1,18.943137980022932
2016-05-21,FOODS_3_226,WI_1,45.322591079728916
2016-05-21,FOODS_3_228,CA_1,7.846152257116239
2016-05-21,FOODS_3_228,TX_1,5.4414140917259965
2016-05-21,FOODS_3_228,WI_1,4.262999628889256
2016-05-21,FOODS_3_234,CA_1,8.73480558384608
2016-05-21,FOODS_3_234,TX_1,9.191069815184028
2016-05-21,FOODS_3_234,WI_1,7.535931394503695
2016-05-21,FOODS_3_252,CA_1,47.40522590068631
2016-05-21,FOODS_3_252,TX_1,40.01223122073726
2016-05-21,FOODS_3_252,WI_1,12.442315503362487
2016-05-21,FOODS_3_281,CA_1,12.305925639829436
2016-05-21,FOODS_3_281,TX_1,4.0080334062785035
2016-05-21,FOODS_3_281,WI_1,7.599619016259539
2016-05-21,FOODS_3_282,CA_1,25.17838997018087
2016-05-21,FOODS_3_282,TX_1,17.214619615475982
2016-05-21,FOODS_3_282,WI_1,15.097606756005153
2016-05-21,FOODS_3_288,CA_1,20.439460184350857
2016-05-21,FOODS_3_288,TX_1,17.507630170110378
2016-05-21,FOODS_3_288,WI_1,12.26116076766454
2016-05-21,FOODS_3_295,CA_1,24.15838906988497
2016-05-21,FOODS_3_295,TX_1,8.996358190960818
2016-05-21,FOODS_3_295,WI_1,11.888185196298515
2016-05-21,FOODS_3_318,CA_1,11.483662477966115
2016-05-21,FOODS_3_318,TX_1,10.045408895533978
2016-05-21,FOODS_3_318,WI_1,20.837996743420582
2016-05-21,FOODS_3_319,CA_1,7.616156336781927
2016-05-21,FOODS_3_319,TX_1,8.185688243586505
2016-05-21,FOODS_3_319,WI_1,7.183095333064002
2016-05-21,FOODS_3_329,CA_1,15.037892898882427
2016-05-21,FOODS_3_329,TX_1,14.337431742453296
2016-05-21,FOODS_3_329,WI_1,10.740192214597242
2016-05-21,FOODS_3_362,CA_1,19.486467984203326
2016-05-21,FOODS_3_362,TX_1,10.063992392657843
2016-05-21,FOODS_3_362,WI_1,12.574478823466979
2016-05-21,FOODS_3_376,CA_1,6.110268138253934
2016-05-21,FOODS_3_376,TX_1,13.46688995733862
2016-05-21,FOODS_3_376,WI_1,3.826166301079658
2016-05-21,FOODS_3_377,CA_1,10.710953021968317
2016-05-21,FOODS_3_377,TX_1,16.84886240198609
2016-05-21,FOODS_3_377,WI_1,5.19193282770338
2016-05-21,FOODS_3_389,CA_1,8.662516450718906
2016-05-21,FOODS_3_389,TX_1,18.133021396775458
2016-05-21,FOODS_3_389,WI_1,3.160395957214051
2016-05-21,FOODS_3_406,CA_1,15.746461284380768
2016-05-21,FOODS_3_406,TX_1,5.066860922195765
2016-05-21,FOODS_3_406,WI_1,7.466437523318342
2016-05-21,FOODS_3_455,CA_1,10.977447102962744
2016-05-21,FOODS_3_455,TX_1,13.640922947252566
2016-05-21,FOODS_3_455,WI_1,1.498820909728694
2016-05-21,FOODS_3_458,CA_1,8.430812365643916
2016-05-21,FOODS_3_458,TX_1,7.809076479072489
2016-05-21,FOODS_3_458,WI_1,5.104288032767187
2016-05-21,FOODS_3_462,CA_1,7.359928560751183
2016-05-21,FOODS_3_462,TX_1,12.420233373058585
2016-05-21,FOODS_3_462,WI_1,4.967098750711379
2016-05-21,FOODS_3_491,CA_1,11.704073444477695
2016-05-21,FOODS_3_491,TX_1,7.1491828290304
2016-05-21,FOODS_3_491,WI_1,22.427580164326447
2016-05-21,FOODS_3_499,CA_1,17.092175461253024
2016-05-21,FOODS_3_499,TX_1,8.755896391451776
2016-05-21,FOODS_3_499,WI_1,7.99663398241464
2016-05-21,FOODS_3_501,CA_1,20.792656057130447
2016-05-21,FOODS_3_501,TX_1,7.434388695991697
2016-05-21,FOODS_3_501,WI_1,8.729090390447352
2016-05-21,FOODS_3_516,CA_1,12.643595438003242
2016-05-21,FOODS_3_516,TX_1,9.132517388151289
2016-05-21,FOODS_3_516,WI_1,12.443055978897625
2016-05-21,FOODS_3_541,CA_1,5.06029908476776
2016-05-21,FOODS_3_541,TX_1,7.715616543312117
2016-05-21,FOODS_3_541,WI_1,8.185688243586505
2016-05-21,FOODS_3_547,CA_1,7.0643523387443885
2016-05-21,FOODS_3_547,TX_1,5.064829840800995
2016-05-21,FOODS_3_547,WI_1,6.167072691394721
2016-05-21,FOODS_3_555,CA_1,23.069610289663093
2016-05-21,FOODS_3_555,TX_1,36.264335942194094
2016-05-21,FOODS_3_555,WI_1,12.487601639878982
2016-05-21,FOODS_3_586,CA_1,46.80432546516074
2016-05-21,FOODS_3_586,TX_1,69.3033306051375
2016-05-21,FOODS_3_586,WI_1,19.15147208974993
2016-05-21,FOODS_3_587,CA_1,25.2607392072034
2016-05-21,FOODS_3_587,TX_1,27.729939454455057
2016-05-21,FOODS_3_587,WI_1,17.995935220358852
2016-05-21,FOODS_3_607,CA_1,14.598150367154915
2016-05-21,FOODS_3_607,TX_1,18.7875160525331
2016-05-21,FOODS_3_607,WI_1,3.8838952508603417
2016-05-21,FOODS_3_635,CA_1,5.2079334199648795
2016-05-21,FOODS_3_635,TX_1,7.04071417306437
2016-05-21,FOODS_3_635,WI_1,7.183095333064002
2016-05-21,FOODS_3_668,CA_1,10.133291206522673
2016-05-21,FOODS_3_668,TX_1,3.0433424117046077
2016-05-21,FOODS_3_668,WI_1,14.22719565198263
2016-05-21,FOODS_3_681,CA_1,23.29074136639601
2016-05-21,FOODS_3_681,TX_1,46.919980070136226
2016-05-21,FOODS_3_681,WI_1,4.082936157271282
2016-05-21,FOODS_3_694,CA_1,14.589623407644245
2016-05-21,FOODS_3_694,TX_1,22.989256268735097
2016-05-21,FOODS_3_694,WI_1,25.90169534815542
2016-05-21,FOODS_3_702,CA_1,15.276273446989713
2016-05-21,FOODS_3_702,TX_1,7.127819095075207
2016-05-21,FOODS_3_702,WI_1,26.93591723892622
2016-05-21,FOODS_3_711,CA_1,4.744016623565095
2016-05-21,FOODS_3_711,TX_1,4.631581468853051
2016-05-21,FOODS_3_711,WI_1,6.605487984415967
2016-05-21,FOODS_3_714,CA_1,23.257505047630005
2016-05-21,FOODS_3_714,TX_1,26.69706915155043
2016-05-21,FOODS_3_714,WI_1,23.4504593369441
2016-05-21,FOODS_3_723,CA_1,17.031189728906018
2016-05-21,FOODS_3_723,TX_1,20.876795336639983
2016-05-21,FOODS_3_723,WI_1,14.870030755498185
2016-05-21,FOODS_3_739,CA_1,17.028024599226004
2016-05-21,FOODS_3_739,TX_1,15.941296093335943
2016-05-21,FOODS_3_739,WI_1,12.133524451645412
2016-05-21,FOODS_3_741,CA_1,18.21968987237677
2016-05-21,FOODS_3_741,TX_1,2.3907237545109448
2016-05-21,FOODS_3_741,WI_1,1.8815407058029212
2016-05-21,FOODS_3_744,CA_1,11.168331957634347
2016-05-21,FOODS_3_744,TX_1,3.0026459315935057
2016-05-21,FOODS_3_744,WI_1,6.954528754016816
2016-05-21,FOODS_3_752,CA_1,5.930880427720426
2016-05-21,FOODS_3_752,TX_1,7.0756585575038375
2016-05-21,FOODS_3_752,WI_1,7.68789597401982
2016-05-21,FOODS_3_755,CA_1,15.894530392665768
2016-05-21,FOODS_3_755,TX_1,3.5913567219724736
2016-05-21,FOODS_3_755,WI_1,5.648825676720466
2016-05-21,FOODS_3_764,CA_1,8.582618698812908
2016-05-21,FOODS_3_764,TX_1,8.548439343304397
2016-05-21,FOODS_3_764,WI_1,8.59661510276463
2016-05-21,FOODS_3_785,CA_1,19.209907236727187
2016-05-21,FOODS_3_785,TX_1,14.638374391447833
2016-05-21,FOODS_3_785,WI_1,18.629819419694567
2016-05-21,FOODS_3_808,CA_1,3.9736403851652526
2016-05-21,FOODS_3_808,TX_1,5.081179914614098
2016-05-21,FOODS_3_808,WI_1,8.300261494213776
2016-05-21,FOODS_3_811,CA_1,23.88047082323636
2016-05-21,FOODS_3_811,TX_1,19.612797345608737
2016-05-21,FOODS_3_811,WI_1,4.359449579660572
2016-05-21,HOBBIES_1_268,CA_1,10.603661719066235
2016-05-21,HOBBIES_1_268,TX_1,6.65127081489475
2016-05-21,HOBBIES_1_268,WI_1,8.169995605066884
2016-05-21,HOBBIES_1_348,CA_1,9.270476666026958
2016-05-21,HOBBIES_1_348,TX_1,5.281506458217446
2016-05-21,HOBBIES_1_348,WI_1,7.3657363485667755
2016-05-21,HOBBIES_1_371,CA_1,9.151667410247647
2016-05-21,HOBBIES_1_371,TX_1,3.775139297526622
2016-05-21,HOBBIES_1_371,WI_1,9.977197495964559
2016-05-21,HOUSEHOLD_1_303,CA_1,8.106030008842101
2016-05-21,HOUSEHOLD_1_303,TX_1,8.768240881889593
2016-05-21,HOUSEHOLD_1_303,WI_1,5.130206922390711
2016-05-21,HOUSEHOLD_1_327,CA_1,8.397512722681677
2016-05-21,HOUSEHOLD_1_327,TX_1,5.773524102792042
2016-05-21,HOUSEHOLD_1_327,WI_1,5.0485599306926865
2016-05-21,HOUSEHOLD_1_334,CA_1,13.823584381876476
2016-05-21,HOUSEHOLD_1_334,TX_1,11.646143011170436
2016-05-21,HOUSEHOLD_1_334,WI_1,7.8307002974789555
2016-05-21,HOUSEHOLD_1_459,CA_1,3.9158101381316577
2016-05-21,HOUSEHOLD_1_459,TX_1,8.58508124954034
2016-05-21,HOUSEHOLD_1_459,WI_1,8.043522366947768
2016-05-21,HOUSEHOLD_1_521,CA_1,7.577142922369265
2016-05-21,HOUSEHOLD_1_521,TX_1,13.781060688485914
2016-05-21,HOUSEHOLD_1_521,WI_1,5.151217392848999
2016-05-22,FOODS_1_004,CA_1,7.354629743691434
2016-05-22,FOODS_1_004,TX_1,7.354629743691434
2016-05-22,FOODS_1_004,WI_1,7.354629743691434
2016-05-22,FOODS_1_018,CA_1,13.061609583953759
2016-05-22,FOODS_1_018,TX_1,8.272670734699865
2016-05-22,FOODS_1_018,WI_1,13.605348723379297
2016-05-22,FOODS_1_032,CA_1,3.000208892935309
2016-05-22,FOODS_1_032,TX_1,7.203801188071407
2016-05-22,FOODS_1_032,WI_1,10.754184547770302
2016-05-22,FOODS_1_043,CA_1,7.354629743691434
2016-05-22,FOODS_1_043,TX_1,7.622199588548406
2016-05-22,FOODS_1_043,WI_1,7.354629743691434
2016-05-22,FOODS_1_046,CA_1,10.350662596400515
2016-05-22,FOODS_1_046,TX_1,2.462388913371599
2016-05-22,FOODS_1_046,WI_1,10.182582776860402
2016-05-22,FOODS_1_085,CA_1,10.700434347702899
2016-05-22,FOODS_1_085,TX_1,4.944437359174554
2016-05-22,FOODS_1_085,WI_1,16.830824237352502
2016-05-22,FOODS_1_218,CA_1,8.806691745793279
2016-05-22,FOODS_1_218,TX_1,12.032222468862063
2016-05-22,FOODS_1_218,WI_1,11.035577334467325
2016-05-22,FOODS_2_019,CA_1,20.878249977373176
2016-05-22,FOODS_2_019,TX_1,2.485866653473432
2016-05-22,FOODS_2_019,WI_1,1.7888977831012642
2016-05-22,FOODS_2_181,CA_1,7.437394129390084
2016-05-22,FOODS_2_181,TX_1,22.007861121879635
2016-05-22,FOODS_2_181,WI_1,8.659249116595056
2016-05-22,FOODS_2_197,CA_1,26.61647380216636
2016-05-22,FOODS_2_197,TX_1,3.7026257688085678
2016-05-22,FOODS_2_197,WI_1,3.0213909232445837
2016-05-22,FOODS_2_276,CA_1,13.409707615029205
2016-05-22,FOODS_2_276,TX_1,3.8856109315750023
2016-05-22,FOODS_2_276,WI_1,3.7236396963316025
2016-05-22,FOODS_2_347,CA_1,11.435816305662723
2016-05-22,FOODS_2_347,TX_1,8.61476910895271
2016-05-22,FOODS_2_347,WI_1,5.436385585812254
2016-05-22,FOODS_2_360,CA_1,11.462786422177155
2016-05-22,FOODS_2_360,TX_1,7.203339430750829
2016-05-22,FOODS_2_360,WI_1,16.85759460774259
2016-05-22,FOODS_3_007,CA_1,7.382469697501622
2016-05-22,FOODS_3_007,TX_1,4.47478279810855
2016-05-22,FOODS_3_007,WI_1,5.547686158476421
2016-05-22,FOODS_3_030,CA_1,8.968110511732016
2016-05-22,FOODS_3_030,TX_1,11.189936874205587
2016-05-22,FOODS_3_030,WI_1,7.701362742936464
2016-05-22,FOODS_3_042,CA_1,3.736808731312552
2016-05-22,FOODS_3_042,TX_1,2.984722979533545
2016-05-22,FOODS_3_042,WI_1,19.024849721996016
2016-05-22,FOODS_3_080,CA_1,22.778672172806875
2016-05-22,FOODS_3_080,TX_1,7.057648871666592
2016-05-22,FOODS_3_080,WI_1,16.247695539627458
2016-05-22,FOODS_3_090,CA_1,68.2487336865388
2016-05-22,FOODS_3_090,TX_1,67.52381546449548
2016-05-22,FOODS_3_090,WI_1,25.650588774948602
2016-05-22,FOODS_3_099,CA_1,18.016494292704795
2016-05-22,FOODS_3_099,TX_1,12.055402087647524
2016-05-22,FOODS_3_099,WI_1,10.705284971907801
2016-05-22,FOODS_3_120,CA_1,56.409131719663655
2016-05-22,FOODS_3_120,TX_1,20.041879871511984
2016-05-22,FOODS_3_120,WI_1,14.454715222863783
2016-05-22,FOODS_3_202,CA_1,20.193266742368117
2016-05-22,FOODS_3_202,TX_1,38.42897509878198
2016-05-22,FOODS_3_202,WI_1,14.542834970496049
2016-05-22,FOODS_3_226,CA_1,7.410194332783755
2016-05-22,FOODS_3_226,TX_1,18.703679056986722
2016-05-22,FOODS_3_226,WI_1,44.91114306328319
2016-05-22,FOODS_3_228,CA_1,8.238131333282643
2016-05-22,FOODS_3_228,TX_1,5.146620717645303
2016-05-22,FOODS_3_228,WI_1,4.107891398387874
2016-05-22,FOODS_3_234,CA_1,8.708861062626916
2016-05-22,FOODS_3_234,TX_1,7.305906910438178
2016-05-22,FOODS_3_234,WI_1,7.773709155065154
2016-05-22,FOODS_3_252,CA_1,46.88709640097776
2016-05-22,FOODS_3_252,TX_1,39.68631887056562
2016-05-22,FOODS_3_252,WI_1,10.843474266631395
2016-05-22,FOODS_3_281,CA_1,11.944864783380313
2016-05-22,FOODS_3_281,TX_1,3.7444871015380077
2016-05-22,FOODS_3_281,WI_1,7.710218987939738
2016-05-22,FOODS_3_282,CA_1,27.7679989186971
2016-05-22,FOODS_3_282,TX_1,18.06193524257109
2016-05-22,FOODS_3_282,WI_1,15.047932992623203
2016-05-22,FOODS_3_288,CA_1,20.856338622519733
2016-05-22,FOODS_3_288,TX_1,16.809040504877352
2016-05-22,FOODS_3_288,WI_1,11.457326506822687
2016-05-22,FOODS_3_295,CA_1,24.48575031364708
2016-05-22,FOODS_3_295,TX_1,8.893081870952585
2016-05-22,FOODS_3_295,WI_1,11.568869801294056
2016-05-22,FOODS_3_318,CA_1,11.306284255684584
2016-05-22,FOODS_3_318,TX_1,10.016652674492162
2016-05-22,FOODS_3_318,WI_1,17.697637634646888
2016-05-22,FOODS_3_319,CA_1,7.759838018982092
2016-05-22,FOODS_3_319,TX_1,7.715601206383712
2016-05-22,FOODS_3_319,WI_1,7.445687864077841
2016-05-22,FOODS_3_329,CA_1,15.278576262992326
2016-05-22,FOODS_3_329,TX_1,14.141414664687266
2016-05-22,FOODS_3_329,WI_1,10.434099218165903
2016-05-22,FOODS_3_362,CA_1,19.468595947991204
2016-05-22,FOODS_3_362,TX_1,9.502666756885025
2016-05-22,FOODS_3_362,WI_1,11.223574203263768
2016-05-22,FOODS_3_376,CA_1,5.967096595582304
2016-05-22,FOODS_3_376,TX_1,14.23280682822319
2016-05-22,FOODS_3_376,WI_1,3.8312751985282216
2016-05-22,FOODS_3_377,CA_1,10.83804874396193
2016-05-22,FOODS_3_377,TX_1,16.703200326415686
2016-05-22,FOODS_3_377,WI_1,5.022877061263067
2016-05-22,FOODS_3_389,CA_1,8.889180642746872
2016-05-22,FOODS_3_389,TX_1,18.388251665019652
2016-05-22,FOODS_3_389,WI_1,3.214694464734153
2016-05-22,FOODS_3_406,CA_1,15.777224129279075
2016-05-22,FOODS_3_406,TX_1,5.041151129611085
2016-05-22,FOODS_3_406,WI_1,7.432789368849682
2016-05-22,FOODS_3_455,CA_1,10.75685184858205
2016-05-22,FOODS_3_455,TX_1,14.048379943392684
2016-05-22,FOODS_3_455,WI_1,1.455996999256742
2016-05-22,FOODS_3_458,CA_1,8.72416985733111
2016-05-22,FOODS_3_458,TX_1,8.01628918122856
2016-05-22,FOODS_3_458,WI_1,4.912458466824326
2016-05-22,FOODS_3_462,CA_1,7.168898593609587
2016-05-22,FOODS_3_462,TX_1,12.426237895187189
2016-05-22,FOODS_3_462,WI_1,4.859862451294242
2016-05-22,FOODS_3_491,CA_1,12.459487782478424
2016-05-22,FOODS_3_491,TX_1,8.30650101916524
2016-05-22,FOODS_3_491,WI_1,24.82264232372605
2016-05-22,FOODS_3_499,CA_1,17.068561262961484
2016-05-22,FOODS_3_499,TX_1,8.666923397399792
2016-05-22,FOODS_3_499,WI_1,8.262969911504664
2016-05-22,FOODS_3_501,CA_1,21.659872053015903
2016-05-22,FOODS_3_501,TX_1,7.717010113310716
2016-05-22,FOODS_3_501,WI_1,8.515548339179379
2016-05-22,FOODS_3_516,CA_1,11.58895470170172
2016-05-22,FOODS_3_516,TX_1,8.83204293996651
2016-05-22,FOODS_3_516,WI_1,12.151449608715
2016-05-22,FOODS_3_541,CA_1,5.04425863061064
2016-05-22,FOODS_3_541,TX_1,7.516511948415283
2016-05-22,FOODS_3_541,WI_1,7.715601206383712
2016-05-22,FOODS_3_547,CA_1,7.042655123714505
2016-05-22,FOODS_3_547,TX_1,5.137872500816571
2016-05-22,FOODS_3_547,WI_1,4.731105447756382
2016-05-22,FOODS_3_555,CA_1,23.303664588775376
2016-05-22,FOODS_3_555,TX_1,34.33906160374177
2016-05-22,FOODS_3_555,WI_1,11.310186491568905
2016-05-22,FOODS_3_586,CA_1,51.36119002103863
2016-05-22,FOODS_3_586,TX_1,70.1792567826812
2016-05-22,FOODS_3_586,WI_1,18.383686436779573
2016-05-22,FOODS_3_587,CA_1,25.581088636192593
2016-05-22,FOODS_3_587,TX_1,25.65064854721044
2016-05-22,FOODS_3_587,WI_1,18.358832952830237
2016-05-22,FOODS_3_607,CA_1,14.776325977142987
2016-05-22,FOODS_3_607,TX_1,19.02205572102333
2016-05-22,FOODS_3_607,WI_1,3.8056861866084053
2016-05-22,FOODS_3_635,CA_1,5.06016072695057
2016-05-22,FOODS_3_635,TX_1,6.868201446436611
2016-05-22,FOODS_3_635,WI_1,7.445687864077841
2016-05-22,FOODS_3_668,CA_1,9.809032148456641
2016-05-22,FOODS_3_668,TX_1,2.888614569447428
2016-05-22,FOODS_3_668,WI_1,13.131267398160524
2016-05-22,FOODS_3_681,CA_1,23.419266749682947
2016-05-22,FOODS_3_681,TX_1,47.9201526953698
2016-05-22,FOODS_3_681,WI_1,3.8847909081076324
2016-05-22,FOODS_3_694,CA_1,13.910061524829683
2016-05-22,FOODS_3_694,TX_1,23.561271482833103
2016-05-22,FOODS_3_694,WI_1,25.749891332133203
2016-05-22,FOODS_3_702,CA_1,14.758437916252676
2016-05-22,FOODS_3_702,TX_1,7.082262414607234
2016-05-22,FOODS_3_702,WI_1,25.456037306603953
2016-05-22,FOODS_3_711,CA_1,4.698963388581604
2016-05-22,FOODS_3_711,TX_1,4.671958105794909
2016-05-22,FOODS_3_711,WI_1,7.129053351046432
2016-05-22,FOODS_3_714,CA_1,23.065980981549853
2016-05-22,FOODS_3_714,TX_1,25.85178647303982
2016-05-22,FOODS_3_714,WI_1,21.840215189757306
2016-05-22,FOODS_3_723,CA_1,16.533671112131838
2016-05-22,FOODS_3_723,TX_1,20.78506953351236
2016-05-22,FOODS_3_723,WI_1,13.921800147170222
2016-05-22,FOODS_3_739,CA_1,15.916301981038641
2016-05-22,FOODS_3_739,TX_1,15.851614840926686
2016-05-22,FOODS_3_739,WI_1,11.229457525110703
2016-05-22,FOODS_3_741,CA_1,18.864268489022535
2016-05-22,FOODS_3_741,TX_1,2.2456663452909016
2016-05-22,FOODS_3_741,WI_1,1.7310366025572361
2016-05-22,FOODS_3_744,CA_1,11.70642773185421
2016-05-22,FOODS_3_744,TX_1,3.000618790272152
2016-05-22,FOODS_3_744,WI_1,7.271465200121635
2016-05-22,FOODS_3_752,CA_1,6.025959885075081
2016-05-22,FOODS_3_752,TX_1,6.948927192708592
2016-05-22,FOODS_3_752,WI_1,7.2780836677009555
2016-05-22,FOODS_3_755,CA_1,16.706460538661634
2016-05-22,FOODS_3_755,TX_1,3.2877235783169203
2016-05-22,FOODS_3_755,WI_1,5.218739203235481
2016-05-22,FOODS_3_764,CA_1,8.55076582030765
2016-05-22,FOODS_3_764,TX_1,8.402617558913906
2016-05-22,FOODS_3_764,WI_1,8.664510309427408
2016-05-22,FOODS_3_785,CA_1,20.6474379479472
2016-05-22,FOODS_3_785,TX_1,16.355532080095358
2016-05-22,FOODS_3_785,WI_1,19.465943751303595
2016-05-22,FOODS_3_808,CA_1,3.711681535005235
2016-05-22,FOODS_3_808,TX_1,4.845712110813539
2016-05-22,FOODS_3_808,WI_1,8.080501437460194
2016-05-22,FOODS_3_811,CA_1,23.093090244880567
2016-05-22,FOODS_3_811,TX_1,19.895060556671446
2016-05-22,FOODS_3_811,WI_1,4.278624272237578
2016-05-22,HOBBIES_1_268,CA_1,11.527299328954474
2016-05-22,HOBBIES_1_268,TX_1,6.478499460316296
2016-05-22,HOBBIES_1_268,WI_1,7.5953255201298715
2016-05-22,HOBBIES_1_348,CA_1,9.91811435165946
2016-05-22,HOBBIES_1_348,TX_1,5.120296918715077
2016-05-22,HOBBIES_1_348,WI_1,7.745654199410381
2016-05-22,HOBBIES_1_371,CA_1,8.969680341561965
2016-05-22,HOBBIES_1_371,TX_1,4.090953964992329
2016-05-22,HOBBIES_1_371,WI_1,7.321249797414328
2016-05-22,HOUSEHOLD_1_303,CA_1,7.776031913248175
2016-05-22,HOUSEHOLD_1_303,TX_1,8.76602883979388
2016-05-22,HOUSEHOLD_1_303,WI_1,4.89462794909203
2016-05-22,HOUSEHOLD_1_327,CA_1,7.8117173062152
2016-05-22,HOUSEHOLD_1_327,TX_1,5.363857460759769
2016-05-22,HOUSEHOLD_1_327,WI_1,4.887781866203926
2016-05-22,HOUSEHOLD_1_334,CA_1,12.992628124627863
2016-05-22,HOUSEHOLD_1_334,TX_1,11.939625304844663
2016-05-22,HOUSEHOLD_1_334,WI_1,7.753826638359918
2016-05-22,HOUSEHOLD_1_459,CA_1,3.727560818266233
2016-05-22,HOUSEHOLD_1_459,TX_1,8.474724546321005
2016-05-22,HOUSEHOLD_1_459,WI_1,7.852741175605115
2016-05-22,HOUSEHOLD_1_521,CA_1,7.440183577005632
2016-05-22,HOUSEHOLD_1_521,TX_1,15.276366028811024
2016-05-22,HOUSEHOLD_1_521,WI_1,4.8533724053916805
